dataset,candidate_id,transformation,source_features,validation_score,gain,evaluation_time,status,error
breast_cancer,LOG(mean radius),LOG,['mean radius'],0.9767441860465116,-0.011627906976744207,0.00684666633605957,success,
breast_cancer,SQRT(mean radius),SQRT,['mean radius'],0.9767441860465116,-0.011627906976744207,0.004339694976806641,success,
breast_cancer,SQUARE(mean radius),SQUARE,['mean radius'],0.9767441860465116,-0.011627906976744207,0.004261970520019531,success,
breast_cancer,ABS(mean radius),ABS,['mean radius'],0.9767441860465116,-0.011627906976744207,0.004491090774536133,success,
breast_cancer,LOG(mean texture),LOG,['mean texture'],0.9767441860465116,-0.011627906976744207,0.006138324737548828,success,
breast_cancer,SQRT(mean texture),SQRT,['mean texture'],0.9883720930232558,0.0,0.00466156005859375,success,
breast_cancer,SQUARE(mean texture),SQUARE,['mean texture'],0.9767441860465116,-0.011627906976744207,0.00432133674621582,success,
breast_cancer,ABS(mean texture),ABS,['mean texture'],0.9767441860465116,-0.011627906976744207,0.004331827163696289,success,
breast_cancer,LOG(mean perimeter),LOG,['mean perimeter'],0.9767441860465116,-0.011627906976744207,0.0055582523345947266,success,
breast_cancer,SQRT(mean perimeter),SQRT,['mean perimeter'],0.9767441860465116,-0.011627906976744207,0.004219770431518555,success,
breast_cancer,SQUARE(mean perimeter),SQUARE,['mean perimeter'],0.9767441860465116,-0.011627906976744207,0.005041837692260742,success,
breast_cancer,ABS(mean perimeter),ABS,['mean perimeter'],0.9767441860465116,-0.011627906976744207,0.004108428955078125,success,
breast_cancer,LOG(mean area),LOG,['mean area'],0.9767441860465116,-0.011627906976744207,0.006033182144165039,success,
breast_cancer,SQRT(mean area),SQRT,['mean area'],0.9767441860465116,-0.011627906976744207,0.004639863967895508,success,
breast_cancer,SQUARE(mean area),SQUARE,['mean area'],0.9883720930232558,0.0,0.0042705535888671875,success,
breast_cancer,ABS(mean area),ABS,['mean area'],0.9883720930232558,0.0,0.004016876220703125,success,
breast_cancer,LOG(mean smoothness),LOG,['mean smoothness'],0.9883720930232558,0.0,0.0053369998931884766,success,
breast_cancer,SQRT(mean smoothness),SQRT,['mean smoothness'],0.9883720930232558,0.0,0.005033731460571289,success,
breast_cancer,SQUARE(mean smoothness),SQUARE,['mean smoothness'],0.9767441860465116,-0.011627906976744207,0.004008293151855469,success,
breast_cancer,ABS(mean smoothness),ABS,['mean smoothness'],0.9767441860465116,-0.011627906976744207,0.0041730403900146484,success,
breast_cancer,LOG(mean compactness),LOG,['mean compactness'],0.9767441860465116,-0.011627906976744207,0.00498509407043457,success,
breast_cancer,SQRT(mean compactness),SQRT,['mean compactness'],0.9883720930232558,0.0,0.005109310150146484,success,
breast_cancer,SQUARE(mean compactness),SQUARE,['mean compactness'],0.9767441860465116,-0.011627906976744207,0.004094600677490234,success,
breast_cancer,ABS(mean compactness),ABS,['mean compactness'],0.9883720930232558,0.0,0.004006385803222656,success,
breast_cancer,LOG(mean concavity),LOG,['mean concavity'],0.9883720930232558,0.0,0.00622868537902832,success,
breast_cancer,SQRT(mean concavity),SQRT,['mean concavity'],0.9767441860465116,-0.011627906976744207,0.004663228988647461,success,
breast_cancer,SQUARE(mean concavity),SQUARE,['mean concavity'],0.9767441860465116,-0.011627906976744207,0.004089832305908203,success,
breast_cancer,ABS(mean concavity),ABS,['mean concavity'],0.9767441860465116,-0.011627906976744207,0.004090070724487305,success,
breast_cancer,LOG(mean concave points),LOG,['mean concave points'],0.9883720930232558,0.0,0.006726503372192383,success,
breast_cancer,SQRT(mean concave points),SQRT,['mean concave points'],0.9883720930232558,0.0,0.004539966583251953,success,
breast_cancer,SQUARE(mean concave points),SQUARE,['mean concave points'],0.9767441860465116,-0.011627906976744207,0.004056215286254883,success,
breast_cancer,ABS(mean concave points),ABS,['mean concave points'],0.9767441860465116,-0.011627906976744207,0.004739046096801758,success,
breast_cancer,LOG(mean symmetry),LOG,['mean symmetry'],0.9767441860465116,-0.011627906976744207,0.005502223968505859,success,
breast_cancer,SQRT(mean symmetry),SQRT,['mean symmetry'],0.9767441860465116,-0.011627906976744207,0.004788398742675781,success,
breast_cancer,SQUARE(mean symmetry),SQUARE,['mean symmetry'],0.9883720930232558,0.0,0.004091501235961914,success,
breast_cancer,ABS(mean symmetry),ABS,['mean symmetry'],0.9883720930232558,0.0,0.004377841949462891,success,
breast_cancer,LOG(mean fractal dimension),LOG,['mean fractal dimension'],0.9883720930232558,0.0,0.005830287933349609,success,
breast_cancer,SQRT(mean fractal dimension),SQRT,['mean fractal dimension'],0.9883720930232558,0.0,0.004263401031494141,success,
breast_cancer,SQUARE(mean fractal dimension),SQUARE,['mean fractal dimension'],0.9767441860465116,-0.011627906976744207,0.004415273666381836,success,
breast_cancer,ABS(mean fractal dimension),ABS,['mean fractal dimension'],0.9883720930232558,0.0,0.004258632659912109,success,
breast_cancer,LOG(radius error),LOG,['radius error'],0.9767441860465116,-0.011627906976744207,0.00548243522644043,success,
breast_cancer,SQRT(radius error),SQRT,['radius error'],0.9883720930232558,0.0,0.0043680667877197266,success,
breast_cancer,SQUARE(radius error),SQUARE,['radius error'],0.9883720930232558,0.0,0.004475116729736328,success,
breast_cancer,ABS(radius error),ABS,['radius error'],0.9883720930232558,0.0,0.003998517990112305,success,
breast_cancer,LOG(texture error),LOG,['texture error'],0.9883720930232558,0.0,0.005396604537963867,success,
breast_cancer,SQRT(texture error),SQRT,['texture error'],0.9883720930232558,0.0,0.004900455474853516,success,
breast_cancer,SQUARE(texture error),SQUARE,['texture error'],0.9767441860465116,-0.011627906976744207,0.004081010818481445,success,
breast_cancer,ABS(texture error),ABS,['texture error'],0.9767441860465116,-0.011627906976744207,0.0041277408599853516,success,
breast_cancer,LOG(perimeter error),LOG,['perimeter error'],0.9767441860465116,-0.011627906976744207,0.006613254547119141,success,
breast_cancer,SQRT(perimeter error),SQRT,['perimeter error'],0.9883720930232558,0.0,0.0048296451568603516,success,
breast_cancer,SQUARE(perimeter error),SQUARE,['perimeter error'],0.9883720930232558,0.0,0.004159212112426758,success,
breast_cancer,ABS(perimeter error),ABS,['perimeter error'],0.9883720930232558,0.0,0.004015445709228516,success,
breast_cancer,LOG(area error),LOG,['area error'],0.9883720930232558,0.0,0.009042024612426758,success,
breast_cancer,SQRT(area error),SQRT,['area error'],0.9883720930232558,0.0,0.004352092742919922,success,
breast_cancer,SQUARE(area error),SQUARE,['area error'],0.9883720930232558,0.0,0.0039637088775634766,success,
breast_cancer,ABS(area error),ABS,['area error'],0.9883720930232558,0.0,0.005918979644775391,success,
breast_cancer,LOG(smoothness error),LOG,['smoothness error'],0.9883720930232558,0.0,0.006886482238769531,success,
breast_cancer,SQRT(smoothness error),SQRT,['smoothness error'],0.9767441860465116,-0.011627906976744207,0.004485607147216797,success,
breast_cancer,SQUARE(smoothness error),SQUARE,['smoothness error'],0.9651162790697675,-0.023255813953488302,0.0045850276947021484,success,
breast_cancer,ABS(smoothness error),ABS,['smoothness error'],0.9767441860465116,-0.011627906976744207,0.004213809967041016,success,
breast_cancer,LOG(compactness error),LOG,['compactness error'],0.9767441860465116,-0.011627906976744207,0.005666971206665039,success,
breast_cancer,SQRT(compactness error),SQRT,['compactness error'],0.9883720930232558,0.0,0.0043485164642333984,success,
breast_cancer,SQUARE(compactness error),SQUARE,['compactness error'],0.9767441860465116,-0.011627906976744207,0.004509925842285156,success,
breast_cancer,ABS(compactness error),ABS,['compactness error'],0.9767441860465116,-0.011627906976744207,0.00436711311340332,success,
breast_cancer,LOG(concavity error),LOG,['concavity error'],0.9767441860465116,-0.011627906976744207,0.005596637725830078,success,
breast_cancer,SQRT(concavity error),SQRT,['concavity error'],0.9883720930232558,0.0,0.004930257797241211,success,
breast_cancer,SQUARE(concavity error),SQUARE,['concavity error'],0.9883720930232558,0.0,0.004681825637817383,success,
breast_cancer,ABS(concavity error),ABS,['concavity error'],0.9767441860465116,-0.011627906976744207,0.004125118255615234,success,
breast_cancer,LOG(concave points error),LOG,['concave points error'],0.9883720930232558,0.0,0.005324602127075195,success,
breast_cancer,SQRT(concave points error),SQRT,['concave points error'],0.9883720930232558,0.0,0.004835605621337891,success,
breast_cancer,SQUARE(concave points error),SQUARE,['concave points error'],0.9767441860465116,-0.011627906976744207,0.004651784896850586,success,
breast_cancer,ABS(concave points error),ABS,['concave points error'],0.9767441860465116,-0.011627906976744207,0.004156351089477539,success,
breast_cancer,LOG(symmetry error),LOG,['symmetry error'],0.9883720930232558,0.0,0.005948305130004883,success,
breast_cancer,SQRT(symmetry error),SQRT,['symmetry error'],0.9767441860465116,-0.011627906976744207,0.004467010498046875,success,
breast_cancer,SQUARE(symmetry error),SQUARE,['symmetry error'],0.9767441860465116,-0.011627906976744207,0.003852367401123047,success,
breast_cancer,ABS(symmetry error),ABS,['symmetry error'],0.9767441860465116,-0.011627906976744207,0.003949642181396484,success,
breast_cancer,LOG(fractal dimension error),LOG,['fractal dimension error'],0.9767441860465116,-0.011627906976744207,0.0057947635650634766,success,
breast_cancer,SQRT(fractal dimension error),SQRT,['fractal dimension error'],0.9883720930232558,0.0,0.004262447357177734,success,
breast_cancer,SQUARE(fractal dimension error),SQUARE,['fractal dimension error'],0.9767441860465116,-0.011627906976744207,0.0050013065338134766,success,
breast_cancer,ABS(fractal dimension error),ABS,['fractal dimension error'],0.9767441860465116,-0.011627906976744207,0.004596710205078125,success,
breast_cancer,LOG(worst radius),LOG,['worst radius'],0.9651162790697675,-0.023255813953488302,0.005723476409912109,success,
breast_cancer,SQRT(worst radius),SQRT,['worst radius'],0.9767441860465116,-0.011627906976744207,0.004483938217163086,success,
breast_cancer,SQUARE(worst radius),SQUARE,['worst radius'],0.9883720930232558,0.0,0.003938436508178711,success,
breast_cancer,ABS(worst radius),ABS,['worst radius'],0.9767441860465116,-0.011627906976744207,0.005009174346923828,success,
breast_cancer,LOG(worst texture),LOG,['worst texture'],0.9767441860465116,-0.011627906976744207,0.005226850509643555,success,
breast_cancer,SQRT(worst texture),SQRT,['worst texture'],0.9883720930232558,0.0,0.0045244693756103516,success,
breast_cancer,SQUARE(worst texture),SQUARE,['worst texture'],0.9883720930232558,0.0,0.004162311553955078,success,
breast_cancer,ABS(worst texture),ABS,['worst texture'],0.9883720930232558,0.0,0.004207134246826172,success,
breast_cancer,LOG(worst perimeter),LOG,['worst perimeter'],0.9651162790697675,-0.023255813953488302,0.0055539608001708984,success,
breast_cancer,SQRT(worst perimeter),SQRT,['worst perimeter'],0.9767441860465116,-0.011627906976744207,0.004304647445678711,success,
breast_cancer,SQUARE(worst perimeter),SQUARE,['worst perimeter'],0.9883720930232558,0.0,0.004422187805175781,success,
breast_cancer,ABS(worst perimeter),ABS,['worst perimeter'],0.9883720930232558,0.0,0.004132509231567383,success,
breast_cancer,LOG(worst area),LOG,['worst area'],0.9651162790697675,-0.023255813953488302,0.006932973861694336,success,
breast_cancer,SQRT(worst area),SQRT,['worst area'],0.9883720930232558,0.0,0.004773378372192383,success,
breast_cancer,SQUARE(worst area),SQUARE,['worst area'],0.9883720930232558,0.0,0.00417327880859375,success,
breast_cancer,ABS(worst area),ABS,['worst area'],0.9883720930232558,0.0,0.004121303558349609,success,
breast_cancer,LOG(worst smoothness),LOG,['worst smoothness'],0.9883720930232558,0.0,0.00650334358215332,success,
breast_cancer,SQRT(worst smoothness),SQRT,['worst smoothness'],0.9883720930232558,0.0,0.004894733428955078,success,
breast_cancer,SQUARE(worst smoothness),SQUARE,['worst smoothness'],0.9767441860465116,-0.011627906976744207,0.003786802291870117,success,
breast_cancer,ABS(worst smoothness),ABS,['worst smoothness'],0.9767441860465116,-0.011627906976744207,0.003981828689575195,success,
breast_cancer,LOG(worst compactness),LOG,['worst compactness'],0.9883720930232558,0.0,0.006676673889160156,success,
breast_cancer,SQRT(worst compactness),SQRT,['worst compactness'],0.9883720930232558,0.0,0.004918575286865234,success,
breast_cancer,SQUARE(worst compactness),SQUARE,['worst compactness'],0.9883720930232558,0.0,0.004130125045776367,success,
breast_cancer,ABS(worst compactness),ABS,['worst compactness'],0.9883720930232558,0.0,0.0041158199310302734,success,
breast_cancer,LOG(worst concavity),LOG,['worst concavity'],0.9883720930232558,0.0,0.0059702396392822266,success,
breast_cancer,SQRT(worst concavity),SQRT,['worst concavity'],0.9883720930232558,0.0,0.0045011043548583984,success,
breast_cancer,SQUARE(worst concavity),SQUARE,['worst concavity'],0.9883720930232558,0.0,0.004972219467163086,success,
breast_cancer,ABS(worst concavity),ABS,['worst concavity'],0.9883720930232558,0.0,0.0043108463287353516,success,
breast_cancer,LOG(worst concave points),LOG,['worst concave points'],0.9883720930232558,0.0,0.0053555965423583984,success,
breast_cancer,SQRT(worst concave points),SQRT,['worst concave points'],0.9883720930232558,0.0,0.004518985748291016,success,
breast_cancer,SQUARE(worst concave points),SQUARE,['worst concave points'],0.9883720930232558,0.0,0.003996610641479492,success,
breast_cancer,ABS(worst concave points),ABS,['worst concave points'],0.9883720930232558,0.0,0.004204273223876953,success,
breast_cancer,LOG(worst symmetry),LOG,['worst symmetry'],0.9883720930232558,0.0,0.005599498748779297,success,
breast_cancer,SQRT(worst symmetry),SQRT,['worst symmetry'],0.9883720930232558,0.0,0.0046846866607666016,success,
breast_cancer,SQUARE(worst symmetry),SQUARE,['worst symmetry'],0.9767441860465116,-0.011627906976744207,0.00466156005859375,success,
breast_cancer,ABS(worst symmetry),ABS,['worst symmetry'],0.9883720930232558,0.0,0.00394749641418457,success,
breast_cancer,LOG(worst fractal dimension),LOG,['worst fractal dimension'],0.9883720930232558,0.0,0.006207942962646484,success,
breast_cancer,SQRT(worst fractal dimension),SQRT,['worst fractal dimension'],0.9883720930232558,0.0,0.004606723785400391,success,
breast_cancer,SQUARE(worst fractal dimension),SQUARE,['worst fractal dimension'],0.9883720930232558,0.0,0.0046427249908447266,success,
breast_cancer,ABS(worst fractal dimension),ABS,['worst fractal dimension'],0.9883720930232558,0.0,0.004187583923339844,success,
breast_cancer,"ADD(mean radius,mean texture)",ADD,"['mean radius', 'mean texture']",0.9767441860465116,-0.011627906976744207,0.004031658172607422,success,
breast_cancer,"SUB(mean radius,mean texture)",SUB,"['mean radius', 'mean texture']",0.9883720930232558,0.0,0.004373311996459961,success,
breast_cancer,"MUL(mean radius,mean texture)",MUL,"['mean radius', 'mean texture']",0.9883720930232558,0.0,0.004393815994262695,success,
breast_cancer,"DIV(mean radius,mean texture)",DIV,"['mean radius', 'mean texture']",0.9767441860465116,-0.011627906976744207,0.007258415222167969,success,
breast_cancer,"ADD(mean radius,mean perimeter)",ADD,"['mean radius', 'mean perimeter']",0.9883720930232558,0.0,0.004033327102661133,success,
breast_cancer,"SUB(mean radius,mean perimeter)",SUB,"['mean radius', 'mean perimeter']",0.9883720930232558,0.0,0.0045282840728759766,success,
breast_cancer,"MUL(mean radius,mean perimeter)",MUL,"['mean radius', 'mean perimeter']",0.9767441860465116,-0.011627906976744207,0.004445552825927734,success,
breast_cancer,"DIV(mean radius,mean perimeter)",DIV,"['mean radius', 'mean perimeter']",0.9883720930232558,0.0,0.004222869873046875,success,
breast_cancer,"ADD(mean radius,mean area)",ADD,"['mean radius', 'mean area']",0.9883720930232558,0.0,0.004234790802001953,success,
breast_cancer,"SUB(mean radius,mean area)",SUB,"['mean radius', 'mean area']",0.9883720930232558,0.0,0.004312276840209961,success,
breast_cancer,"MUL(mean radius,mean area)",MUL,"['mean radius', 'mean area']",0.9767441860465116,-0.011627906976744207,0.003957509994506836,success,
breast_cancer,"DIV(mean radius,mean area)",DIV,"['mean radius', 'mean area']",0.9883720930232558,0.0,0.0052950382232666016,success,
breast_cancer,"ADD(mean radius,mean smoothness)",ADD,"['mean radius', 'mean smoothness']",0.9883720930232558,0.0,0.00456547737121582,success,
breast_cancer,"SUB(mean radius,mean smoothness)",SUB,"['mean radius', 'mean smoothness']",0.9883720930232558,0.0,0.0039484500885009766,success,
breast_cancer,"MUL(mean radius,mean smoothness)",MUL,"['mean radius', 'mean smoothness']",0.9767441860465116,-0.011627906976744207,0.0039942264556884766,success,
breast_cancer,"DIV(mean radius,mean smoothness)",DIV,"['mean radius', 'mean smoothness']",0.9883720930232558,0.0,0.004675388336181641,success,
breast_cancer,"ADD(mean radius,mean compactness)",ADD,"['mean radius', 'mean compactness']",0.9883720930232558,0.0,0.00473332405090332,success,
breast_cancer,"SUB(mean radius,mean compactness)",SUB,"['mean radius', 'mean compactness']",0.9883720930232558,0.0,0.0040128231048583984,success,
breast_cancer,"MUL(mean radius,mean compactness)",MUL,"['mean radius', 'mean compactness']",0.9883720930232558,0.0,0.004037380218505859,success,
breast_cancer,"DIV(mean radius,mean compactness)",DIV,"['mean radius', 'mean compactness']",0.9883720930232558,0.0,0.007892608642578125,success,
breast_cancer,"ADD(mean radius,mean concavity)",ADD,"['mean radius', 'mean concavity']",0.9767441860465116,-0.011627906976744207,0.004036903381347656,success,
breast_cancer,"SUB(mean radius,mean concavity)",SUB,"['mean radius', 'mean concavity']",0.9767441860465116,-0.011627906976744207,0.0040018558502197266,success,
breast_cancer,"MUL(mean radius,mean concavity)",MUL,"['mean radius', 'mean concavity']",0.9883720930232558,0.0,0.003861665725708008,success,
breast_cancer,"DIV(mean radius,mean concavity)",DIV,"['mean radius', 'mean concavity']",0.9883720930232558,0.0,0.0057070255279541016,success,
breast_cancer,"ADD(mean radius,mean concave points)",ADD,"['mean radius', 'mean concave points']",0.9883720930232558,0.0,0.004006624221801758,success,
breast_cancer,"SUB(mean radius,mean concave points)",SUB,"['mean radius', 'mean concave points']",0.9883720930232558,0.0,0.004123210906982422,success,
breast_cancer,"MUL(mean radius,mean concave points)",MUL,"['mean radius', 'mean concave points']",0.9883720930232558,0.0,0.003908634185791016,success,
breast_cancer,"DIV(mean radius,mean concave points)",DIV,"['mean radius', 'mean concave points']",0.9767441860465116,-0.011627906976744207,0.0053253173828125,success,
breast_cancer,"ADD(mean radius,mean symmetry)",ADD,"['mean radius', 'mean symmetry']",0.9883720930232558,0.0,0.004173755645751953,success,
breast_cancer,"SUB(mean radius,mean symmetry)",SUB,"['mean radius', 'mean symmetry']",0.9883720930232558,0.0,0.004012584686279297,success,
breast_cancer,"MUL(mean radius,mean symmetry)",MUL,"['mean radius', 'mean symmetry']",0.9883720930232558,0.0,0.0040416717529296875,success,
breast_cancer,"DIV(mean radius,mean symmetry)",DIV,"['mean radius', 'mean symmetry']",0.9883720930232558,0.0,0.005193948745727539,success,
breast_cancer,"ADD(mean radius,mean fractal dimension)",ADD,"['mean radius', 'mean fractal dimension']",0.9883720930232558,0.0,0.0042722225189208984,success,
breast_cancer,"SUB(mean radius,mean fractal dimension)",SUB,"['mean radius', 'mean fractal dimension']",0.9883720930232558,0.0,0.003915071487426758,success,
breast_cancer,"MUL(mean radius,mean fractal dimension)",MUL,"['mean radius', 'mean fractal dimension']",0.9883720930232558,0.0,0.004296302795410156,success,
breast_cancer,"DIV(mean radius,mean fractal dimension)",DIV,"['mean radius', 'mean fractal dimension']",0.9883720930232558,0.0,0.006549835205078125,success,
breast_cancer,"ADD(mean radius,radius error)",ADD,"['mean radius', 'radius error']",0.9883720930232558,0.0,0.0041446685791015625,success,
breast_cancer,"SUB(mean radius,radius error)",SUB,"['mean radius', 'radius error']",0.9767441860465116,-0.011627906976744207,0.004010200500488281,success,
breast_cancer,"MUL(mean radius,radius error)",MUL,"['mean radius', 'radius error']",0.9767441860465116,-0.011627906976744207,0.004288911819458008,success,
breast_cancer,"DIV(mean radius,radius error)",DIV,"['mean radius', 'radius error']",0.9883720930232558,0.0,0.005064249038696289,success,
breast_cancer,"ADD(mean radius,texture error)",ADD,"['mean radius', 'texture error']",0.9883720930232558,0.0,0.004004240036010742,success,
breast_cancer,"SUB(mean radius,texture error)",SUB,"['mean radius', 'texture error']",0.9883720930232558,0.0,0.004190206527709961,success,
breast_cancer,"MUL(mean radius,texture error)",MUL,"['mean radius', 'texture error']",0.9767441860465116,-0.011627906976744207,0.004416227340698242,success,
breast_cancer,"DIV(mean radius,texture error)",DIV,"['mean radius', 'texture error']",0.9883720930232558,0.0,0.007941484451293945,success,
breast_cancer,"ADD(mean radius,perimeter error)",ADD,"['mean radius', 'perimeter error']",0.9883720930232558,0.0,0.004292011260986328,success,
breast_cancer,"SUB(mean radius,perimeter error)",SUB,"['mean radius', 'perimeter error']",0.9767441860465116,-0.011627906976744207,0.0046269893646240234,success,
breast_cancer,"MUL(mean radius,perimeter error)",MUL,"['mean radius', 'perimeter error']",0.9883720930232558,0.0,0.00408172607421875,success,
breast_cancer,"DIV(mean radius,perimeter error)",DIV,"['mean radius', 'perimeter error']",0.9883720930232558,0.0,0.004486560821533203,success,
breast_cancer,"ADD(mean radius,area error)",ADD,"['mean radius', 'area error']",0.9883720930232558,0.0,0.004163265228271484,success,
breast_cancer,"SUB(mean radius,area error)",SUB,"['mean radius', 'area error']",0.9883720930232558,0.0,0.004452943801879883,success,
breast_cancer,"MUL(mean radius,area error)",MUL,"['mean radius', 'area error']",0.9883720930232558,0.0,0.004042148590087891,success,
breast_cancer,"DIV(mean radius,area error)",DIV,"['mean radius', 'area error']",0.9651162790697675,-0.023255813953488302,0.004577159881591797,success,
breast_cancer,"ADD(mean radius,smoothness error)",ADD,"['mean radius', 'smoothness error']",0.9883720930232558,0.0,0.0042536258697509766,success,
breast_cancer,"SUB(mean radius,smoothness error)",SUB,"['mean radius', 'smoothness error']",0.9883720930232558,0.0,0.004250526428222656,success,
breast_cancer,"MUL(mean radius,smoothness error)",MUL,"['mean radius', 'smoothness error']",0.9883720930232558,0.0,0.0039217472076416016,success,
breast_cancer,"DIV(mean radius,smoothness error)",DIV,"['mean radius', 'smoothness error']",0.9883720930232558,0.0,0.004491567611694336,success,
breast_cancer,"ADD(mean radius,compactness error)",ADD,"['mean radius', 'compactness error']",0.9883720930232558,0.0,0.004315614700317383,success,
breast_cancer,"SUB(mean radius,compactness error)",SUB,"['mean radius', 'compactness error']",0.9883720930232558,0.0,0.004477739334106445,success,
breast_cancer,"MUL(mean radius,compactness error)",MUL,"['mean radius', 'compactness error']",0.9883720930232558,0.0,0.004075050354003906,success,
breast_cancer,"DIV(mean radius,compactness error)",DIV,"['mean radius', 'compactness error']",0.9883720930232558,0.0,0.005309104919433594,success,
breast_cancer,"ADD(mean radius,concavity error)",ADD,"['mean radius', 'concavity error']",0.9883720930232558,0.0,0.00471949577331543,success,
breast_cancer,"SUB(mean radius,concavity error)",SUB,"['mean radius', 'concavity error']",0.9883720930232558,0.0,0.0042536258697509766,success,
breast_cancer,"MUL(mean radius,concavity error)",MUL,"['mean radius', 'concavity error']",0.9883720930232558,0.0,0.004014253616333008,success,
breast_cancer,"DIV(mean radius,concavity error)",DIV,"['mean radius', 'concavity error']",0.9883720930232558,0.0,0.00580286979675293,success,
breast_cancer,"ADD(mean radius,concave points error)",ADD,"['mean radius', 'concave points error']",0.9883720930232558,0.0,0.004322528839111328,success,
breast_cancer,"SUB(mean radius,concave points error)",SUB,"['mean radius', 'concave points error']",0.9883720930232558,0.0,0.004084348678588867,success,
breast_cancer,"MUL(mean radius,concave points error)",MUL,"['mean radius', 'concave points error']",0.9883720930232558,0.0,0.004216194152832031,success,
breast_cancer,"DIV(mean radius,concave points error)",DIV,"['mean radius', 'concave points error']",0.9883720930232558,0.0,0.007067203521728516,success,
breast_cancer,"ADD(mean radius,symmetry error)",ADD,"['mean radius', 'symmetry error']",0.9883720930232558,0.0,0.003916740417480469,success,
breast_cancer,"SUB(mean radius,symmetry error)",SUB,"['mean radius', 'symmetry error']",0.9883720930232558,0.0,0.0040454864501953125,success,
breast_cancer,"MUL(mean radius,symmetry error)",MUL,"['mean radius', 'symmetry error']",0.9883720930232558,0.0,0.003962039947509766,success,
breast_cancer,"DIV(mean radius,symmetry error)",DIV,"['mean radius', 'symmetry error']",0.9883720930232558,0.0,0.0063953399658203125,success,
breast_cancer,"ADD(mean radius,fractal dimension error)",ADD,"['mean radius', 'fractal dimension error']",0.9883720930232558,0.0,0.004197359085083008,success,
breast_cancer,"SUB(mean radius,fractal dimension error)",SUB,"['mean radius', 'fractal dimension error']",0.9883720930232558,0.0,0.003956794738769531,success,
breast_cancer,"MUL(mean radius,fractal dimension error)",MUL,"['mean radius', 'fractal dimension error']",0.9883720930232558,0.0,0.004343748092651367,success,
breast_cancer,"DIV(mean radius,fractal dimension error)",DIV,"['mean radius', 'fractal dimension error']",0.9883720930232558,0.0,0.0050199031829833984,success,
breast_cancer,"ADD(mean texture,mean perimeter)",ADD,"['mean texture', 'mean perimeter']",0.9767441860465116,-0.011627906976744207,0.003971099853515625,success,
breast_cancer,"SUB(mean texture,mean perimeter)",SUB,"['mean texture', 'mean perimeter']",0.9883720930232558,0.0,0.00413060188293457,success,
breast_cancer,"MUL(mean texture,mean perimeter)",MUL,"['mean texture', 'mean perimeter']",0.9883720930232558,0.0,0.004530429840087891,success,
breast_cancer,"DIV(mean texture,mean perimeter)",DIV,"['mean texture', 'mean perimeter']",0.9883720930232558,0.0,0.005670309066772461,success,
breast_cancer,"ADD(mean texture,mean area)",ADD,"['mean texture', 'mean area']",0.9767441860465116,-0.011627906976744207,0.003938913345336914,success,
breast_cancer,"SUB(mean texture,mean area)",SUB,"['mean texture', 'mean area']",0.9883720930232558,0.0,0.003992319107055664,success,
breast_cancer,"MUL(mean texture,mean area)",MUL,"['mean texture', 'mean area']",0.9883720930232558,0.0,0.0044744014739990234,success,
breast_cancer,"DIV(mean texture,mean area)",DIV,"['mean texture', 'mean area']",0.9883720930232558,0.0,0.01305842399597168,success,
breast_cancer,"ADD(mean texture,mean smoothness)",ADD,"['mean texture', 'mean smoothness']",0.9767441860465116,-0.011627906976744207,0.004498720169067383,success,
breast_cancer,"SUB(mean texture,mean smoothness)",SUB,"['mean texture', 'mean smoothness']",0.9883720930232558,0.0,0.004252433776855469,success,
breast_cancer,"MUL(mean texture,mean smoothness)",MUL,"['mean texture', 'mean smoothness']",0.9767441860465116,-0.011627906976744207,0.004027128219604492,success,
breast_cancer,"DIV(mean texture,mean smoothness)",DIV,"['mean texture', 'mean smoothness']",0.9767441860465116,-0.011627906976744207,0.0056226253509521484,success,
breast_cancer,"ADD(mean texture,mean compactness)",ADD,"['mean texture', 'mean compactness']",0.9883720930232558,0.0,0.0042514801025390625,success,
breast_cancer,"SUB(mean texture,mean compactness)",SUB,"['mean texture', 'mean compactness']",0.9767441860465116,-0.011627906976744207,0.0041964054107666016,success,
breast_cancer,"MUL(mean texture,mean compactness)",MUL,"['mean texture', 'mean compactness']",0.9767441860465116,-0.011627906976744207,0.004501819610595703,success,
breast_cancer,"DIV(mean texture,mean compactness)",DIV,"['mean texture', 'mean compactness']",0.9767441860465116,-0.011627906976744207,0.008000373840332031,success,
breast_cancer,"ADD(mean texture,mean concavity)",ADD,"['mean texture', 'mean concavity']",0.9767441860465116,-0.011627906976744207,0.004116058349609375,success,
breast_cancer,"SUB(mean texture,mean concavity)",SUB,"['mean texture', 'mean concavity']",0.9883720930232558,0.0,0.004167795181274414,success,
breast_cancer,"MUL(mean texture,mean concavity)",MUL,"['mean texture', 'mean concavity']",0.9767441860465116,-0.011627906976744207,0.0044782161712646484,success,
breast_cancer,"DIV(mean texture,mean concavity)",DIV,"['mean texture', 'mean concavity']",0.9767441860465116,-0.011627906976744207,0.005311012268066406,success,
breast_cancer,"ADD(mean texture,mean concave points)",ADD,"['mean texture', 'mean concave points']",0.9767441860465116,-0.011627906976744207,0.004000663757324219,success,
breast_cancer,"SUB(mean texture,mean concave points)",SUB,"['mean texture', 'mean concave points']",0.9883720930232558,0.0,0.0040972232818603516,success,
breast_cancer,"MUL(mean texture,mean concave points)",MUL,"['mean texture', 'mean concave points']",0.9767441860465116,-0.011627906976744207,0.0051343441009521484,success,
breast_cancer,"DIV(mean texture,mean concave points)",DIV,"['mean texture', 'mean concave points']",0.9767441860465116,-0.011627906976744207,0.0045893192291259766,success,
breast_cancer,"ADD(mean texture,mean symmetry)",ADD,"['mean texture', 'mean symmetry']",0.9883720930232558,0.0,0.004096269607543945,success,
breast_cancer,"SUB(mean texture,mean symmetry)",SUB,"['mean texture', 'mean symmetry']",0.9767441860465116,-0.011627906976744207,0.004151105880737305,success,
breast_cancer,"MUL(mean texture,mean symmetry)",MUL,"['mean texture', 'mean symmetry']",0.9767441860465116,-0.011627906976744207,0.004518032073974609,success,
breast_cancer,"DIV(mean texture,mean symmetry)",DIV,"['mean texture', 'mean symmetry']",0.9883720930232558,0.0,0.010862350463867188,success,
breast_cancer,"ADD(mean texture,mean fractal dimension)",ADD,"['mean texture', 'mean fractal dimension']",0.9883720930232558,0.0,0.004335165023803711,success,
breast_cancer,"SUB(mean texture,mean fractal dimension)",SUB,"['mean texture', 'mean fractal dimension']",0.9767441860465116,-0.011627906976744207,0.004134654998779297,success,
breast_cancer,"MUL(mean texture,mean fractal dimension)",MUL,"['mean texture', 'mean fractal dimension']",0.9883720930232558,0.0,0.004133939743041992,success,
breast_cancer,"DIV(mean texture,mean fractal dimension)",DIV,"['mean texture', 'mean fractal dimension']",0.9883720930232558,0.0,0.005079984664916992,success,
breast_cancer,"ADD(mean texture,radius error)",ADD,"['mean texture', 'radius error']",0.9767441860465116,-0.011627906976744207,0.0044498443603515625,success,
breast_cancer,"SUB(mean texture,radius error)",SUB,"['mean texture', 'radius error']",0.9883720930232558,0.0,0.004045009613037109,success,
breast_cancer,"MUL(mean texture,radius error)",MUL,"['mean texture', 'radius error']",0.9883720930232558,0.0,0.003929615020751953,success,
breast_cancer,"DIV(mean texture,radius error)",DIV,"['mean texture', 'radius error']",0.9883720930232558,0.0,0.0218966007232666,success,
breast_cancer,"ADD(mean texture,texture error)",ADD,"['mean texture', 'texture error']",0.9883720930232558,0.0,0.004399299621582031,success,
breast_cancer,"SUB(mean texture,texture error)",SUB,"['mean texture', 'texture error']",0.9767441860465116,-0.011627906976744207,0.00408482551574707,success,
breast_cancer,"MUL(mean texture,texture error)",MUL,"['mean texture', 'texture error']",0.9767441860465116,-0.011627906976744207,0.004166126251220703,success,
breast_cancer,"DIV(mean texture,texture error)",DIV,"['mean texture', 'texture error']",0.9767441860465116,-0.011627906976744207,0.006528615951538086,success,
breast_cancer,"ADD(mean texture,perimeter error)",ADD,"['mean texture', 'perimeter error']",0.9767441860465116,-0.011627906976744207,0.0040972232818603516,success,
breast_cancer,"SUB(mean texture,perimeter error)",SUB,"['mean texture', 'perimeter error']",0.9883720930232558,0.0,0.0041468143463134766,success,
breast_cancer,"MUL(mean texture,perimeter error)",MUL,"['mean texture', 'perimeter error']",0.9883720930232558,0.0,0.004106283187866211,success,
breast_cancer,"DIV(mean texture,perimeter error)",DIV,"['mean texture', 'perimeter error']",0.9883720930232558,0.0,0.00591278076171875,success,
breast_cancer,"ADD(mean texture,area error)",ADD,"['mean texture', 'area error']",0.9767441860465116,-0.011627906976744207,0.004243373870849609,success,
breast_cancer,"SUB(mean texture,area error)",SUB,"['mean texture', 'area error']",0.9883720930232558,0.0,0.0041027069091796875,success,
breast_cancer,"MUL(mean texture,area error)",MUL,"['mean texture', 'area error']",0.9883720930232558,0.0,0.004912853240966797,success,
breast_cancer,"DIV(mean texture,area error)",DIV,"['mean texture', 'area error']",0.9883720930232558,0.0,0.0049724578857421875,success,
breast_cancer,"ADD(mean texture,smoothness error)",ADD,"['mean texture', 'smoothness error']",0.9883720930232558,0.0,0.004210472106933594,success,
breast_cancer,"SUB(mean texture,smoothness error)",SUB,"['mean texture', 'smoothness error']",0.9883720930232558,0.0,0.004118680953979492,success,
breast_cancer,"MUL(mean texture,smoothness error)",MUL,"['mean texture', 'smoothness error']",0.9883720930232558,0.0,0.004636287689208984,success,
breast_cancer,"DIV(mean texture,smoothness error)",DIV,"['mean texture', 'smoothness error']",0.9883720930232558,0.0,0.0062100887298583984,success,
breast_cancer,"ADD(mean texture,compactness error)",ADD,"['mean texture', 'compactness error']",0.9883720930232558,0.0,0.0041656494140625,success,
breast_cancer,"SUB(mean texture,compactness error)",SUB,"['mean texture', 'compactness error']",0.9767441860465116,-0.011627906976744207,0.004183769226074219,success,
breast_cancer,"MUL(mean texture,compactness error)",MUL,"['mean texture', 'compactness error']",0.9767441860465116,-0.011627906976744207,0.0040988922119140625,success,
breast_cancer,"DIV(mean texture,compactness error)",DIV,"['mean texture', 'compactness error']",0.9767441860465116,-0.011627906976744207,0.005549907684326172,success,
breast_cancer,"ADD(mean texture,concavity error)",ADD,"['mean texture', 'concavity error']",0.9883720930232558,0.0,0.004305839538574219,success,
breast_cancer,"SUB(mean texture,concavity error)",SUB,"['mean texture', 'concavity error']",0.9883720930232558,0.0,0.004560947418212891,success,
breast_cancer,"MUL(mean texture,concavity error)",MUL,"['mean texture', 'concavity error']",0.9767441860465116,-0.011627906976744207,0.003877401351928711,success,
breast_cancer,"DIV(mean texture,concavity error)",DIV,"['mean texture', 'concavity error']",0.9883720930232558,0.0,0.006052732467651367,success,
breast_cancer,"ADD(mean texture,concave points error)",ADD,"['mean texture', 'concave points error']",0.9883720930232558,0.0,0.00423431396484375,success,
breast_cancer,"SUB(mean texture,concave points error)",SUB,"['mean texture', 'concave points error']",0.9767441860465116,-0.011627906976744207,0.00447535514831543,success,
breast_cancer,"MUL(mean texture,concave points error)",MUL,"['mean texture', 'concave points error']",0.9767441860465116,-0.011627906976744207,0.0041921138763427734,success,
breast_cancer,"DIV(mean texture,concave points error)",DIV,"['mean texture', 'concave points error']",0.9883720930232558,0.0,0.00656580924987793,success,
breast_cancer,"ADD(mean texture,symmetry error)",ADD,"['mean texture', 'symmetry error']",0.9883720930232558,0.0,0.0044443607330322266,success,
breast_cancer,"SUB(mean texture,symmetry error)",SUB,"['mean texture', 'symmetry error']",0.9883720930232558,0.0,0.004184722900390625,success,
breast_cancer,"MUL(mean texture,symmetry error)",MUL,"['mean texture', 'symmetry error']",0.9883720930232558,0.0,0.00431060791015625,success,
breast_cancer,"DIV(mean texture,symmetry error)",DIV,"['mean texture', 'symmetry error']",0.9767441860465116,-0.011627906976744207,0.005598783493041992,success,
breast_cancer,"ADD(mean texture,fractal dimension error)",ADD,"['mean texture', 'fractal dimension error']",0.9883720930232558,0.0,0.004553318023681641,success,
breast_cancer,"SUB(mean texture,fractal dimension error)",SUB,"['mean texture', 'fractal dimension error']",0.9767441860465116,-0.011627906976744207,0.004094123840332031,success,
breast_cancer,"MUL(mean texture,fractal dimension error)",MUL,"['mean texture', 'fractal dimension error']",0.9883720930232558,0.0,0.0042324066162109375,success,
breast_cancer,"DIV(mean texture,fractal dimension error)",DIV,"['mean texture', 'fractal dimension error']",0.9651162790697675,-0.023255813953488302,0.005693197250366211,success,
breast_cancer,"ADD(mean perimeter,mean area)",ADD,"['mean perimeter', 'mean area']",0.9883720930232558,0.0,0.003935337066650391,success,
breast_cancer,"SUB(mean perimeter,mean area)",SUB,"['mean perimeter', 'mean area']",0.9883720930232558,0.0,0.004227161407470703,success,
breast_cancer,"MUL(mean perimeter,mean area)",MUL,"['mean perimeter', 'mean area']",0.9767441860465116,-0.011627906976744207,0.0039823055267333984,success,
breast_cancer,"DIV(mean perimeter,mean area)",DIV,"['mean perimeter', 'mean area']",0.9883720930232558,0.0,0.00562596321105957,success,
breast_cancer,"ADD(mean perimeter,mean smoothness)",ADD,"['mean perimeter', 'mean smoothness']",0.9883720930232558,0.0,0.003977060317993164,success,
breast_cancer,"SUB(mean perimeter,mean smoothness)",SUB,"['mean perimeter', 'mean smoothness']",0.9883720930232558,0.0,0.003931760787963867,success,
breast_cancer,"MUL(mean perimeter,mean smoothness)",MUL,"['mean perimeter', 'mean smoothness']",0.9767441860465116,-0.011627906976744207,0.004070281982421875,success,
breast_cancer,"DIV(mean perimeter,mean smoothness)",DIV,"['mean perimeter', 'mean smoothness']",0.9883720930232558,0.0,0.004968881607055664,success,
breast_cancer,"ADD(mean perimeter,mean compactness)",ADD,"['mean perimeter', 'mean compactness']",0.9883720930232558,0.0,0.004227638244628906,success,
breast_cancer,"SUB(mean perimeter,mean compactness)",SUB,"['mean perimeter', 'mean compactness']",0.9767441860465116,-0.011627906976744207,0.00434112548828125,success,
breast_cancer,"MUL(mean perimeter,mean compactness)",MUL,"['mean perimeter', 'mean compactness']",0.9883720930232558,0.0,0.004084348678588867,success,
breast_cancer,"DIV(mean perimeter,mean compactness)",DIV,"['mean perimeter', 'mean compactness']",0.9883720930232558,0.0,0.007936716079711914,success,
breast_cancer,"ADD(mean perimeter,mean concavity)",ADD,"['mean perimeter', 'mean concavity']",0.9767441860465116,-0.011627906976744207,0.004205226898193359,success,
breast_cancer,"SUB(mean perimeter,mean concavity)",SUB,"['mean perimeter', 'mean concavity']",0.9767441860465116,-0.011627906976744207,0.0038802623748779297,success,
breast_cancer,"MUL(mean perimeter,mean concavity)",MUL,"['mean perimeter', 'mean concavity']",0.9883720930232558,0.0,0.004461765289306641,success,
breast_cancer,"DIV(mean perimeter,mean concavity)",DIV,"['mean perimeter', 'mean concavity']",0.9883720930232558,0.0,0.005251646041870117,success,
breast_cancer,"ADD(mean perimeter,mean concave points)",ADD,"['mean perimeter', 'mean concave points']",0.9883720930232558,0.0,0.004139423370361328,success,
breast_cancer,"SUB(mean perimeter,mean concave points)",SUB,"['mean perimeter', 'mean concave points']",0.9883720930232558,0.0,0.004194021224975586,success,
breast_cancer,"MUL(mean perimeter,mean concave points)",MUL,"['mean perimeter', 'mean concave points']",0.9883720930232558,0.0,0.004304647445678711,success,
breast_cancer,"DIV(mean perimeter,mean concave points)",DIV,"['mean perimeter', 'mean concave points']",0.9883720930232558,0.0,0.004858255386352539,success,
breast_cancer,"ADD(mean perimeter,mean symmetry)",ADD,"['mean perimeter', 'mean symmetry']",0.9883720930232558,0.0,0.004117488861083984,success,
breast_cancer,"SUB(mean perimeter,mean symmetry)",SUB,"['mean perimeter', 'mean symmetry']",0.9883720930232558,0.0,0.004433393478393555,success,
breast_cancer,"MUL(mean perimeter,mean symmetry)",MUL,"['mean perimeter', 'mean symmetry']",0.9883720930232558,0.0,0.0041735172271728516,success,
breast_cancer,"DIV(mean perimeter,mean symmetry)",DIV,"['mean perimeter', 'mean symmetry']",0.9883720930232558,0.0,0.005379438400268555,success,
breast_cancer,"ADD(mean perimeter,mean fractal dimension)",ADD,"['mean perimeter', 'mean fractal dimension']",0.9883720930232558,0.0,0.00410771369934082,success,
breast_cancer,"SUB(mean perimeter,mean fractal dimension)",SUB,"['mean perimeter', 'mean fractal dimension']",0.9883720930232558,0.0,0.00485539436340332,success,
breast_cancer,"MUL(mean perimeter,mean fractal dimension)",MUL,"['mean perimeter', 'mean fractal dimension']",0.9883720930232558,0.0,0.004292726516723633,success,
breast_cancer,"DIV(mean perimeter,mean fractal dimension)",DIV,"['mean perimeter', 'mean fractal dimension']",0.9767441860465116,-0.011627906976744207,0.006226301193237305,success,
breast_cancer,"ADD(mean perimeter,radius error)",ADD,"['mean perimeter', 'radius error']",0.9883720930232558,0.0,0.0040130615234375,success,
breast_cancer,"SUB(mean perimeter,radius error)",SUB,"['mean perimeter', 'radius error']",0.9767441860465116,-0.011627906976744207,0.004300355911254883,success,
breast_cancer,"MUL(mean perimeter,radius error)",MUL,"['mean perimeter', 'radius error']",0.9767441860465116,-0.011627906976744207,0.004004716873168945,success,
breast_cancer,"DIV(mean perimeter,radius error)",DIV,"['mean perimeter', 'radius error']",0.9883720930232558,0.0,0.004775285720825195,success,
breast_cancer,"ADD(mean perimeter,texture error)",ADD,"['mean perimeter', 'texture error']",0.9883720930232558,0.0,0.0044116973876953125,success,
breast_cancer,"SUB(mean perimeter,texture error)",SUB,"['mean perimeter', 'texture error']",0.9883720930232558,0.0,0.003977775573730469,success,
breast_cancer,"MUL(mean perimeter,texture error)",MUL,"['mean perimeter', 'texture error']",0.9767441860465116,-0.011627906976744207,0.004130363464355469,success,
breast_cancer,"DIV(mean perimeter,texture error)",DIV,"['mean perimeter', 'texture error']",0.9883720930232558,0.0,0.011043787002563477,success,
breast_cancer,"ADD(mean perimeter,perimeter error)",ADD,"['mean perimeter', 'perimeter error']",0.9883720930232558,0.0,0.004110097885131836,success,
breast_cancer,"SUB(mean perimeter,perimeter error)",SUB,"['mean perimeter', 'perimeter error']",0.9767441860465116,-0.011627906976744207,0.0042078495025634766,success,
breast_cancer,"MUL(mean perimeter,perimeter error)",MUL,"['mean perimeter', 'perimeter error']",0.9883720930232558,0.0,0.004340410232543945,success,
breast_cancer,"DIV(mean perimeter,perimeter error)",DIV,"['mean perimeter', 'perimeter error']",0.9883720930232558,0.0,0.0044710636138916016,success,
breast_cancer,"ADD(mean perimeter,area error)",ADD,"['mean perimeter', 'area error']",0.9883720930232558,0.0,0.0041768550872802734,success,
breast_cancer,"SUB(mean perimeter,area error)",SUB,"['mean perimeter', 'area error']",0.9883720930232558,0.0,0.004041194915771484,success,
breast_cancer,"MUL(mean perimeter,area error)",MUL,"['mean perimeter', 'area error']",0.9883720930232558,0.0,0.004022121429443359,success,
breast_cancer,"DIV(mean perimeter,area error)",DIV,"['mean perimeter', 'area error']",0.9651162790697675,-0.023255813953488302,0.004842996597290039,success,
breast_cancer,"ADD(mean perimeter,smoothness error)",ADD,"['mean perimeter', 'smoothness error']",0.9883720930232558,0.0,0.004032135009765625,success,
breast_cancer,"SUB(mean perimeter,smoothness error)",SUB,"['mean perimeter', 'smoothness error']",0.9883720930232558,0.0,0.003921985626220703,success,
breast_cancer,"MUL(mean perimeter,smoothness error)",MUL,"['mean perimeter', 'smoothness error']",0.9883720930232558,0.0,0.0042972564697265625,success,
breast_cancer,"DIV(mean perimeter,smoothness error)",DIV,"['mean perimeter', 'smoothness error']",0.9883720930232558,0.0,0.004489421844482422,success,
breast_cancer,"ADD(mean perimeter,compactness error)",ADD,"['mean perimeter', 'compactness error']",0.9883720930232558,0.0,0.004365444183349609,success,
breast_cancer,"SUB(mean perimeter,compactness error)",SUB,"['mean perimeter', 'compactness error']",0.9883720930232558,0.0,0.004350423812866211,success,
breast_cancer,"MUL(mean perimeter,compactness error)",MUL,"['mean perimeter', 'compactness error']",0.9883720930232558,0.0,0.004469633102416992,success,
breast_cancer,"DIV(mean perimeter,compactness error)",DIV,"['mean perimeter', 'compactness error']",0.9883720930232558,0.0,0.004527091979980469,success,
breast_cancer,"ADD(mean perimeter,concavity error)",ADD,"['mean perimeter', 'concavity error']",0.9883720930232558,0.0,0.004318714141845703,success,
breast_cancer,"SUB(mean perimeter,concavity error)",SUB,"['mean perimeter', 'concavity error']",0.9883720930232558,0.0,0.0041277408599853516,success,
breast_cancer,"MUL(mean perimeter,concavity error)",MUL,"['mean perimeter', 'concavity error']",0.9883720930232558,0.0,0.0041351318359375,success,
breast_cancer,"DIV(mean perimeter,concavity error)",DIV,"['mean perimeter', 'concavity error']",0.9883720930232558,0.0,0.00506901741027832,success,
breast_cancer,"ADD(mean perimeter,concave points error)",ADD,"['mean perimeter', 'concave points error']",0.9883720930232558,0.0,0.004071474075317383,success,
breast_cancer,"SUB(mean perimeter,concave points error)",SUB,"['mean perimeter', 'concave points error']",0.9883720930232558,0.0,0.004055023193359375,success,
breast_cancer,"MUL(mean perimeter,concave points error)",MUL,"['mean perimeter', 'concave points error']",0.9883720930232558,0.0,0.004388570785522461,success,
breast_cancer,"DIV(mean perimeter,concave points error)",DIV,"['mean perimeter', 'concave points error']",0.9883720930232558,0.0,0.0064508914947509766,success,
breast_cancer,"ADD(mean perimeter,symmetry error)",ADD,"['mean perimeter', 'symmetry error']",0.9883720930232558,0.0,0.004132986068725586,success,
breast_cancer,"SUB(mean perimeter,symmetry error)",SUB,"['mean perimeter', 'symmetry error']",0.9883720930232558,0.0,0.004389047622680664,success,
breast_cancer,"MUL(mean perimeter,symmetry error)",MUL,"['mean perimeter', 'symmetry error']",0.9883720930232558,0.0,0.00405573844909668,success,
breast_cancer,"DIV(mean perimeter,symmetry error)",DIV,"['mean perimeter', 'symmetry error']",0.9883720930232558,0.0,0.004675865173339844,success,
breast_cancer,"ADD(mean perimeter,fractal dimension error)",ADD,"['mean perimeter', 'fractal dimension error']",0.9883720930232558,0.0,0.0042459964752197266,success,
breast_cancer,"SUB(mean perimeter,fractal dimension error)",SUB,"['mean perimeter', 'fractal dimension error']",0.9883720930232558,0.0,0.004349470138549805,success,
breast_cancer,"MUL(mean perimeter,fractal dimension error)",MUL,"['mean perimeter', 'fractal dimension error']",0.9883720930232558,0.0,0.0040705204010009766,success,
breast_cancer,"DIV(mean perimeter,fractal dimension error)",DIV,"['mean perimeter', 'fractal dimension error']",0.9883720930232558,0.0,0.004765987396240234,success,
breast_cancer,"ADD(mean area,mean smoothness)",ADD,"['mean area', 'mean smoothness']",0.9883720930232558,0.0,0.0039865970611572266,success,
breast_cancer,"SUB(mean area,mean smoothness)",SUB,"['mean area', 'mean smoothness']",0.9883720930232558,0.0,0.004777669906616211,success,
breast_cancer,"MUL(mean area,mean smoothness)",MUL,"['mean area', 'mean smoothness']",0.9767441860465116,-0.011627906976744207,0.004113674163818359,success,
breast_cancer,"DIV(mean area,mean smoothness)",DIV,"['mean area', 'mean smoothness']",0.9883720930232558,0.0,0.004721403121948242,success,
breast_cancer,"ADD(mean area,mean compactness)",ADD,"['mean area', 'mean compactness']",0.9883720930232558,0.0,0.004102230072021484,success,
breast_cancer,"SUB(mean area,mean compactness)",SUB,"['mean area', 'mean compactness']",0.9767441860465116,-0.011627906976744207,0.004363298416137695,success,
breast_cancer,"MUL(mean area,mean compactness)",MUL,"['mean area', 'mean compactness']",0.9883720930232558,0.0,0.0041294097900390625,success,
breast_cancer,"DIV(mean area,mean compactness)",DIV,"['mean area', 'mean compactness']",0.9883720930232558,0.0,0.005988597869873047,success,
breast_cancer,"ADD(mean area,mean concavity)",ADD,"['mean area', 'mean concavity']",0.9767441860465116,-0.011627906976744207,0.006189823150634766,success,
breast_cancer,"SUB(mean area,mean concavity)",SUB,"['mean area', 'mean concavity']",0.9883720930232558,0.0,0.004290103912353516,success,
breast_cancer,"MUL(mean area,mean concavity)",MUL,"['mean area', 'mean concavity']",0.9883720930232558,0.0,0.003984928131103516,success,
breast_cancer,"DIV(mean area,mean concavity)",DIV,"['mean area', 'mean concavity']",0.9767441860465116,-0.011627906976744207,0.004311084747314453,success,
breast_cancer,"ADD(mean area,mean concave points)",ADD,"['mean area', 'mean concave points']",0.9883720930232558,0.0,0.004533052444458008,success,
breast_cancer,"SUB(mean area,mean concave points)",SUB,"['mean area', 'mean concave points']",0.9883720930232558,0.0,0.004294872283935547,success,
breast_cancer,"MUL(mean area,mean concave points)",MUL,"['mean area', 'mean concave points']",0.9883720930232558,0.0,0.004195690155029297,success,
breast_cancer,"DIV(mean area,mean concave points)",DIV,"['mean area', 'mean concave points']",0.9767441860465116,-0.011627906976744207,0.004618167877197266,success,
breast_cancer,"ADD(mean area,mean symmetry)",ADD,"['mean area', 'mean symmetry']",0.9883720930232558,0.0,0.00434112548828125,success,
breast_cancer,"SUB(mean area,mean symmetry)",SUB,"['mean area', 'mean symmetry']",0.9883720930232558,0.0,0.0040895938873291016,success,
breast_cancer,"MUL(mean area,mean symmetry)",MUL,"['mean area', 'mean symmetry']",0.9883720930232558,0.0,0.004132747650146484,success,
breast_cancer,"DIV(mean area,mean symmetry)",DIV,"['mean area', 'mean symmetry']",0.9883720930232558,0.0,0.006975650787353516,success,
breast_cancer,"ADD(mean area,mean fractal dimension)",ADD,"['mean area', 'mean fractal dimension']",0.9883720930232558,0.0,0.004401206970214844,success,
breast_cancer,"SUB(mean area,mean fractal dimension)",SUB,"['mean area', 'mean fractal dimension']",0.9767441860465116,-0.011627906976744207,0.0038678646087646484,success,
breast_cancer,"MUL(mean area,mean fractal dimension)",MUL,"['mean area', 'mean fractal dimension']",0.9883720930232558,0.0,0.004064798355102539,success,
breast_cancer,"DIV(mean area,mean fractal dimension)",DIV,"['mean area', 'mean fractal dimension']",0.9883720930232558,0.0,0.006333827972412109,success,
breast_cancer,"ADD(mean area,radius error)",ADD,"['mean area', 'radius error']",0.9883720930232558,0.0,0.004136562347412109,success,
breast_cancer,"SUB(mean area,radius error)",SUB,"['mean area', 'radius error']",0.9883720930232558,0.0,0.004216670989990234,success,
breast_cancer,"MUL(mean area,radius error)",MUL,"['mean area', 'radius error']",0.9767441860465116,-0.011627906976744207,0.0042383670806884766,success,
breast_cancer,"DIV(mean area,radius error)",DIV,"['mean area', 'radius error']",0.9883720930232558,0.0,0.004716396331787109,success,
breast_cancer,"ADD(mean area,texture error)",ADD,"['mean area', 'texture error']",0.9883720930232558,0.0,0.004115581512451172,success,
breast_cancer,"SUB(mean area,texture error)",SUB,"['mean area', 'texture error']",0.9883720930232558,0.0,0.004265546798706055,success,
breast_cancer,"MUL(mean area,texture error)",MUL,"['mean area', 'texture error']",0.9767441860465116,-0.011627906976744207,0.004569292068481445,success,
breast_cancer,"DIV(mean area,texture error)",DIV,"['mean area', 'texture error']",0.9883720930232558,0.0,0.008516073226928711,success,
breast_cancer,"ADD(mean area,perimeter error)",ADD,"['mean area', 'perimeter error']",0.9767441860465116,-0.011627906976744207,0.004229307174682617,success,
breast_cancer,"SUB(mean area,perimeter error)",SUB,"['mean area', 'perimeter error']",0.9883720930232558,0.0,0.004491090774536133,success,
breast_cancer,"MUL(mean area,perimeter error)",MUL,"['mean area', 'perimeter error']",0.9767441860465116,-0.011627906976744207,0.004347324371337891,success,
breast_cancer,"DIV(mean area,perimeter error)",DIV,"['mean area', 'perimeter error']",0.9767441860465116,-0.011627906976744207,0.004273414611816406,success,
breast_cancer,"ADD(mean area,area error)",ADD,"['mean area', 'area error']",0.9883720930232558,0.0,0.003995656967163086,success,
breast_cancer,"SUB(mean area,area error)",SUB,"['mean area', 'area error']",0.9883720930232558,0.0,0.004559993743896484,success,
breast_cancer,"MUL(mean area,area error)",MUL,"['mean area', 'area error']",0.9883720930232558,0.0,0.003985881805419922,success,
breast_cancer,"DIV(mean area,area error)",DIV,"['mean area', 'area error']",0.9767441860465116,-0.011627906976744207,0.004467964172363281,success,
breast_cancer,"ADD(mean area,smoothness error)",ADD,"['mean area', 'smoothness error']",0.9883720930232558,0.0,0.004216432571411133,success,
breast_cancer,"SUB(mean area,smoothness error)",SUB,"['mean area', 'smoothness error']",0.9883720930232558,0.0,0.004319429397583008,success,
breast_cancer,"MUL(mean area,smoothness error)",MUL,"['mean area', 'smoothness error']",0.9883720930232558,0.0,0.0038671493530273438,success,
breast_cancer,"DIV(mean area,smoothness error)",DIV,"['mean area', 'smoothness error']",0.9883720930232558,0.0,0.004538774490356445,success,
breast_cancer,"ADD(mean area,compactness error)",ADD,"['mean area', 'compactness error']",0.9883720930232558,0.0,0.004185914993286133,success,
breast_cancer,"SUB(mean area,compactness error)",SUB,"['mean area', 'compactness error']",0.9883720930232558,0.0,0.004086017608642578,success,
breast_cancer,"MUL(mean area,compactness error)",MUL,"['mean area', 'compactness error']",0.9883720930232558,0.0,0.004080533981323242,success,
breast_cancer,"DIV(mean area,compactness error)",DIV,"['mean area', 'compactness error']",0.9883720930232558,0.0,0.005117654800415039,success,
breast_cancer,"ADD(mean area,concavity error)",ADD,"['mean area', 'concavity error']",0.9883720930232558,0.0,0.004452228546142578,success,
breast_cancer,"SUB(mean area,concavity error)",SUB,"['mean area', 'concavity error']",0.9883720930232558,0.0,0.004202127456665039,success,
breast_cancer,"MUL(mean area,concavity error)",MUL,"['mean area', 'concavity error']",0.9883720930232558,0.0,0.004019737243652344,success,
breast_cancer,"DIV(mean area,concavity error)",DIV,"['mean area', 'concavity error']",0.9883720930232558,0.0,0.004479885101318359,success,
breast_cancer,"ADD(mean area,concave points error)",ADD,"['mean area', 'concave points error']",0.9883720930232558,0.0,0.004749298095703125,success,
breast_cancer,"SUB(mean area,concave points error)",SUB,"['mean area', 'concave points error']",0.9883720930232558,0.0,0.004156351089477539,success,
breast_cancer,"MUL(mean area,concave points error)",MUL,"['mean area', 'concave points error']",0.9883720930232558,0.0,0.0043735504150390625,success,
breast_cancer,"DIV(mean area,concave points error)",DIV,"['mean area', 'concave points error']",0.9883720930232558,0.0,0.005987644195556641,success,
breast_cancer,"ADD(mean area,symmetry error)",ADD,"['mean area', 'symmetry error']",0.9883720930232558,0.0,0.0044596195220947266,success,
breast_cancer,"SUB(mean area,symmetry error)",SUB,"['mean area', 'symmetry error']",0.9883720930232558,0.0,0.003964662551879883,success,
breast_cancer,"MUL(mean area,symmetry error)",MUL,"['mean area', 'symmetry error']",0.9883720930232558,0.0,0.0038514137268066406,success,
breast_cancer,"DIV(mean area,symmetry error)",DIV,"['mean area', 'symmetry error']",0.9883720930232558,0.0,0.005659341812133789,success,
breast_cancer,"ADD(mean area,fractal dimension error)",ADD,"['mean area', 'fractal dimension error']",0.9883720930232558,0.0,0.004115104675292969,success,
breast_cancer,"SUB(mean area,fractal dimension error)",SUB,"['mean area', 'fractal dimension error']",0.9883720930232558,0.0,0.0038366317749023438,success,
breast_cancer,"MUL(mean area,fractal dimension error)",MUL,"['mean area', 'fractal dimension error']",0.9883720930232558,0.0,0.003864288330078125,success,
breast_cancer,"DIV(mean area,fractal dimension error)",DIV,"['mean area', 'fractal dimension error']",0.9883720930232558,0.0,0.004913806915283203,success,
breast_cancer,"ADD(mean smoothness,mean compactness)",ADD,"['mean smoothness', 'mean compactness']",0.9883720930232558,0.0,0.004373073577880859,success,
breast_cancer,"SUB(mean smoothness,mean compactness)",SUB,"['mean smoothness', 'mean compactness']",0.9767441860465116,-0.011627906976744207,0.0040209293365478516,success,
breast_cancer,"MUL(mean smoothness,mean compactness)",MUL,"['mean smoothness', 'mean compactness']",0.9767441860465116,-0.011627906976744207,0.004136323928833008,success,
breast_cancer,"DIV(mean smoothness,mean compactness)",DIV,"['mean smoothness', 'mean compactness']",0.9767441860465116,-0.011627906976744207,0.0063593387603759766,success,
breast_cancer,"ADD(mean smoothness,mean concavity)",ADD,"['mean smoothness', 'mean concavity']",0.9767441860465116,-0.011627906976744207,0.004689455032348633,success,
breast_cancer,"SUB(mean smoothness,mean concavity)",SUB,"['mean smoothness', 'mean concavity']",0.9883720930232558,0.0,0.004215240478515625,success,
breast_cancer,"MUL(mean smoothness,mean concavity)",MUL,"['mean smoothness', 'mean concavity']",0.9767441860465116,-0.011627906976744207,0.004141569137573242,success,
breast_cancer,"DIV(mean smoothness,mean concavity)",DIV,"['mean smoothness', 'mean concavity']",0.9883720930232558,0.0,0.006072998046875,success,
breast_cancer,"ADD(mean smoothness,mean concave points)",ADD,"['mean smoothness', 'mean concave points']",0.9767441860465116,-0.011627906976744207,0.004230022430419922,success,
breast_cancer,"SUB(mean smoothness,mean concave points)",SUB,"['mean smoothness', 'mean concave points']",0.9883720930232558,0.0,0.004126548767089844,success,
breast_cancer,"MUL(mean smoothness,mean concave points)",MUL,"['mean smoothness', 'mean concave points']",0.9767441860465116,-0.011627906976744207,0.004659414291381836,success,
breast_cancer,"DIV(mean smoothness,mean concave points)",DIV,"['mean smoothness', 'mean concave points']",0.9883720930232558,0.0,0.004843473434448242,success,
breast_cancer,"ADD(mean smoothness,mean symmetry)",ADD,"['mean smoothness', 'mean symmetry']",0.9883720930232558,0.0,0.004361867904663086,success,
breast_cancer,"SUB(mean smoothness,mean symmetry)",SUB,"['mean smoothness', 'mean symmetry']",0.9883720930232558,0.0,0.004158735275268555,success,
breast_cancer,"MUL(mean smoothness,mean symmetry)",MUL,"['mean smoothness', 'mean symmetry']",0.9883720930232558,0.0,0.004482746124267578,success,
breast_cancer,"DIV(mean smoothness,mean symmetry)",DIV,"['mean smoothness', 'mean symmetry']",0.9883720930232558,0.0,0.01678180694580078,success,
breast_cancer,"ADD(mean smoothness,mean fractal dimension)",ADD,"['mean smoothness', 'mean fractal dimension']",0.9883720930232558,0.0,0.004377841949462891,success,
breast_cancer,"SUB(mean smoothness,mean fractal dimension)",SUB,"['mean smoothness', 'mean fractal dimension']",0.9767441860465116,-0.011627906976744207,0.003994941711425781,success,
breast_cancer,"MUL(mean smoothness,mean fractal dimension)",MUL,"['mean smoothness', 'mean fractal dimension']",0.9767441860465116,-0.011627906976744207,0.0038590431213378906,success,
breast_cancer,"DIV(mean smoothness,mean fractal dimension)",DIV,"['mean smoothness', 'mean fractal dimension']",0.9883720930232558,0.0,0.005174160003662109,success,
breast_cancer,"ADD(mean smoothness,radius error)",ADD,"['mean smoothness', 'radius error']",0.9767441860465116,-0.011627906976744207,0.004368305206298828,success,
breast_cancer,"SUB(mean smoothness,radius error)",SUB,"['mean smoothness', 'radius error']",0.9883720930232558,0.0,0.0039882659912109375,success,
breast_cancer,"MUL(mean smoothness,radius error)",MUL,"['mean smoothness', 'radius error']",0.9883720930232558,0.0,0.003826141357421875,success,
breast_cancer,"DIV(mean smoothness,radius error)",DIV,"['mean smoothness', 'radius error']",0.9883720930232558,0.0,0.00720524787902832,success,
breast_cancer,"ADD(mean smoothness,texture error)",ADD,"['mean smoothness', 'texture error']",0.9883720930232558,0.0,0.004246234893798828,success,
breast_cancer,"SUB(mean smoothness,texture error)",SUB,"['mean smoothness', 'texture error']",0.9883720930232558,0.0,0.004088640213012695,success,
breast_cancer,"MUL(mean smoothness,texture error)",MUL,"['mean smoothness', 'texture error']",0.9767441860465116,-0.011627906976744207,0.0043697357177734375,success,
breast_cancer,"DIV(mean smoothness,texture error)",DIV,"['mean smoothness', 'texture error']",0.9883720930232558,0.0,0.011471748352050781,success,
breast_cancer,"ADD(mean smoothness,perimeter error)",ADD,"['mean smoothness', 'perimeter error']",0.9767441860465116,-0.011627906976744207,0.004615068435668945,success,
breast_cancer,"SUB(mean smoothness,perimeter error)",SUB,"['mean smoothness', 'perimeter error']",0.9883720930232558,0.0,0.004175662994384766,success,
breast_cancer,"MUL(mean smoothness,perimeter error)",MUL,"['mean smoothness', 'perimeter error']",0.9883720930232558,0.0,0.004160404205322266,success,
breast_cancer,"DIV(mean smoothness,perimeter error)",DIV,"['mean smoothness', 'perimeter error']",0.9883720930232558,0.0,0.006091594696044922,success,
breast_cancer,"ADD(mean smoothness,area error)",ADD,"['mean smoothness', 'area error']",0.9767441860465116,-0.011627906976744207,0.004568338394165039,success,
breast_cancer,"SUB(mean smoothness,area error)",SUB,"['mean smoothness', 'area error']",0.9883720930232558,0.0,0.004055023193359375,success,
breast_cancer,"MUL(mean smoothness,area error)",MUL,"['mean smoothness', 'area error']",0.9883720930232558,0.0,0.0040950775146484375,success,
breast_cancer,"DIV(mean smoothness,area error)",DIV,"['mean smoothness', 'area error']",0.9883720930232558,0.0,0.006969928741455078,success,
breast_cancer,"ADD(mean smoothness,smoothness error)",ADD,"['mean smoothness', 'smoothness error']",0.9883720930232558,0.0,0.004291057586669922,success,
breast_cancer,"SUB(mean smoothness,smoothness error)",SUB,"['mean smoothness', 'smoothness error']",0.9883720930232558,0.0,0.004223346710205078,success,
breast_cancer,"MUL(mean smoothness,smoothness error)",MUL,"['mean smoothness', 'smoothness error']",0.9767441860465116,-0.011627906976744207,0.004186391830444336,success,
breast_cancer,"DIV(mean smoothness,smoothness error)",DIV,"['mean smoothness', 'smoothness error']",0.9651162790697675,-0.023255813953488302,0.0049211978912353516,success,
breast_cancer,"ADD(mean smoothness,compactness error)",ADD,"['mean smoothness', 'compactness error']",0.9883720930232558,0.0,0.004193782806396484,success,
breast_cancer,"SUB(mean smoothness,compactness error)",SUB,"['mean smoothness', 'compactness error']",0.9883720930232558,0.0,0.0040471553802490234,success,
breast_cancer,"MUL(mean smoothness,compactness error)",MUL,"['mean smoothness', 'compactness error']",0.9767441860465116,-0.011627906976744207,0.0041921138763427734,success,
breast_cancer,"DIV(mean smoothness,compactness error)",DIV,"['mean smoothness', 'compactness error']",0.9767441860465116,-0.011627906976744207,0.007036924362182617,success,
breast_cancer,"ADD(mean smoothness,concavity error)",ADD,"['mean smoothness', 'concavity error']",0.9883720930232558,0.0,0.0041408538818359375,success,
breast_cancer,"SUB(mean smoothness,concavity error)",SUB,"['mean smoothness', 'concavity error']",0.9883720930232558,0.0,0.004320383071899414,success,
breast_cancer,"MUL(mean smoothness,concavity error)",MUL,"['mean smoothness', 'concavity error']",0.9883720930232558,0.0,0.004107952117919922,success,
breast_cancer,"DIV(mean smoothness,concavity error)",DIV,"['mean smoothness', 'concavity error']",0.9883720930232558,0.0,0.007753610610961914,success,
breast_cancer,"ADD(mean smoothness,concave points error)",ADD,"['mean smoothness', 'concave points error']",0.9883720930232558,0.0,0.004222869873046875,success,
breast_cancer,"SUB(mean smoothness,concave points error)",SUB,"['mean smoothness', 'concave points error']",0.9883720930232558,0.0,0.0047075748443603516,success,
breast_cancer,"MUL(mean smoothness,concave points error)",MUL,"['mean smoothness', 'concave points error']",0.9767441860465116,-0.011627906976744207,0.003963947296142578,success,
breast_cancer,"DIV(mean smoothness,concave points error)",DIV,"['mean smoothness', 'concave points error']",0.9883720930232558,0.0,0.0124664306640625,success,
breast_cancer,"ADD(mean smoothness,symmetry error)",ADD,"['mean smoothness', 'symmetry error']",0.9883720930232558,0.0,0.004370927810668945,success,
breast_cancer,"SUB(mean smoothness,symmetry error)",SUB,"['mean smoothness', 'symmetry error']",0.9883720930232558,0.0,0.004057645797729492,success,
breast_cancer,"MUL(mean smoothness,symmetry error)",MUL,"['mean smoothness', 'symmetry error']",0.9767441860465116,-0.011627906976744207,0.004240274429321289,success,
breast_cancer,"DIV(mean smoothness,symmetry error)",DIV,"['mean smoothness', 'symmetry error']",0.9883720930232558,0.0,0.005059957504272461,success,
breast_cancer,"ADD(mean smoothness,fractal dimension error)",ADD,"['mean smoothness', 'fractal dimension error']",0.9883720930232558,0.0,0.004376411437988281,success,
breast_cancer,"SUB(mean smoothness,fractal dimension error)",SUB,"['mean smoothness', 'fractal dimension error']",0.9883720930232558,0.0,0.0038001537322998047,success,
breast_cancer,"MUL(mean smoothness,fractal dimension error)",MUL,"['mean smoothness', 'fractal dimension error']",0.9767441860465116,-0.011627906976744207,0.0042629241943359375,success,
breast_cancer,"DIV(mean smoothness,fractal dimension error)",DIV,"['mean smoothness', 'fractal dimension error']",0.9883720930232558,0.0,0.004932880401611328,success,
breast_cancer,"ADD(mean compactness,mean concavity)",ADD,"['mean compactness', 'mean concavity']",0.9883720930232558,0.0,0.00433802604675293,success,
breast_cancer,"SUB(mean compactness,mean concavity)",SUB,"['mean compactness', 'mean concavity']",0.9767441860465116,-0.011627906976744207,0.004290580749511719,success,
breast_cancer,"MUL(mean compactness,mean concavity)",MUL,"['mean compactness', 'mean concavity']",0.9767441860465116,-0.011627906976744207,0.00423884391784668,success,
breast_cancer,"DIV(mean compactness,mean concavity)",DIV,"['mean compactness', 'mean concavity']",0.9883720930232558,0.0,0.004532814025878906,success,
breast_cancer,"ADD(mean compactness,mean concave points)",ADD,"['mean compactness', 'mean concave points']",0.9883720930232558,0.0,0.004323005676269531,success,
breast_cancer,"SUB(mean compactness,mean concave points)",SUB,"['mean compactness', 'mean concave points']",0.9767441860465116,-0.011627906976744207,0.004107952117919922,success,
breast_cancer,"MUL(mean compactness,mean concave points)",MUL,"['mean compactness', 'mean concave points']",0.9767441860465116,-0.011627906976744207,0.004654407501220703,success,
breast_cancer,"DIV(mean compactness,mean concave points)",DIV,"['mean compactness', 'mean concave points']",0.9767441860465116,-0.011627906976744207,0.00464940071105957,success,
breast_cancer,"ADD(mean compactness,mean symmetry)",ADD,"['mean compactness', 'mean symmetry']",0.9767441860465116,-0.011627906976744207,0.004336357116699219,success,
breast_cancer,"SUB(mean compactness,mean symmetry)",SUB,"['mean compactness', 'mean symmetry']",0.9883720930232558,0.0,0.0041790008544921875,success,
breast_cancer,"MUL(mean compactness,mean symmetry)",MUL,"['mean compactness', 'mean symmetry']",0.9883720930232558,0.0,0.005142927169799805,success,
breast_cancer,"DIV(mean compactness,mean symmetry)",DIV,"['mean compactness', 'mean symmetry']",0.9883720930232558,0.0,0.014382600784301758,success,
breast_cancer,"ADD(mean compactness,mean fractal dimension)",ADD,"['mean compactness', 'mean fractal dimension']",0.9767441860465116,-0.011627906976744207,0.004462003707885742,success,
breast_cancer,"SUB(mean compactness,mean fractal dimension)",SUB,"['mean compactness', 'mean fractal dimension']",0.9883720930232558,0.0,0.004074573516845703,success,
breast_cancer,"MUL(mean compactness,mean fractal dimension)",MUL,"['mean compactness', 'mean fractal dimension']",0.9767441860465116,-0.011627906976744207,0.004139423370361328,success,
breast_cancer,"DIV(mean compactness,mean fractal dimension)",DIV,"['mean compactness', 'mean fractal dimension']",0.9767441860465116,-0.011627906976744207,0.0069179534912109375,success,
breast_cancer,"ADD(mean compactness,radius error)",ADD,"['mean compactness', 'radius error']",0.9883720930232558,0.0,0.00439000129699707,success,
breast_cancer,"SUB(mean compactness,radius error)",SUB,"['mean compactness', 'radius error']",0.9767441860465116,-0.011627906976744207,0.004194021224975586,success,
breast_cancer,"MUL(mean compactness,radius error)",MUL,"['mean compactness', 'radius error']",0.9883720930232558,0.0,0.003870248794555664,success,
breast_cancer,"DIV(mean compactness,radius error)",DIV,"['mean compactness', 'radius error']",0.9883720930232558,0.0,0.007257223129272461,success,
breast_cancer,"ADD(mean compactness,texture error)",ADD,"['mean compactness', 'texture error']",0.9767441860465116,-0.011627906976744207,0.004154205322265625,success,
breast_cancer,"SUB(mean compactness,texture error)",SUB,"['mean compactness', 'texture error']",0.9883720930232558,0.0,0.003972530364990234,success,
breast_cancer,"MUL(mean compactness,texture error)",MUL,"['mean compactness', 'texture error']",0.9767441860465116,-0.011627906976744207,0.004789829254150391,success,
breast_cancer,"DIV(mean compactness,texture error)",DIV,"['mean compactness', 'texture error']",0.9767441860465116,-0.011627906976744207,0.0073108673095703125,success,
breast_cancer,"ADD(mean compactness,perimeter error)",ADD,"['mean compactness', 'perimeter error']",0.9883720930232558,0.0,0.004208087921142578,success,
breast_cancer,"SUB(mean compactness,perimeter error)",SUB,"['mean compactness', 'perimeter error']",0.9767441860465116,-0.011627906976744207,0.004960060119628906,success,
breast_cancer,"MUL(mean compactness,perimeter error)",MUL,"['mean compactness', 'perimeter error']",0.9883720930232558,0.0,0.004183769226074219,success,
breast_cancer,"DIV(mean compactness,perimeter error)",DIV,"['mean compactness', 'perimeter error']",0.9883720930232558,0.0,0.0065729618072509766,success,
breast_cancer,"ADD(mean compactness,area error)",ADD,"['mean compactness', 'area error']",0.9883720930232558,0.0,0.004418134689331055,success,
breast_cancer,"SUB(mean compactness,area error)",SUB,"['mean compactness', 'area error']",0.9767441860465116,-0.011627906976744207,0.0043904781341552734,success,
breast_cancer,"MUL(mean compactness,area error)",MUL,"['mean compactness', 'area error']",0.9883720930232558,0.0,0.0041980743408203125,success,
breast_cancer,"DIV(mean compactness,area error)",DIV,"['mean compactness', 'area error']",0.9883720930232558,0.0,0.005027055740356445,success,
breast_cancer,"ADD(mean compactness,smoothness error)",ADD,"['mean compactness', 'smoothness error']",0.9883720930232558,0.0,0.0049228668212890625,success,
breast_cancer,"SUB(mean compactness,smoothness error)",SUB,"['mean compactness', 'smoothness error']",0.9883720930232558,0.0,0.00403594970703125,success,
breast_cancer,"MUL(mean compactness,smoothness error)",MUL,"['mean compactness', 'smoothness error']",0.9767441860465116,-0.011627906976744207,0.003902912139892578,success,
breast_cancer,"DIV(mean compactness,smoothness error)",DIV,"['mean compactness', 'smoothness error']",0.9767441860465116,-0.011627906976744207,0.005162477493286133,success,
breast_cancer,"ADD(mean compactness,compactness error)",ADD,"['mean compactness', 'compactness error']",0.9883720930232558,0.0,0.0044634342193603516,success,
breast_cancer,"SUB(mean compactness,compactness error)",SUB,"['mean compactness', 'compactness error']",0.9883720930232558,0.0,0.004155874252319336,success,
breast_cancer,"MUL(mean compactness,compactness error)",MUL,"['mean compactness', 'compactness error']",0.9767441860465116,-0.011627906976744207,0.0041086673736572266,success,
breast_cancer,"DIV(mean compactness,compactness error)",DIV,"['mean compactness', 'compactness error']",0.9767441860465116,-0.011627906976744207,0.005540609359741211,success,
breast_cancer,"ADD(mean compactness,concavity error)",ADD,"['mean compactness', 'concavity error']",0.9883720930232558,0.0,0.004472255706787109,success,
breast_cancer,"SUB(mean compactness,concavity error)",SUB,"['mean compactness', 'concavity error']",0.9883720930232558,0.0,0.0042536258697509766,success,
breast_cancer,"MUL(mean compactness,concavity error)",MUL,"['mean compactness', 'concavity error']",0.9767441860465116,-0.011627906976744207,0.004374980926513672,success,
breast_cancer,"DIV(mean compactness,concavity error)",DIV,"['mean compactness', 'concavity error']",0.9883720930232558,0.0,0.006911277770996094,success,
breast_cancer,"ADD(mean compactness,concave points error)",ADD,"['mean compactness', 'concave points error']",0.9767441860465116,-0.011627906976744207,0.004297733306884766,success,
breast_cancer,"SUB(mean compactness,concave points error)",SUB,"['mean compactness', 'concave points error']",0.9883720930232558,0.0,0.004063606262207031,success,
breast_cancer,"MUL(mean compactness,concave points error)",MUL,"['mean compactness', 'concave points error']",0.9767441860465116,-0.011627906976744207,0.004096508026123047,success,
breast_cancer,"DIV(mean compactness,concave points error)",DIV,"['mean compactness', 'concave points error']",0.9767441860465116,-0.011627906976744207,0.0055959224700927734,success,
breast_cancer,"ADD(mean compactness,symmetry error)",ADD,"['mean compactness', 'symmetry error']",0.9883720930232558,0.0,0.004366874694824219,success,
breast_cancer,"SUB(mean compactness,symmetry error)",SUB,"['mean compactness', 'symmetry error']",0.9883720930232558,0.0,0.0042345523834228516,success,
breast_cancer,"MUL(mean compactness,symmetry error)",MUL,"['mean compactness', 'symmetry error']",0.9767441860465116,-0.011627906976744207,0.004638671875,success,
breast_cancer,"DIV(mean compactness,symmetry error)",DIV,"['mean compactness', 'symmetry error']",0.9883720930232558,0.0,0.005033016204833984,success,
breast_cancer,"ADD(mean compactness,fractal dimension error)",ADD,"['mean compactness', 'fractal dimension error']",0.9767441860465116,-0.011627906976744207,0.004363536834716797,success,
breast_cancer,"SUB(mean compactness,fractal dimension error)",SUB,"['mean compactness', 'fractal dimension error']",0.9883720930232558,0.0,0.004177093505859375,success,
breast_cancer,"MUL(mean compactness,fractal dimension error)",MUL,"['mean compactness', 'fractal dimension error']",0.9767441860465116,-0.011627906976744207,0.0046672821044921875,success,
breast_cancer,"DIV(mean compactness,fractal dimension error)",DIV,"['mean compactness', 'fractal dimension error']",0.9883720930232558,0.0,0.005570888519287109,success,
breast_cancer,"ADD(mean concavity,mean concave points)",ADD,"['mean concavity', 'mean concave points']",0.9767441860465116,-0.011627906976744207,0.004253864288330078,success,
breast_cancer,"SUB(mean concavity,mean concave points)",SUB,"['mean concavity', 'mean concave points']",0.9883720930232558,0.0,0.004499197006225586,success,
breast_cancer,"MUL(mean concavity,mean concave points)",MUL,"['mean concavity', 'mean concave points']",0.9767441860465116,-0.011627906976744207,0.004424333572387695,success,
breast_cancer,"DIV(mean concavity,mean concave points)",DIV,"['mean concavity', 'mean concave points']",0.9883720930232558,0.0,0.004621028900146484,success,
breast_cancer,"ADD(mean concavity,mean symmetry)",ADD,"['mean concavity', 'mean symmetry']",0.9883720930232558,0.0,0.004312276840209961,success,
breast_cancer,"SUB(mean concavity,mean symmetry)",SUB,"['mean concavity', 'mean symmetry']",0.9767441860465116,-0.011627906976744207,0.004495143890380859,success,
breast_cancer,"MUL(mean concavity,mean symmetry)",MUL,"['mean concavity', 'mean symmetry']",0.9767441860465116,-0.011627906976744207,0.004114389419555664,success,
breast_cancer,"DIV(mean concavity,mean symmetry)",DIV,"['mean concavity', 'mean symmetry']",0.9883720930232558,0.0,0.01861739158630371,success,
breast_cancer,"ADD(mean concavity,mean fractal dimension)",ADD,"['mean concavity', 'mean fractal dimension']",0.9883720930232558,0.0,0.004428863525390625,success,
breast_cancer,"SUB(mean concavity,mean fractal dimension)",SUB,"['mean concavity', 'mean fractal dimension']",0.9767441860465116,-0.011627906976744207,0.004448413848876953,success,
breast_cancer,"MUL(mean concavity,mean fractal dimension)",MUL,"['mean concavity', 'mean fractal dimension']",0.9767441860465116,-0.011627906976744207,0.004248142242431641,success,
breast_cancer,"DIV(mean concavity,mean fractal dimension)",DIV,"['mean concavity', 'mean fractal dimension']",0.9767441860465116,-0.011627906976744207,0.005925178527832031,success,
breast_cancer,"ADD(mean concavity,radius error)",ADD,"['mean concavity', 'radius error']",0.9767441860465116,-0.011627906976744207,0.004180192947387695,success,
breast_cancer,"SUB(mean concavity,radius error)",SUB,"['mean concavity', 'radius error']",0.9883720930232558,0.0,0.0045871734619140625,success,
breast_cancer,"MUL(mean concavity,radius error)",MUL,"['mean concavity', 'radius error']",0.9883720930232558,0.0,0.0040280818939208984,success,
breast_cancer,"DIV(mean concavity,radius error)",DIV,"['mean concavity', 'radius error']",0.9883720930232558,0.0,0.004986763000488281,success,
breast_cancer,"ADD(mean concavity,texture error)",ADD,"['mean concavity', 'texture error']",0.9883720930232558,0.0,0.004425048828125,success,
breast_cancer,"SUB(mean concavity,texture error)",SUB,"['mean concavity', 'texture error']",0.9767441860465116,-0.011627906976744207,0.004726886749267578,success,
breast_cancer,"MUL(mean concavity,texture error)",MUL,"['mean concavity', 'texture error']",0.9883720930232558,0.0,0.004276275634765625,success,
breast_cancer,"DIV(mean concavity,texture error)",DIV,"['mean concavity', 'texture error']",0.9883720930232558,0.0,0.011683464050292969,success,
breast_cancer,"ADD(mean concavity,perimeter error)",ADD,"['mean concavity', 'perimeter error']",0.9767441860465116,-0.011627906976744207,0.004421710968017578,success,
breast_cancer,"SUB(mean concavity,perimeter error)",SUB,"['mean concavity', 'perimeter error']",0.9883720930232558,0.0,0.0043544769287109375,success,
breast_cancer,"MUL(mean concavity,perimeter error)",MUL,"['mean concavity', 'perimeter error']",0.9883720930232558,0.0,0.004450559616088867,success,
breast_cancer,"DIV(mean concavity,perimeter error)",DIV,"['mean concavity', 'perimeter error']",0.9883720930232558,0.0,0.005729198455810547,success,
breast_cancer,"ADD(mean concavity,area error)",ADD,"['mean concavity', 'area error']",0.9767441860465116,-0.011627906976744207,0.00409698486328125,success,
breast_cancer,"SUB(mean concavity,area error)",SUB,"['mean concavity', 'area error']",0.9883720930232558,0.0,0.004095554351806641,success,
breast_cancer,"MUL(mean concavity,area error)",MUL,"['mean concavity', 'area error']",0.9883720930232558,0.0,0.004098653793334961,success,
breast_cancer,"DIV(mean concavity,area error)",DIV,"['mean concavity', 'area error']",0.9883720930232558,0.0,0.004478931427001953,success,
breast_cancer,"ADD(mean concavity,smoothness error)",ADD,"['mean concavity', 'smoothness error']",0.9767441860465116,-0.011627906976744207,0.004366159439086914,success,
breast_cancer,"SUB(mean concavity,smoothness error)",SUB,"['mean concavity', 'smoothness error']",0.9767441860465116,-0.011627906976744207,0.004258155822753906,success,
breast_cancer,"MUL(mean concavity,smoothness error)",MUL,"['mean concavity', 'smoothness error']",0.9767441860465116,-0.011627906976744207,0.0044596195220947266,success,
breast_cancer,"DIV(mean concavity,smoothness error)",DIV,"['mean concavity', 'smoothness error']",0.9883720930232558,0.0,0.005575656890869141,success,
breast_cancer,"ADD(mean concavity,compactness error)",ADD,"['mean concavity', 'compactness error']",0.9883720930232558,0.0,0.003979206085205078,success,
breast_cancer,"SUB(mean concavity,compactness error)",SUB,"['mean concavity', 'compactness error']",0.9767441860465116,-0.011627906976744207,0.003985166549682617,success,
breast_cancer,"MUL(mean concavity,compactness error)",MUL,"['mean concavity', 'compactness error']",0.9767441860465116,-0.011627906976744207,0.0044651031494140625,success,
breast_cancer,"DIV(mean concavity,compactness error)",DIV,"['mean concavity', 'compactness error']",0.9767441860465116,-0.011627906976744207,0.004338264465332031,success,
breast_cancer,"ADD(mean concavity,concavity error)",ADD,"['mean concavity', 'concavity error']",0.9767441860465116,-0.011627906976744207,0.004190206527709961,success,
breast_cancer,"SUB(mean concavity,concavity error)",SUB,"['mean concavity', 'concavity error']",0.9767441860465116,-0.011627906976744207,0.004282474517822266,success,
breast_cancer,"MUL(mean concavity,concavity error)",MUL,"['mean concavity', 'concavity error']",0.9883720930232558,0.0,0.00452733039855957,success,
breast_cancer,"DIV(mean concavity,concavity error)",DIV,"['mean concavity', 'concavity error']",0.9883720930232558,0.0,0.0052111148834228516,success,
breast_cancer,"ADD(mean concavity,concave points error)",ADD,"['mean concavity', 'concave points error']",0.9883720930232558,0.0,0.0039365291595458984,success,
breast_cancer,"SUB(mean concavity,concave points error)",SUB,"['mean concavity', 'concave points error']",0.9767441860465116,-0.011627906976744207,0.004383563995361328,success,
breast_cancer,"MUL(mean concavity,concave points error)",MUL,"['mean concavity', 'concave points error']",0.9767441860465116,-0.011627906976744207,0.00410008430480957,success,
breast_cancer,"DIV(mean concavity,concave points error)",DIV,"['mean concavity', 'concave points error']",0.9883720930232558,0.0,0.005082130432128906,success,
breast_cancer,"ADD(mean concavity,symmetry error)",ADD,"['mean concavity', 'symmetry error']",0.9767441860465116,-0.011627906976744207,0.003964900970458984,success,
breast_cancer,"SUB(mean concavity,symmetry error)",SUB,"['mean concavity', 'symmetry error']",0.9883720930232558,0.0,0.004650592803955078,success,
breast_cancer,"MUL(mean concavity,symmetry error)",MUL,"['mean concavity', 'symmetry error']",0.9767441860465116,-0.011627906976744207,0.004103899002075195,success,
breast_cancer,"DIV(mean concavity,symmetry error)",DIV,"['mean concavity', 'symmetry error']",0.9883720930232558,0.0,0.005033254623413086,success,
breast_cancer,"ADD(mean concavity,fractal dimension error)",ADD,"['mean concavity', 'fractal dimension error']",0.9883720930232558,0.0,0.004254341125488281,success,
breast_cancer,"SUB(mean concavity,fractal dimension error)",SUB,"['mean concavity', 'fractal dimension error']",0.9767441860465116,-0.011627906976744207,0.004556179046630859,success,
breast_cancer,"MUL(mean concavity,fractal dimension error)",MUL,"['mean concavity', 'fractal dimension error']",0.9767441860465116,-0.011627906976744207,0.004499197006225586,success,
breast_cancer,"DIV(mean concavity,fractal dimension error)",DIV,"['mean concavity', 'fractal dimension error']",0.9883720930232558,0.0,0.005649089813232422,success,
breast_cancer,"ADD(mean concave points,mean symmetry)",ADD,"['mean concave points', 'mean symmetry']",0.9883720930232558,0.0,0.0046160221099853516,success,
breast_cancer,"SUB(mean concave points,mean symmetry)",SUB,"['mean concave points', 'mean symmetry']",0.9767441860465116,-0.011627906976744207,0.003953695297241211,success,
breast_cancer,"MUL(mean concave points,mean symmetry)",MUL,"['mean concave points', 'mean symmetry']",0.9883720930232558,0.0,0.004383087158203125,success,
breast_cancer,"DIV(mean concave points,mean symmetry)",DIV,"['mean concave points', 'mean symmetry']",0.9883720930232558,0.0,0.008867263793945312,success,
breast_cancer,"ADD(mean concave points,mean fractal dimension)",ADD,"['mean concave points', 'mean fractal dimension']",0.9883720930232558,0.0,0.004437446594238281,success,
breast_cancer,"SUB(mean concave points,mean fractal dimension)",SUB,"['mean concave points', 'mean fractal dimension']",0.9767441860465116,-0.011627906976744207,0.0038313865661621094,success,
breast_cancer,"MUL(mean concave points,mean fractal dimension)",MUL,"['mean concave points', 'mean fractal dimension']",0.9767441860465116,-0.011627906976744207,0.003915071487426758,success,
breast_cancer,"DIV(mean concave points,mean fractal dimension)",DIV,"['mean concave points', 'mean fractal dimension']",0.9883720930232558,0.0,0.006031990051269531,success,
breast_cancer,"ADD(mean concave points,radius error)",ADD,"['mean concave points', 'radius error']",0.9767441860465116,-0.011627906976744207,0.004312276840209961,success,
breast_cancer,"SUB(mean concave points,radius error)",SUB,"['mean concave points', 'radius error']",0.9883720930232558,0.0,0.004330635070800781,success,
breast_cancer,"MUL(mean concave points,radius error)",MUL,"['mean concave points', 'radius error']",0.9883720930232558,0.0,0.004205465316772461,success,
breast_cancer,"DIV(mean concave points,radius error)",DIV,"['mean concave points', 'radius error']",0.9883720930232558,0.0,0.005697488784790039,success,
breast_cancer,"ADD(mean concave points,texture error)",ADD,"['mean concave points', 'texture error']",0.9883720930232558,0.0,0.004229068756103516,success,
breast_cancer,"SUB(mean concave points,texture error)",SUB,"['mean concave points', 'texture error']",0.9767441860465116,-0.011627906976744207,0.004307270050048828,success,
breast_cancer,"MUL(mean concave points,texture error)",MUL,"['mean concave points', 'texture error']",0.9767441860465116,-0.011627906976744207,0.0047266483306884766,success,
breast_cancer,"DIV(mean concave points,texture error)",DIV,"['mean concave points', 'texture error']",0.9767441860465116,-0.011627906976744207,0.0061991214752197266,success,
breast_cancer,"ADD(mean concave points,perimeter error)",ADD,"['mean concave points', 'perimeter error']",0.9767441860465116,-0.011627906976744207,0.004127025604248047,success,
breast_cancer,"SUB(mean concave points,perimeter error)",SUB,"['mean concave points', 'perimeter error']",0.9883720930232558,0.0,0.004476308822631836,success,
breast_cancer,"MUL(mean concave points,perimeter error)",MUL,"['mean concave points', 'perimeter error']",0.9883720930232558,0.0,0.004147768020629883,success,
breast_cancer,"DIV(mean concave points,perimeter error)",DIV,"['mean concave points', 'perimeter error']",0.9883720930232558,0.0,0.004445075988769531,success,
breast_cancer,"ADD(mean concave points,area error)",ADD,"['mean concave points', 'area error']",0.9883720930232558,0.0,0.004285573959350586,success,
breast_cancer,"SUB(mean concave points,area error)",SUB,"['mean concave points', 'area error']",0.9883720930232558,0.0,0.004544973373413086,success,
breast_cancer,"MUL(mean concave points,area error)",MUL,"['mean concave points', 'area error']",0.9883720930232558,0.0,0.003934383392333984,success,
breast_cancer,"DIV(mean concave points,area error)",DIV,"['mean concave points', 'area error']",0.9883720930232558,0.0,0.0050351619720458984,success,
breast_cancer,"ADD(mean concave points,smoothness error)",ADD,"['mean concave points', 'smoothness error']",0.9883720930232558,0.0,0.004055976867675781,success,
breast_cancer,"SUB(mean concave points,smoothness error)",SUB,"['mean concave points', 'smoothness error']",0.9883720930232558,0.0,0.004174470901489258,success,
breast_cancer,"MUL(mean concave points,smoothness error)",MUL,"['mean concave points', 'smoothness error']",0.9767441860465116,-0.011627906976744207,0.003988981246948242,success,
breast_cancer,"DIV(mean concave points,smoothness error)",DIV,"['mean concave points', 'smoothness error']",0.9883720930232558,0.0,0.0053501129150390625,success,
breast_cancer,"ADD(mean concave points,compactness error)",ADD,"['mean concave points', 'compactness error']",0.9883720930232558,0.0,0.004875659942626953,success,
breast_cancer,"SUB(mean concave points,compactness error)",SUB,"['mean concave points', 'compactness error']",0.9883720930232558,0.0,0.0046465396881103516,success,
breast_cancer,"MUL(mean concave points,compactness error)",MUL,"['mean concave points', 'compactness error']",0.9767441860465116,-0.011627906976744207,0.004246950149536133,success,
breast_cancer,"DIV(mean concave points,compactness error)",DIV,"['mean concave points', 'compactness error']",0.9651162790697675,-0.023255813953488302,0.0053768157958984375,success,
breast_cancer,"ADD(mean concave points,concavity error)",ADD,"['mean concave points', 'concavity error']",0.9883720930232558,0.0,0.004557132720947266,success,
breast_cancer,"SUB(mean concave points,concavity error)",SUB,"['mean concave points', 'concavity error']",0.9883720930232558,0.0,0.0038132667541503906,success,
breast_cancer,"MUL(mean concave points,concavity error)",MUL,"['mean concave points', 'concavity error']",0.9767441860465116,-0.011627906976744207,0.003962278366088867,success,
breast_cancer,"DIV(mean concave points,concavity error)",DIV,"['mean concave points', 'concavity error']",0.9883720930232558,0.0,0.004773616790771484,success,
breast_cancer,"ADD(mean concave points,concave points error)",ADD,"['mean concave points', 'concave points error']",0.9883720930232558,0.0,0.004592418670654297,success,
breast_cancer,"SUB(mean concave points,concave points error)",SUB,"['mean concave points', 'concave points error']",0.9767441860465116,-0.011627906976744207,0.0040454864501953125,success,
breast_cancer,"MUL(mean concave points,concave points error)",MUL,"['mean concave points', 'concave points error']",0.9767441860465116,-0.011627906976744207,0.003908634185791016,success,
breast_cancer,"DIV(mean concave points,concave points error)",DIV,"['mean concave points', 'concave points error']",0.9883720930232558,0.0,0.005558013916015625,success,
breast_cancer,"ADD(mean concave points,symmetry error)",ADD,"['mean concave points', 'symmetry error']",0.9767441860465116,-0.011627906976744207,0.004964113235473633,success,
breast_cancer,"SUB(mean concave points,symmetry error)",SUB,"['mean concave points', 'symmetry error']",0.9883720930232558,0.0,0.004093170166015625,success,
breast_cancer,"MUL(mean concave points,symmetry error)",MUL,"['mean concave points', 'symmetry error']",0.9767441860465116,-0.011627906976744207,0.004045248031616211,success,
breast_cancer,"DIV(mean concave points,symmetry error)",DIV,"['mean concave points', 'symmetry error']",0.9767441860465116,-0.011627906976744207,0.005300998687744141,success,
breast_cancer,"ADD(mean concave points,fractal dimension error)",ADD,"['mean concave points', 'fractal dimension error']",0.9883720930232558,0.0,0.004286289215087891,success,
breast_cancer,"SUB(mean concave points,fractal dimension error)",SUB,"['mean concave points', 'fractal dimension error']",0.9883720930232558,0.0,0.003699064254760742,success,
breast_cancer,"MUL(mean concave points,fractal dimension error)",MUL,"['mean concave points', 'fractal dimension error']",0.9767441860465116,-0.011627906976744207,0.0039327144622802734,success,
breast_cancer,"DIV(mean concave points,fractal dimension error)",DIV,"['mean concave points', 'fractal dimension error']",0.9883720930232558,0.0,0.005068302154541016,success,
breast_cancer,"ADD(mean symmetry,mean fractal dimension)",ADD,"['mean symmetry', 'mean fractal dimension']",0.9767441860465116,-0.011627906976744207,0.004364967346191406,success,
breast_cancer,"SUB(mean symmetry,mean fractal dimension)",SUB,"['mean symmetry', 'mean fractal dimension']",0.9883720930232558,0.0,0.004265785217285156,success,
breast_cancer,"MUL(mean symmetry,mean fractal dimension)",MUL,"['mean symmetry', 'mean fractal dimension']",0.9883720930232558,0.0,0.00400853157043457,success,
breast_cancer,"DIV(mean symmetry,mean fractal dimension)",DIV,"['mean symmetry', 'mean fractal dimension']",0.9767441860465116,-0.011627906976744207,0.0061113834381103516,success,
breast_cancer,"ADD(mean symmetry,radius error)",ADD,"['mean symmetry', 'radius error']",0.9883720930232558,0.0,0.0042879581451416016,success,
breast_cancer,"SUB(mean symmetry,radius error)",SUB,"['mean symmetry', 'radius error']",0.9767441860465116,-0.011627906976744207,0.0039446353912353516,success,
breast_cancer,"MUL(mean symmetry,radius error)",MUL,"['mean symmetry', 'radius error']",0.9883720930232558,0.0,0.00410914421081543,success,
breast_cancer,"DIV(mean symmetry,radius error)",DIV,"['mean symmetry', 'radius error']",0.9883720930232558,0.0,0.007355928421020508,success,
breast_cancer,"ADD(mean symmetry,texture error)",ADD,"['mean symmetry', 'texture error']",0.9883720930232558,0.0,0.004111528396606445,success,
breast_cancer,"SUB(mean symmetry,texture error)",SUB,"['mean symmetry', 'texture error']",0.9883720930232558,0.0,0.004178047180175781,success,
breast_cancer,"MUL(mean symmetry,texture error)",MUL,"['mean symmetry', 'texture error']",0.9767441860465116,-0.011627906976744207,0.004522085189819336,success,
breast_cancer,"DIV(mean symmetry,texture error)",DIV,"['mean symmetry', 'texture error']",0.9767441860465116,-0.011627906976744207,0.006761789321899414,success,
breast_cancer,"ADD(mean symmetry,perimeter error)",ADD,"['mean symmetry', 'perimeter error']",0.9883720930232558,0.0,0.003946065902709961,success,
breast_cancer,"SUB(mean symmetry,perimeter error)",SUB,"['mean symmetry', 'perimeter error']",0.9767441860465116,-0.011627906976744207,0.0046100616455078125,success,
breast_cancer,"MUL(mean symmetry,perimeter error)",MUL,"['mean symmetry', 'perimeter error']",0.9883720930232558,0.0,0.005499839782714844,success,
breast_cancer,"DIV(mean symmetry,perimeter error)",DIV,"['mean symmetry', 'perimeter error']",0.9883720930232558,0.0,0.005468130111694336,success,
breast_cancer,"ADD(mean symmetry,area error)",ADD,"['mean symmetry', 'area error']",0.9883720930232558,0.0,0.004090070724487305,success,
breast_cancer,"SUB(mean symmetry,area error)",SUB,"['mean symmetry', 'area error']",0.9767441860465116,-0.011627906976744207,0.004399538040161133,success,
breast_cancer,"MUL(mean symmetry,area error)",MUL,"['mean symmetry', 'area error']",0.9883720930232558,0.0,0.004095315933227539,success,
breast_cancer,"DIV(mean symmetry,area error)",DIV,"['mean symmetry', 'area error']",0.9883720930232558,0.0,0.004617452621459961,success,
breast_cancer,"ADD(mean symmetry,smoothness error)",ADD,"['mean symmetry', 'smoothness error']",0.9883720930232558,0.0,0.004460573196411133,success,
breast_cancer,"SUB(mean symmetry,smoothness error)",SUB,"['mean symmetry', 'smoothness error']",0.9883720930232558,0.0,0.0044286251068115234,success,
breast_cancer,"MUL(mean symmetry,smoothness error)",MUL,"['mean symmetry', 'smoothness error']",0.9883720930232558,0.0,0.003911256790161133,success,
breast_cancer,"DIV(mean symmetry,smoothness error)",DIV,"['mean symmetry', 'smoothness error']",0.9883720930232558,0.0,0.005054473876953125,success,
breast_cancer,"ADD(mean symmetry,compactness error)",ADD,"['mean symmetry', 'compactness error']",0.9883720930232558,0.0,0.0050814151763916016,success,
breast_cancer,"SUB(mean symmetry,compactness error)",SUB,"['mean symmetry', 'compactness error']",0.9883720930232558,0.0,0.0042345523834228516,success,
breast_cancer,"MUL(mean symmetry,compactness error)",MUL,"['mean symmetry', 'compactness error']",0.9767441860465116,-0.011627906976744207,0.0041656494140625,success,
breast_cancer,"DIV(mean symmetry,compactness error)",DIV,"['mean symmetry', 'compactness error']",0.9767441860465116,-0.011627906976744207,0.005151987075805664,success,
breast_cancer,"ADD(mean symmetry,concavity error)",ADD,"['mean symmetry', 'concavity error']",0.9883720930232558,0.0,0.004628658294677734,success,
breast_cancer,"SUB(mean symmetry,concavity error)",SUB,"['mean symmetry', 'concavity error']",0.9883720930232558,0.0,0.004142284393310547,success,
breast_cancer,"MUL(mean symmetry,concavity error)",MUL,"['mean symmetry', 'concavity error']",0.9883720930232558,0.0,0.004086494445800781,success,
breast_cancer,"DIV(mean symmetry,concavity error)",DIV,"['mean symmetry', 'concavity error']",0.9883720930232558,0.0,0.006319284439086914,success,
breast_cancer,"ADD(mean symmetry,concave points error)",ADD,"['mean symmetry', 'concave points error']",0.9883720930232558,0.0,0.004564523696899414,success,
breast_cancer,"SUB(mean symmetry,concave points error)",SUB,"['mean symmetry', 'concave points error']",0.9883720930232558,0.0,0.004220008850097656,success,
breast_cancer,"MUL(mean symmetry,concave points error)",MUL,"['mean symmetry', 'concave points error']",0.9883720930232558,0.0,0.004106998443603516,success,
breast_cancer,"DIV(mean symmetry,concave points error)",DIV,"['mean symmetry', 'concave points error']",0.9883720930232558,0.0,0.008963584899902344,success,
breast_cancer,"ADD(mean symmetry,symmetry error)",ADD,"['mean symmetry', 'symmetry error']",0.9883720930232558,0.0,0.004244565963745117,success,
breast_cancer,"SUB(mean symmetry,symmetry error)",SUB,"['mean symmetry', 'symmetry error']",0.9883720930232558,0.0,0.003938198089599609,success,
breast_cancer,"MUL(mean symmetry,symmetry error)",MUL,"['mean symmetry', 'symmetry error']",0.9767441860465116,-0.011627906976744207,0.004393339157104492,success,
breast_cancer,"DIV(mean symmetry,symmetry error)",DIV,"['mean symmetry', 'symmetry error']",0.9883720930232558,0.0,0.004805088043212891,success,
breast_cancer,"ADD(mean symmetry,fractal dimension error)",ADD,"['mean symmetry', 'fractal dimension error']",0.9883720930232558,0.0,0.004443168640136719,success,
breast_cancer,"SUB(mean symmetry,fractal dimension error)",SUB,"['mean symmetry', 'fractal dimension error']",0.9883720930232558,0.0,0.0041027069091796875,success,
breast_cancer,"MUL(mean symmetry,fractal dimension error)",MUL,"['mean symmetry', 'fractal dimension error']",0.9883720930232558,0.0,0.004710197448730469,success,
breast_cancer,"DIV(mean symmetry,fractal dimension error)",DIV,"['mean symmetry', 'fractal dimension error']",0.9767441860465116,-0.011627906976744207,0.005698442459106445,success,
breast_cancer,"ADD(mean fractal dimension,radius error)",ADD,"['mean fractal dimension', 'radius error']",0.9883720930232558,0.0,0.0040798187255859375,success,
breast_cancer,"SUB(mean fractal dimension,radius error)",SUB,"['mean fractal dimension', 'radius error']",0.9767441860465116,-0.011627906976744207,0.004387855529785156,success,
breast_cancer,"MUL(mean fractal dimension,radius error)",MUL,"['mean fractal dimension', 'radius error']",0.9883720930232558,0.0,0.003962993621826172,success,
breast_cancer,"DIV(mean fractal dimension,radius error)",DIV,"['mean fractal dimension', 'radius error']",0.9883720930232558,0.0,0.004622459411621094,success,
breast_cancer,"ADD(mean fractal dimension,texture error)",ADD,"['mean fractal dimension', 'texture error']",0.9767441860465116,-0.011627906976744207,0.0043566226959228516,success,
breast_cancer,"SUB(mean fractal dimension,texture error)",SUB,"['mean fractal dimension', 'texture error']",0.9883720930232558,0.0,0.004729270935058594,success,
breast_cancer,"MUL(mean fractal dimension,texture error)",MUL,"['mean fractal dimension', 'texture error']",0.9767441860465116,-0.011627906976744207,0.0041255950927734375,success,
breast_cancer,"DIV(mean fractal dimension,texture error)",DIV,"['mean fractal dimension', 'texture error']",0.9883720930232558,0.0,0.019216299057006836,success,
breast_cancer,"ADD(mean fractal dimension,perimeter error)",ADD,"['mean fractal dimension', 'perimeter error']",0.9883720930232558,0.0,0.0041849613189697266,success,
breast_cancer,"SUB(mean fractal dimension,perimeter error)",SUB,"['mean fractal dimension', 'perimeter error']",0.9767441860465116,-0.011627906976744207,0.004328012466430664,success,
breast_cancer,"MUL(mean fractal dimension,perimeter error)",MUL,"['mean fractal dimension', 'perimeter error']",0.9883720930232558,0.0,0.004061222076416016,success,
breast_cancer,"DIV(mean fractal dimension,perimeter error)",DIV,"['mean fractal dimension', 'perimeter error']",0.9883720930232558,0.0,0.007316112518310547,success,
breast_cancer,"ADD(mean fractal dimension,area error)",ADD,"['mean fractal dimension', 'area error']",0.9883720930232558,0.0,0.0047070980072021484,success,
breast_cancer,"SUB(mean fractal dimension,area error)",SUB,"['mean fractal dimension', 'area error']",0.9767441860465116,-0.011627906976744207,0.004422426223754883,success,
breast_cancer,"MUL(mean fractal dimension,area error)",MUL,"['mean fractal dimension', 'area error']",0.9883720930232558,0.0,0.004172325134277344,success,
breast_cancer,"DIV(mean fractal dimension,area error)",DIV,"['mean fractal dimension', 'area error']",0.9883720930232558,0.0,0.004990816116333008,success,
breast_cancer,"ADD(mean fractal dimension,smoothness error)",ADD,"['mean fractal dimension', 'smoothness error']",0.9883720930232558,0.0,0.004601478576660156,success,
breast_cancer,"SUB(mean fractal dimension,smoothness error)",SUB,"['mean fractal dimension', 'smoothness error']",0.9883720930232558,0.0,0.004521846771240234,success,
breast_cancer,"MUL(mean fractal dimension,smoothness error)",MUL,"['mean fractal dimension', 'smoothness error']",0.9883720930232558,0.0,0.0037910938262939453,success,
breast_cancer,"DIV(mean fractal dimension,smoothness error)",DIV,"['mean fractal dimension', 'smoothness error']",0.9767441860465116,-0.011627906976744207,0.004510641098022461,success,
breast_cancer,"ADD(mean fractal dimension,compactness error)",ADD,"['mean fractal dimension', 'compactness error']",0.9883720930232558,0.0,0.0046308040618896484,success,
breast_cancer,"SUB(mean fractal dimension,compactness error)",SUB,"['mean fractal dimension', 'compactness error']",0.9883720930232558,0.0,0.004093170166015625,success,
breast_cancer,"MUL(mean fractal dimension,compactness error)",MUL,"['mean fractal dimension', 'compactness error']",0.9767441860465116,-0.011627906976744207,0.004349946975708008,success,
breast_cancer,"DIV(mean fractal dimension,compactness error)",DIV,"['mean fractal dimension', 'compactness error']",0.9883720930232558,0.0,0.005423545837402344,success,
breast_cancer,"ADD(mean fractal dimension,concavity error)",ADD,"['mean fractal dimension', 'concavity error']",0.9883720930232558,0.0,0.004591226577758789,success,
breast_cancer,"SUB(mean fractal dimension,concavity error)",SUB,"['mean fractal dimension', 'concavity error']",0.9883720930232558,0.0,0.004117488861083984,success,
breast_cancer,"MUL(mean fractal dimension,concavity error)",MUL,"['mean fractal dimension', 'concavity error']",0.9883720930232558,0.0,0.004045724868774414,success,
breast_cancer,"DIV(mean fractal dimension,concavity error)",DIV,"['mean fractal dimension', 'concavity error']",0.9883720930232558,0.0,0.006654262542724609,success,
breast_cancer,"ADD(mean fractal dimension,concave points error)",ADD,"['mean fractal dimension', 'concave points error']",0.9883720930232558,0.0,0.0044405460357666016,success,
breast_cancer,"SUB(mean fractal dimension,concave points error)",SUB,"['mean fractal dimension', 'concave points error']",0.9883720930232558,0.0,0.004092216491699219,success,
breast_cancer,"MUL(mean fractal dimension,concave points error)",MUL,"['mean fractal dimension', 'concave points error']",0.9883720930232558,0.0,0.0039937496185302734,success,
breast_cancer,"DIV(mean fractal dimension,concave points error)",DIV,"['mean fractal dimension', 'concave points error']",0.9883720930232558,0.0,0.005621194839477539,success,
breast_cancer,"ADD(mean fractal dimension,symmetry error)",ADD,"['mean fractal dimension', 'symmetry error']",0.9883720930232558,0.0,0.004067659378051758,success,
breast_cancer,"SUB(mean fractal dimension,symmetry error)",SUB,"['mean fractal dimension', 'symmetry error']",0.9883720930232558,0.0,0.0040476322174072266,success,
breast_cancer,"MUL(mean fractal dimension,symmetry error)",MUL,"['mean fractal dimension', 'symmetry error']",0.9767441860465116,-0.011627906976744207,0.00447535514831543,success,
breast_cancer,"DIV(mean fractal dimension,symmetry error)",DIV,"['mean fractal dimension', 'symmetry error']",0.9883720930232558,0.0,0.00552058219909668,success,
breast_cancer,"ADD(mean fractal dimension,fractal dimension error)",ADD,"['mean fractal dimension', 'fractal dimension error']",0.9767441860465116,-0.011627906976744207,0.004088401794433594,success,
breast_cancer,"SUB(mean fractal dimension,fractal dimension error)",SUB,"['mean fractal dimension', 'fractal dimension error']",0.9883720930232558,0.0,0.004130840301513672,success,
breast_cancer,"MUL(mean fractal dimension,fractal dimension error)",MUL,"['mean fractal dimension', 'fractal dimension error']",0.9883720930232558,0.0,0.0046198368072509766,success,
breast_cancer,"DIV(mean fractal dimension,fractal dimension error)",DIV,"['mean fractal dimension', 'fractal dimension error']",0.9883720930232558,0.0,0.00576472282409668,success,
breast_cancer,"ADD(radius error,texture error)",ADD,"['radius error', 'texture error']",0.9883720930232558,0.0,0.004046916961669922,success,
breast_cancer,"SUB(radius error,texture error)",SUB,"['radius error', 'texture error']",0.9767441860465116,-0.011627906976744207,0.004275083541870117,success,
breast_cancer,"MUL(radius error,texture error)",MUL,"['radius error', 'texture error']",0.9767441860465116,-0.011627906976744207,0.004391670227050781,success,
breast_cancer,"DIV(radius error,texture error)",DIV,"['radius error', 'texture error']",0.9883720930232558,0.0,0.01117086410522461,success,
breast_cancer,"ADD(radius error,perimeter error)",ADD,"['radius error', 'perimeter error']",0.9767441860465116,-0.011627906976744207,0.004583597183227539,success,
breast_cancer,"SUB(radius error,perimeter error)",SUB,"['radius error', 'perimeter error']",0.9883720930232558,0.0,0.004135847091674805,success,
breast_cancer,"MUL(radius error,perimeter error)",MUL,"['radius error', 'perimeter error']",0.9883720930232558,0.0,0.003827333450317383,success,
breast_cancer,"DIV(radius error,perimeter error)",DIV,"['radius error', 'perimeter error']",0.9883720930232558,0.0,0.004179716110229492,success,
breast_cancer,"ADD(radius error,area error)",ADD,"['radius error', 'area error']",0.9883720930232558,0.0,0.0045092105865478516,success,
breast_cancer,"SUB(radius error,area error)",SUB,"['radius error', 'area error']",0.9883720930232558,0.0,0.004239320755004883,success,
breast_cancer,"MUL(radius error,area error)",MUL,"['radius error', 'area error']",0.9883720930232558,0.0,0.0041048526763916016,success,
breast_cancer,"DIV(radius error,area error)",DIV,"['radius error', 'area error']",0.9883720930232558,0.0,0.004578113555908203,success,
breast_cancer,"ADD(radius error,smoothness error)",ADD,"['radius error', 'smoothness error']",0.9883720930232558,0.0,0.005026817321777344,success,
breast_cancer,"SUB(radius error,smoothness error)",SUB,"['radius error', 'smoothness error']",0.9883720930232558,0.0,0.004155635833740234,success,
breast_cancer,"MUL(radius error,smoothness error)",MUL,"['radius error', 'smoothness error']",0.9883720930232558,0.0,0.00401616096496582,success,
breast_cancer,"DIV(radius error,smoothness error)",DIV,"['radius error', 'smoothness error']",0.9883720930232558,0.0,0.005233287811279297,success,
breast_cancer,"ADD(radius error,compactness error)",ADD,"['radius error', 'compactness error']",0.9767441860465116,-0.011627906976744207,0.004389524459838867,success,
breast_cancer,"SUB(radius error,compactness error)",SUB,"['radius error', 'compactness error']",0.9883720930232558,0.0,0.004029273986816406,success,
breast_cancer,"MUL(radius error,compactness error)",MUL,"['radius error', 'compactness error']",0.9883720930232558,0.0,0.004266500473022461,success,
breast_cancer,"DIV(radius error,compactness error)",DIV,"['radius error', 'compactness error']",0.9883720930232558,0.0,0.005005359649658203,success,
breast_cancer,"ADD(radius error,concavity error)",ADD,"['radius error', 'concavity error']",0.9767441860465116,-0.011627906976744207,0.004307985305786133,success,
breast_cancer,"SUB(radius error,concavity error)",SUB,"['radius error', 'concavity error']",0.9883720930232558,0.0,0.004229307174682617,success,
breast_cancer,"MUL(radius error,concavity error)",MUL,"['radius error', 'concavity error']",0.9883720930232558,0.0,0.0038619041442871094,success,
breast_cancer,"DIV(radius error,concavity error)",DIV,"['radius error', 'concavity error']",0.9883720930232558,0.0,0.006402015686035156,success,
breast_cancer,"ADD(radius error,concave points error)",ADD,"['radius error', 'concave points error']",0.9883720930232558,0.0,0.004338741302490234,success,
breast_cancer,"SUB(radius error,concave points error)",SUB,"['radius error', 'concave points error']",0.9767441860465116,-0.011627906976744207,0.00402379035949707,success,
breast_cancer,"MUL(radius error,concave points error)",MUL,"['radius error', 'concave points error']",0.9767441860465116,-0.011627906976744207,0.004318714141845703,success,
breast_cancer,"DIV(radius error,concave points error)",DIV,"['radius error', 'concave points error']",0.9883720930232558,0.0,0.009274482727050781,success,
breast_cancer,"ADD(radius error,symmetry error)",ADD,"['radius error', 'symmetry error']",0.9767441860465116,-0.011627906976744207,0.0044956207275390625,success,
breast_cancer,"SUB(radius error,symmetry error)",SUB,"['radius error', 'symmetry error']",0.9883720930232558,0.0,0.004518270492553711,success,
breast_cancer,"MUL(radius error,symmetry error)",MUL,"['radius error', 'symmetry error']",0.9883720930232558,0.0,0.004042863845825195,success,
breast_cancer,"DIV(radius error,symmetry error)",DIV,"['radius error', 'symmetry error']",0.9883720930232558,0.0,0.004698514938354492,success,
breast_cancer,"ADD(radius error,fractal dimension error)",ADD,"['radius error', 'fractal dimension error']",0.9883720930232558,0.0,0.004313945770263672,success,
breast_cancer,"SUB(radius error,fractal dimension error)",SUB,"['radius error', 'fractal dimension error']",0.9883720930232558,0.0,0.0047838687896728516,success,
breast_cancer,"MUL(radius error,fractal dimension error)",MUL,"['radius error', 'fractal dimension error']",0.9883720930232558,0.0,0.0043528079986572266,success,
breast_cancer,"DIV(radius error,fractal dimension error)",DIV,"['radius error', 'fractal dimension error']",0.9767441860465116,-0.011627906976744207,0.004824399948120117,success,
breast_cancer,"ADD(texture error,perimeter error)",ADD,"['texture error', 'perimeter error']",0.9883720930232558,0.0,0.004508256912231445,success,
breast_cancer,"SUB(texture error,perimeter error)",SUB,"['texture error', 'perimeter error']",0.9767441860465116,-0.011627906976744207,0.004470109939575195,success,
breast_cancer,"MUL(texture error,perimeter error)",MUL,"['texture error', 'perimeter error']",0.9767441860465116,-0.011627906976744207,0.003973960876464844,success,
breast_cancer,"DIV(texture error,perimeter error)",DIV,"['texture error', 'perimeter error']",0.9883720930232558,0.0,0.005676746368408203,success,
breast_cancer,"ADD(texture error,area error)",ADD,"['texture error', 'area error']",0.9883720930232558,0.0,0.004554271697998047,success,
breast_cancer,"SUB(texture error,area error)",SUB,"['texture error', 'area error']",0.9883720930232558,0.0,0.004175901412963867,success,
breast_cancer,"MUL(texture error,area error)",MUL,"['texture error', 'area error']",0.9767441860465116,-0.011627906976744207,0.004145622253417969,success,
breast_cancer,"DIV(texture error,area error)",DIV,"['texture error', 'area error']",0.9651162790697675,-0.023255813953488302,0.005532026290893555,success,
breast_cancer,"ADD(texture error,smoothness error)",ADD,"['texture error', 'smoothness error']",0.9883720930232558,0.0,0.004503488540649414,success,
breast_cancer,"SUB(texture error,smoothness error)",SUB,"['texture error', 'smoothness error']",0.9883720930232558,0.0,0.004235029220581055,success,
breast_cancer,"MUL(texture error,smoothness error)",MUL,"['texture error', 'smoothness error']",0.9651162790697675,-0.023255813953488302,0.004182338714599609,success,
breast_cancer,"DIV(texture error,smoothness error)",DIV,"['texture error', 'smoothness error']",0.9883720930232558,0.0,0.005838155746459961,success,
breast_cancer,"ADD(texture error,compactness error)",ADD,"['texture error', 'compactness error']",0.9883720930232558,0.0,0.004545688629150391,success,
breast_cancer,"SUB(texture error,compactness error)",SUB,"['texture error', 'compactness error']",0.9883720930232558,0.0,0.004289865493774414,success,
breast_cancer,"MUL(texture error,compactness error)",MUL,"['texture error', 'compactness error']",0.9767441860465116,-0.011627906976744207,0.004305601119995117,success,
breast_cancer,"DIV(texture error,compactness error)",DIV,"['texture error', 'compactness error']",0.9651162790697675,-0.023255813953488302,0.0048677921295166016,success,
breast_cancer,"ADD(texture error,concavity error)",ADD,"['texture error', 'concavity error']",0.9883720930232558,0.0,0.003938436508178711,success,
breast_cancer,"SUB(texture error,concavity error)",SUB,"['texture error', 'concavity error']",0.9883720930232558,0.0,0.004297971725463867,success,
breast_cancer,"MUL(texture error,concavity error)",MUL,"['texture error', 'concavity error']",0.9767441860465116,-0.011627906976744207,0.004677772521972656,success,
breast_cancer,"DIV(texture error,concavity error)",DIV,"['texture error', 'concavity error']",0.9767441860465116,-0.011627906976744207,0.008002996444702148,success,
breast_cancer,"ADD(texture error,concave points error)",ADD,"['texture error', 'concave points error']",0.9883720930232558,0.0,0.0039386749267578125,success,
breast_cancer,"SUB(texture error,concave points error)",SUB,"['texture error', 'concave points error']",0.9883720930232558,0.0,0.0040912628173828125,success,
breast_cancer,"MUL(texture error,concave points error)",MUL,"['texture error', 'concave points error']",0.9767441860465116,-0.011627906976744207,0.00431370735168457,success,
breast_cancer,"DIV(texture error,concave points error)",DIV,"['texture error', 'concave points error']",0.9767441860465116,-0.011627906976744207,0.006099224090576172,success,
breast_cancer,"ADD(texture error,symmetry error)",ADD,"['texture error', 'symmetry error']",0.9883720930232558,0.0,0.0040378570556640625,success,
breast_cancer,"SUB(texture error,symmetry error)",SUB,"['texture error', 'symmetry error']",0.9883720930232558,0.0,0.003996610641479492,success,
breast_cancer,"MUL(texture error,symmetry error)",MUL,"['texture error', 'symmetry error']",0.9767441860465116,-0.011627906976744207,0.004485607147216797,success,
breast_cancer,"DIV(texture error,symmetry error)",DIV,"['texture error', 'symmetry error']",0.9767441860465116,-0.011627906976744207,0.00549626350402832,success,
breast_cancer,"ADD(texture error,fractal dimension error)",ADD,"['texture error', 'fractal dimension error']",0.9883720930232558,0.0,0.004048824310302734,success,
breast_cancer,"SUB(texture error,fractal dimension error)",SUB,"['texture error', 'fractal dimension error']",0.9883720930232558,0.0,0.004405975341796875,success,
breast_cancer,"MUL(texture error,fractal dimension error)",MUL,"['texture error', 'fractal dimension error']",0.9767441860465116,-0.011627906976744207,0.004111289978027344,success,
breast_cancer,"DIV(texture error,fractal dimension error)",DIV,"['texture error', 'fractal dimension error']",0.9651162790697675,-0.023255813953488302,0.004776954650878906,success,
breast_cancer,"ADD(perimeter error,area error)",ADD,"['perimeter error', 'area error']",0.9767441860465116,-0.011627906976744207,0.004230976104736328,success,
breast_cancer,"SUB(perimeter error,area error)",SUB,"['perimeter error', 'area error']",0.9883720930232558,0.0,0.004677772521972656,success,
breast_cancer,"MUL(perimeter error,area error)",MUL,"['perimeter error', 'area error']",0.9883720930232558,0.0,0.004024982452392578,success,
breast_cancer,"DIV(perimeter error,area error)",DIV,"['perimeter error', 'area error']",0.9883720930232558,0.0,0.004634380340576172,success,
breast_cancer,"ADD(perimeter error,smoothness error)",ADD,"['perimeter error', 'smoothness error']",0.9883720930232558,0.0,0.0041255950927734375,success,
breast_cancer,"SUB(perimeter error,smoothness error)",SUB,"['perimeter error', 'smoothness error']",0.9767441860465116,-0.011627906976744207,0.0046274662017822266,success,
breast_cancer,"MUL(perimeter error,smoothness error)",MUL,"['perimeter error', 'smoothness error']",0.9767441860465116,-0.011627906976744207,0.0040972232818603516,success,
breast_cancer,"DIV(perimeter error,smoothness error)",DIV,"['perimeter error', 'smoothness error']",0.9883720930232558,0.0,0.004390239715576172,success,
breast_cancer,"ADD(perimeter error,compactness error)",ADD,"['perimeter error', 'compactness error']",0.9883720930232558,0.0,0.004143476486206055,success,
breast_cancer,"SUB(perimeter error,compactness error)",SUB,"['perimeter error', 'compactness error']",0.9883720930232558,0.0,0.004649162292480469,success,
breast_cancer,"MUL(perimeter error,compactness error)",MUL,"['perimeter error', 'compactness error']",0.9883720930232558,0.0,0.003946065902709961,success,
breast_cancer,"DIV(perimeter error,compactness error)",DIV,"['perimeter error', 'compactness error']",0.9883720930232558,0.0,0.005172014236450195,success,
breast_cancer,"ADD(perimeter error,concavity error)",ADD,"['perimeter error', 'concavity error']",0.9767441860465116,-0.011627906976744207,0.00491023063659668,success,
breast_cancer,"SUB(perimeter error,concavity error)",SUB,"['perimeter error', 'concavity error']",0.9883720930232558,0.0,0.004122495651245117,success,
breast_cancer,"MUL(perimeter error,concavity error)",MUL,"['perimeter error', 'concavity error']",0.9883720930232558,0.0,0.004248857498168945,success,
breast_cancer,"DIV(perimeter error,concavity error)",DIV,"['perimeter error', 'concavity error']",0.9883720930232558,0.0,0.00495600700378418,success,
breast_cancer,"ADD(perimeter error,concave points error)",ADD,"['perimeter error', 'concave points error']",0.9883720930232558,0.0,0.004529476165771484,success,
breast_cancer,"SUB(perimeter error,concave points error)",SUB,"['perimeter error', 'concave points error']",0.9767441860465116,-0.011627906976744207,0.004109621047973633,success,
breast_cancer,"MUL(perimeter error,concave points error)",MUL,"['perimeter error', 'concave points error']",0.9767441860465116,-0.011627906976744207,0.00412750244140625,success,
breast_cancer,"DIV(perimeter error,concave points error)",DIV,"['perimeter error', 'concave points error']",0.9883720930232558,0.0,0.007885932922363281,success,
breast_cancer,"ADD(perimeter error,symmetry error)",ADD,"['perimeter error', 'symmetry error']",0.9767441860465116,-0.011627906976744207,0.0038938522338867188,success,
breast_cancer,"SUB(perimeter error,symmetry error)",SUB,"['perimeter error', 'symmetry error']",0.9883720930232558,0.0,0.004119396209716797,success,
breast_cancer,"MUL(perimeter error,symmetry error)",MUL,"['perimeter error', 'symmetry error']",0.9883720930232558,0.0,0.004051923751831055,success,
breast_cancer,"DIV(perimeter error,symmetry error)",DIV,"['perimeter error', 'symmetry error']",0.9883720930232558,0.0,0.004724025726318359,success,
breast_cancer,"ADD(perimeter error,fractal dimension error)",ADD,"['perimeter error', 'fractal dimension error']",0.9883720930232558,0.0,0.0042476654052734375,success,
breast_cancer,"SUB(perimeter error,fractal dimension error)",SUB,"['perimeter error', 'fractal dimension error']",0.9767441860465116,-0.011627906976744207,0.003924846649169922,success,
breast_cancer,"MUL(perimeter error,fractal dimension error)",MUL,"['perimeter error', 'fractal dimension error']",0.9767441860465116,-0.011627906976744207,0.004049062728881836,success,
breast_cancer,"DIV(perimeter error,fractal dimension error)",DIV,"['perimeter error', 'fractal dimension error']",0.9767441860465116,-0.011627906976744207,0.005399942398071289,success,
breast_cancer,"ADD(area error,smoothness error)",ADD,"['area error', 'smoothness error']",0.9883720930232558,0.0,0.0039370059967041016,success,
breast_cancer,"SUB(area error,smoothness error)",SUB,"['area error', 'smoothness error']",0.9883720930232558,0.0,0.0040798187255859375,success,
breast_cancer,"MUL(area error,smoothness error)",MUL,"['area error', 'smoothness error']",0.9883720930232558,0.0,0.0041849613189697266,success,
breast_cancer,"DIV(area error,smoothness error)",DIV,"['area error', 'smoothness error']",0.9883720930232558,0.0,0.004744529724121094,success,
breast_cancer,"ADD(area error,compactness error)",ADD,"['area error', 'compactness error']",0.9883720930232558,0.0,0.004208087921142578,success,
breast_cancer,"SUB(area error,compactness error)",SUB,"['area error', 'compactness error']",0.9883720930232558,0.0,0.0042040348052978516,success,
breast_cancer,"MUL(area error,compactness error)",MUL,"['area error', 'compactness error']",0.9883720930232558,0.0,0.004259586334228516,success,
breast_cancer,"DIV(area error,compactness error)",DIV,"['area error', 'compactness error']",0.9883720930232558,0.0,0.005675554275512695,success,
breast_cancer,"ADD(area error,concavity error)",ADD,"['area error', 'concavity error']",0.9883720930232558,0.0,0.004280805587768555,success,
breast_cancer,"SUB(area error,concavity error)",SUB,"['area error', 'concavity error']",0.9883720930232558,0.0,0.004047393798828125,success,
breast_cancer,"MUL(area error,concavity error)",MUL,"['area error', 'concavity error']",0.9883720930232558,0.0,0.0044324398040771484,success,
breast_cancer,"DIV(area error,concavity error)",DIV,"['area error', 'concavity error']",0.9883720930232558,0.0,0.0055387020111083984,success,
breast_cancer,"ADD(area error,concave points error)",ADD,"['area error', 'concave points error']",0.9883720930232558,0.0,0.004124879837036133,success,
breast_cancer,"SUB(area error,concave points error)",SUB,"['area error', 'concave points error']",0.9767441860465116,-0.011627906976744207,0.003976583480834961,success,
breast_cancer,"MUL(area error,concave points error)",MUL,"['area error', 'concave points error']",0.9883720930232558,0.0,0.004451751708984375,success,
breast_cancer,"DIV(area error,concave points error)",DIV,"['area error', 'concave points error']",0.9883720930232558,0.0,0.0076868534088134766,success,
breast_cancer,"ADD(area error,symmetry error)",ADD,"['area error', 'symmetry error']",0.9883720930232558,0.0,0.0041577816009521484,success,
breast_cancer,"SUB(area error,symmetry error)",SUB,"['area error', 'symmetry error']",0.9883720930232558,0.0,0.004347562789916992,success,
breast_cancer,"MUL(area error,symmetry error)",MUL,"['area error', 'symmetry error']",0.9883720930232558,0.0,0.004217863082885742,success,
breast_cancer,"DIV(area error,symmetry error)",DIV,"['area error', 'symmetry error']",0.9883720930232558,0.0,0.0045337677001953125,success,
breast_cancer,"ADD(area error,fractal dimension error)",ADD,"['area error', 'fractal dimension error']",0.9883720930232558,0.0,0.004309892654418945,success,
breast_cancer,"SUB(area error,fractal dimension error)",SUB,"['area error', 'fractal dimension error']",0.9883720930232558,0.0,0.0043332576751708984,success,
breast_cancer,"MUL(area error,fractal dimension error)",MUL,"['area error', 'fractal dimension error']",0.9883720930232558,0.0,0.004246950149536133,success,
breast_cancer,"DIV(area error,fractal dimension error)",DIV,"['area error', 'fractal dimension error']",0.9767441860465116,-0.011627906976744207,0.0044231414794921875,success,
breast_cancer,"ADD(smoothness error,compactness error)",ADD,"['smoothness error', 'compactness error']",0.9883720930232558,0.0,0.004368782043457031,success,
breast_cancer,"SUB(smoothness error,compactness error)",SUB,"['smoothness error', 'compactness error']",0.9883720930232558,0.0,0.005024433135986328,success,
breast_cancer,"MUL(smoothness error,compactness error)",MUL,"['smoothness error', 'compactness error']",0.9651162790697675,-0.023255813953488302,0.004152536392211914,success,
breast_cancer,"DIV(smoothness error,compactness error)",DIV,"['smoothness error', 'compactness error']",0.9767441860465116,-0.011627906976744207,0.004789590835571289,success,
breast_cancer,"ADD(smoothness error,concavity error)",ADD,"['smoothness error', 'concavity error']",0.9883720930232558,0.0,0.004390716552734375,success,
breast_cancer,"SUB(smoothness error,concavity error)",SUB,"['smoothness error', 'concavity error']",0.9883720930232558,0.0,0.0040683746337890625,success,
breast_cancer,"MUL(smoothness error,concavity error)",MUL,"['smoothness error', 'concavity error']",0.9651162790697675,-0.023255813953488302,0.004072666168212891,success,
breast_cancer,"DIV(smoothness error,concavity error)",DIV,"['smoothness error', 'concavity error']",0.9767441860465116,-0.011627906976744207,0.004586935043334961,success,
breast_cancer,"ADD(smoothness error,concave points error)",ADD,"['smoothness error', 'concave points error']",0.9883720930232558,0.0,0.004921913146972656,success,
breast_cancer,"SUB(smoothness error,concave points error)",SUB,"['smoothness error', 'concave points error']",0.9883720930232558,0.0,0.004451751708984375,success,
breast_cancer,"MUL(smoothness error,concave points error)",MUL,"['smoothness error', 'concave points error']",0.9767441860465116,-0.011627906976744207,0.003837108612060547,success,
breast_cancer,"DIV(smoothness error,concave points error)",DIV,"['smoothness error', 'concave points error']",0.9883720930232558,0.0,0.008749723434448242,success,
breast_cancer,"ADD(smoothness error,symmetry error)",ADD,"['smoothness error', 'symmetry error']",0.9883720930232558,0.0,0.004278659820556641,success,
breast_cancer,"SUB(smoothness error,symmetry error)",SUB,"['smoothness error', 'symmetry error']",0.9883720930232558,0.0,0.004081249237060547,success,
breast_cancer,"MUL(smoothness error,symmetry error)",MUL,"['smoothness error', 'symmetry error']",0.9883720930232558,0.0,0.0041921138763427734,success,
breast_cancer,"DIV(smoothness error,symmetry error)",DIV,"['smoothness error', 'symmetry error']",0.9883720930232558,0.0,0.006093025207519531,success,
breast_cancer,"ADD(smoothness error,fractal dimension error)",ADD,"['smoothness error', 'fractal dimension error']",0.9883720930232558,0.0,0.004002094268798828,success,
breast_cancer,"SUB(smoothness error,fractal dimension error)",SUB,"['smoothness error', 'fractal dimension error']",0.9883720930232558,0.0,0.004338502883911133,success,
breast_cancer,"MUL(smoothness error,fractal dimension error)",MUL,"['smoothness error', 'fractal dimension error']",0.9651162790697675,-0.023255813953488302,0.00403904914855957,success,
breast_cancer,"DIV(smoothness error,fractal dimension error)",DIV,"['smoothness error', 'fractal dimension error']",0.9883720930232558,0.0,0.0048923492431640625,success,
breast_cancer,"ADD(compactness error,concavity error)",ADD,"['compactness error', 'concavity error']",0.9883720930232558,0.0,0.004123210906982422,success,
breast_cancer,"SUB(compactness error,concavity error)",SUB,"['compactness error', 'concavity error']",0.9883720930232558,0.0,0.004042625427246094,success,
breast_cancer,"MUL(compactness error,concavity error)",MUL,"['compactness error', 'concavity error']",0.9767441860465116,-0.011627906976744207,0.004332780838012695,success,
breast_cancer,"DIV(compactness error,concavity error)",DIV,"['compactness error', 'concavity error']",0.9883720930232558,0.0,0.006142854690551758,success,
breast_cancer,"ADD(compactness error,concave points error)",ADD,"['compactness error', 'concave points error']",0.9883720930232558,0.0,0.0042874813079833984,success,
breast_cancer,"SUB(compactness error,concave points error)",SUB,"['compactness error', 'concave points error']",0.9883720930232558,0.0,0.004253387451171875,success,
breast_cancer,"MUL(compactness error,concave points error)",MUL,"['compactness error', 'concave points error']",0.9651162790697675,-0.023255813953488302,0.0044214725494384766,success,
breast_cancer,"DIV(compactness error,concave points error)",DIV,"['compactness error', 'concave points error']",0.9883720930232558,0.0,0.008257627487182617,success,
breast_cancer,"ADD(compactness error,symmetry error)",ADD,"['compactness error', 'symmetry error']",0.9883720930232558,0.0,0.00435328483581543,success,
breast_cancer,"SUB(compactness error,symmetry error)",SUB,"['compactness error', 'symmetry error']",0.9883720930232558,0.0,0.00445866584777832,success,
breast_cancer,"MUL(compactness error,symmetry error)",MUL,"['compactness error', 'symmetry error']",0.9767441860465116,-0.011627906976744207,0.003999948501586914,success,
breast_cancer,"DIV(compactness error,symmetry error)",DIV,"['compactness error', 'symmetry error']",0.9883720930232558,0.0,0.005354404449462891,success,
breast_cancer,"ADD(compactness error,fractal dimension error)",ADD,"['compactness error', 'fractal dimension error']",0.9883720930232558,0.0,0.005070209503173828,success,
breast_cancer,"SUB(compactness error,fractal dimension error)",SUB,"['compactness error', 'fractal dimension error']",0.9883720930232558,0.0,0.004232168197631836,success,
breast_cancer,"MUL(compactness error,fractal dimension error)",MUL,"['compactness error', 'fractal dimension error']",0.9767441860465116,-0.011627906976744207,0.004268646240234375,success,
breast_cancer,"DIV(compactness error,fractal dimension error)",DIV,"['compactness error', 'fractal dimension error']",0.9883720930232558,0.0,0.004961252212524414,success,
breast_cancer,"ADD(concavity error,concave points error)",ADD,"['concavity error', 'concave points error']",0.9883720930232558,0.0,0.004611492156982422,success,
breast_cancer,"SUB(concavity error,concave points error)",SUB,"['concavity error', 'concave points error']",0.9883720930232558,0.0,0.0038993358612060547,success,
breast_cancer,"MUL(concavity error,concave points error)",MUL,"['concavity error', 'concave points error']",0.9883720930232558,0.0,0.004804372787475586,success,
breast_cancer,"DIV(concavity error,concave points error)",DIV,"['concavity error', 'concave points error']",0.9883720930232558,0.0,0.004597187042236328,success,
breast_cancer,"ADD(concavity error,symmetry error)",ADD,"['concavity error', 'symmetry error']",0.9883720930232558,0.0,0.004769325256347656,success,
breast_cancer,"SUB(concavity error,symmetry error)",SUB,"['concavity error', 'symmetry error']",0.9883720930232558,0.0,0.004369258880615234,success,
breast_cancer,"MUL(concavity error,symmetry error)",MUL,"['concavity error', 'symmetry error']",0.9767441860465116,-0.011627906976744207,0.004273653030395508,success,
breast_cancer,"DIV(concavity error,symmetry error)",DIV,"['concavity error', 'symmetry error']",0.9767441860465116,-0.011627906976744207,0.004920482635498047,success,
breast_cancer,"ADD(concavity error,fractal dimension error)",ADD,"['concavity error', 'fractal dimension error']",0.9883720930232558,0.0,0.004506111145019531,success,
breast_cancer,"SUB(concavity error,fractal dimension error)",SUB,"['concavity error', 'fractal dimension error']",0.9883720930232558,0.0,0.0041675567626953125,success,
breast_cancer,"MUL(concavity error,fractal dimension error)",MUL,"['concavity error', 'fractal dimension error']",0.9883720930232558,0.0,0.0044367313385009766,success,
breast_cancer,"DIV(concavity error,fractal dimension error)",DIV,"['concavity error', 'fractal dimension error']",0.9883720930232558,0.0,0.00491023063659668,success,
breast_cancer,"ADD(concave points error,symmetry error)",ADD,"['concave points error', 'symmetry error']",0.9883720930232558,0.0,0.004263401031494141,success,
breast_cancer,"SUB(concave points error,symmetry error)",SUB,"['concave points error', 'symmetry error']",0.9883720930232558,0.0,0.003879547119140625,success,
breast_cancer,"MUL(concave points error,symmetry error)",MUL,"['concave points error', 'symmetry error']",0.9767441860465116,-0.011627906976744207,0.0041959285736083984,success,
breast_cancer,"DIV(concave points error,symmetry error)",DIV,"['concave points error', 'symmetry error']",0.9767441860465116,-0.011627906976744207,0.0059201717376708984,success,
breast_cancer,"ADD(concave points error,fractal dimension error)",ADD,"['concave points error', 'fractal dimension error']",0.9883720930232558,0.0,0.00442051887512207,success,
breast_cancer,"SUB(concave points error,fractal dimension error)",SUB,"['concave points error', 'fractal dimension error']",0.9883720930232558,0.0,0.00419163703918457,success,
breast_cancer,"MUL(concave points error,fractal dimension error)",MUL,"['concave points error', 'fractal dimension error']",0.9767441860465116,-0.011627906976744207,0.004791975021362305,success,
breast_cancer,"DIV(concave points error,fractal dimension error)",DIV,"['concave points error', 'fractal dimension error']",0.9883720930232558,0.0,0.004433870315551758,success,
breast_cancer,"ADD(symmetry error,fractal dimension error)",ADD,"['symmetry error', 'fractal dimension error']",0.9883720930232558,0.0,0.0044062137603759766,success,
breast_cancer,"SUB(symmetry error,fractal dimension error)",SUB,"['symmetry error', 'fractal dimension error']",0.9883720930232558,0.0,0.004435062408447266,success,
breast_cancer,"MUL(symmetry error,fractal dimension error)",MUL,"['symmetry error', 'fractal dimension error']",0.9767441860465116,-0.011627906976744207,0.004844188690185547,success,
breast_cancer,"DIV(symmetry error,fractal dimension error)",DIV,"['symmetry error', 'fractal dimension error']",0.9883720930232558,0.0,0.0045702457427978516,success,
