dataset,candidate_id,transformation,source_features,validation_score,gain,evaluation_time,status,error
credit_g,LOG(duration),LOG,['duration'],0.7333333333333333,0.0,0.02583622932434082,success,
credit_g,SQRT(duration),SQRT,['duration'],0.7333333333333333,0.0,0.012689828872680664,success,
credit_g,SQUARE(duration),SQUARE,['duration'],0.7333333333333333,0.0,0.012809276580810547,success,
credit_g,ABS(duration),ABS,['duration'],0.74,0.00666666666666671,0.011401176452636719,success,
credit_g,LOG(credit_amount),LOG,['credit_amount'],0.7333333333333333,0.0,0.0200803279876709,success,
credit_g,SQRT(credit_amount),SQRT,['credit_amount'],0.7466666666666667,0.01333333333333342,0.010828256607055664,success,
credit_g,SQUARE(credit_amount),SQUARE,['credit_amount'],0.74,0.00666666666666671,0.015472650527954102,success,
credit_g,ABS(credit_amount),ABS,['credit_amount'],0.74,0.00666666666666671,0.013127803802490234,success,
credit_g,LOG(installment_commitment),LOG,['installment_commitment'],0.7333333333333333,0.0,0.01806187629699707,success,
credit_g,SQRT(installment_commitment),SQRT,['installment_commitment'],0.7333333333333333,0.0,0.01204061508178711,success,
credit_g,SQUARE(installment_commitment),SQUARE,['installment_commitment'],0.74,0.00666666666666671,0.01076364517211914,success,
credit_g,ABS(installment_commitment),ABS,['installment_commitment'],0.7333333333333333,0.0,0.010695695877075195,success,
credit_g,LOG(residence_since),LOG,['residence_since'],0.7333333333333333,0.0,0.01991438865661621,success,
credit_g,SQRT(residence_since),SQRT,['residence_since'],0.74,0.00666666666666671,0.01098179817199707,success,
credit_g,SQUARE(residence_since),SQUARE,['residence_since'],0.74,0.00666666666666671,0.010956048965454102,success,
credit_g,ABS(residence_since),ABS,['residence_since'],0.74,0.00666666666666671,0.010128259658813477,success,
credit_g,LOG(age),LOG,['age'],0.7333333333333333,0.0,0.02335810661315918,success,
credit_g,SQRT(age),SQRT,['age'],0.7333333333333333,0.0,0.010694503784179688,success,
credit_g,SQUARE(age),SQUARE,['age'],0.7333333333333333,0.0,0.011832714080810547,success,
credit_g,ABS(age),ABS,['age'],0.7333333333333333,0.0,0.01048898696899414,success,
credit_g,LOG(existing_credits),LOG,['existing_credits'],0.74,0.00666666666666671,0.020064830780029297,success,
credit_g,SQRT(existing_credits),SQRT,['existing_credits'],0.7333333333333333,0.0,0.010962963104248047,success,
credit_g,SQUARE(existing_credits),SQUARE,['existing_credits'],0.74,0.00666666666666671,0.012480735778808594,success,
credit_g,ABS(existing_credits),ABS,['existing_credits'],0.74,0.00666666666666671,0.011402368545532227,success,
credit_g,LOG(num_dependents),LOG,['num_dependents'],0.7333333333333333,0.0,0.02830028533935547,success,
credit_g,SQRT(num_dependents),SQRT,['num_dependents'],0.7333333333333333,0.0,0.011207342147827148,success,
credit_g,SQUARE(num_dependents),SQUARE,['num_dependents'],0.7333333333333333,0.0,0.011294364929199219,success,
credit_g,ABS(num_dependents),ABS,['num_dependents'],0.7333333333333333,0.0,0.009823083877563477,success,
credit_g,LOG(checking_status_0<=X<200),LOG,['checking_status_0<=X<200'],0.74,0.00666666666666671,0.018922090530395508,success,
credit_g,SQRT(checking_status_0<=X<200),SQRT,['checking_status_0<=X<200'],0.7333333333333333,0.0,0.010514974594116211,success,
credit_g,SQUARE(checking_status_0<=X<200),SQUARE,['checking_status_0<=X<200'],0.7333333333333333,0.0,0.010746002197265625,success,
credit_g,ABS(checking_status_0<=X<200),ABS,['checking_status_0<=X<200'],0.7333333333333333,0.0,0.009862899780273438,success,
credit_g,LOG(checking_status_<0),LOG,['checking_status_<0'],0.7333333333333333,0.0,0.024080991744995117,success,
credit_g,SQRT(checking_status_<0),SQRT,['checking_status_<0'],0.7333333333333333,0.0,0.010431528091430664,success,
credit_g,SQUARE(checking_status_<0),SQUARE,['checking_status_<0'],0.7333333333333333,0.0,0.010097265243530273,success,
credit_g,ABS(checking_status_<0),ABS,['checking_status_<0'],0.7333333333333333,0.0,0.010515213012695312,success,
credit_g,LOG(checking_status_>=200),LOG,['checking_status_>=200'],0.7333333333333333,0.0,0.023259639739990234,success,
credit_g,SQRT(checking_status_>=200),SQRT,['checking_status_>=200'],0.7333333333333333,0.0,0.009938478469848633,success,
credit_g,SQUARE(checking_status_>=200),SQUARE,['checking_status_>=200'],0.7333333333333333,0.0,0.009559392929077148,success,
credit_g,ABS(checking_status_>=200),ABS,['checking_status_>=200'],0.7333333333333333,0.0,0.009499788284301758,success,
credit_g,LOG(checking_status_no checking),LOG,['checking_status_no checking'],0.74,0.00666666666666671,0.01747727394104004,success,
credit_g,SQRT(checking_status_no checking),SQRT,['checking_status_no checking'],0.7333333333333333,0.0,0.010133504867553711,success,
credit_g,SQUARE(checking_status_no checking),SQUARE,['checking_status_no checking'],0.7333333333333333,0.0,0.009902000427246094,success,
credit_g,ABS(checking_status_no checking),ABS,['checking_status_no checking'],0.7333333333333333,0.0,0.009931802749633789,success,
credit_g,LOG(credit_history_all paid),LOG,['credit_history_all paid'],0.74,0.00666666666666671,0.02436995506286621,success,
credit_g,SQRT(credit_history_all paid),SQRT,['credit_history_all paid'],0.7333333333333333,0.0,0.010221242904663086,success,
credit_g,SQUARE(credit_history_all paid),SQUARE,['credit_history_all paid'],0.7333333333333333,0.0,0.00974583625793457,success,
credit_g,ABS(credit_history_all paid),ABS,['credit_history_all paid'],0.7333333333333333,0.0,0.01012563705444336,success,
credit_g,LOG(credit_history_critical/other existing credit),LOG,['credit_history_critical/other existing credit'],0.7333333333333333,0.0,0.02436041831970215,success,
credit_g,SQRT(credit_history_critical/other existing credit),SQRT,['credit_history_critical/other existing credit'],0.7333333333333333,0.0,0.010551691055297852,success,
credit_g,SQUARE(credit_history_critical/other existing credit),SQUARE,['credit_history_critical/other existing credit'],0.7333333333333333,0.0,0.010780572891235352,success,
credit_g,ABS(credit_history_critical/other existing credit),ABS,['credit_history_critical/other existing credit'],0.7333333333333333,0.0,0.00984334945678711,success,
credit_g,LOG(credit_history_delayed previously),LOG,['credit_history_delayed previously'],0.7333333333333333,0.0,0.024245023727416992,success,
credit_g,SQRT(credit_history_delayed previously),SQRT,['credit_history_delayed previously'],0.7333333333333333,0.0,0.010431528091430664,success,
credit_g,SQUARE(credit_history_delayed previously),SQUARE,['credit_history_delayed previously'],0.7333333333333333,0.0,0.010227680206298828,success,
credit_g,ABS(credit_history_delayed previously),ABS,['credit_history_delayed previously'],0.7333333333333333,0.0,0.010200262069702148,success,
credit_g,LOG(credit_history_existing paid),LOG,['credit_history_existing paid'],0.7333333333333333,0.0,0.01743030548095703,success,
credit_g,SQRT(credit_history_existing paid),SQRT,['credit_history_existing paid'],0.7333333333333333,0.0,0.0105133056640625,success,
credit_g,SQUARE(credit_history_existing paid),SQUARE,['credit_history_existing paid'],0.7333333333333333,0.0,0.010297536849975586,success,
credit_g,ABS(credit_history_existing paid),ABS,['credit_history_existing paid'],0.7333333333333333,0.0,0.010305643081665039,success,
credit_g,LOG(credit_history_no credits/all paid),LOG,['credit_history_no credits/all paid'],0.7333333333333333,0.0,0.010018110275268555,success,
credit_g,SQRT(credit_history_no credits/all paid),SQRT,['credit_history_no credits/all paid'],0.7333333333333333,0.0,0.00967550277709961,success,
credit_g,SQUARE(credit_history_no credits/all paid),SQUARE,['credit_history_no credits/all paid'],0.7333333333333333,0.0,0.009337902069091797,success,
credit_g,ABS(credit_history_no credits/all paid),ABS,['credit_history_no credits/all paid'],0.7333333333333333,0.0,0.009415388107299805,success,
credit_g,LOG(purpose_business),LOG,['purpose_business'],0.7333333333333333,0.0,0.0243682861328125,success,
credit_g,SQRT(purpose_business),SQRT,['purpose_business'],0.7333333333333333,0.0,0.010097742080688477,success,
credit_g,SQUARE(purpose_business),SQUARE,['purpose_business'],0.7333333333333333,0.0,0.009799480438232422,success,
credit_g,ABS(purpose_business),ABS,['purpose_business'],0.7333333333333333,0.0,0.009828567504882812,success,
credit_g,LOG(purpose_domestic appliance),LOG,['purpose_domestic appliance'],0.7333333333333333,0.0,0.025365352630615234,success,
credit_g,SQRT(purpose_domestic appliance),SQRT,['purpose_domestic appliance'],0.7333333333333333,0.0,0.010342836380004883,success,
credit_g,SQUARE(purpose_domestic appliance),SQUARE,['purpose_domestic appliance'],0.7333333333333333,0.0,0.009987831115722656,success,
credit_g,ABS(purpose_domestic appliance),ABS,['purpose_domestic appliance'],0.7333333333333333,0.0,0.010053157806396484,success,
credit_g,LOG(purpose_education),LOG,['purpose_education'],0.74,0.00666666666666671,0.013266801834106445,success,
credit_g,SQRT(purpose_education),SQRT,['purpose_education'],0.74,0.00666666666666671,0.009729862213134766,success,
credit_g,SQUARE(purpose_education),SQUARE,['purpose_education'],0.74,0.00666666666666671,0.00928187370300293,success,
credit_g,ABS(purpose_education),ABS,['purpose_education'],0.74,0.00666666666666671,0.009494543075561523,success,
credit_g,LOG(purpose_furniture/equipment),LOG,['purpose_furniture/equipment'],0.7333333333333333,0.0,0.024150371551513672,success,
credit_g,SQRT(purpose_furniture/equipment),SQRT,['purpose_furniture/equipment'],0.7333333333333333,0.0,0.009702444076538086,success,
credit_g,SQUARE(purpose_furniture/equipment),SQUARE,['purpose_furniture/equipment'],0.7333333333333333,0.0,0.009279727935791016,success,
credit_g,ABS(purpose_furniture/equipment),ABS,['purpose_furniture/equipment'],0.7333333333333333,0.0,0.00925755500793457,success,
credit_g,LOG(purpose_new car),LOG,['purpose_new car'],0.7333333333333333,0.0,0.01837921142578125,success,
credit_g,SQRT(purpose_new car),SQRT,['purpose_new car'],0.7333333333333333,0.0,0.010142087936401367,success,
credit_g,SQUARE(purpose_new car),SQUARE,['purpose_new car'],0.7333333333333333,0.0,0.009981155395507812,success,
credit_g,ABS(purpose_new car),ABS,['purpose_new car'],0.7333333333333333,0.0,0.0098419189453125,success,
credit_g,LOG(purpose_other),LOG,['purpose_other'],0.7333333333333333,0.0,0.02551126480102539,success,
credit_g,SQRT(purpose_other),SQRT,['purpose_other'],0.7333333333333333,0.0,0.010210990905761719,success,
credit_g,SQUARE(purpose_other),SQUARE,['purpose_other'],0.7333333333333333,0.0,0.010009288787841797,success,
credit_g,ABS(purpose_other),ABS,['purpose_other'],0.7333333333333333,0.0,0.01020050048828125,success,
credit_g,LOG(purpose_radio/tv),LOG,['purpose_radio/tv'],0.7333333333333333,0.0,0.02533578872680664,success,
credit_g,SQRT(purpose_radio/tv),SQRT,['purpose_radio/tv'],0.7333333333333333,0.0,0.010446548461914062,success,
credit_g,SQUARE(purpose_radio/tv),SQUARE,['purpose_radio/tv'],0.7333333333333333,0.0,0.01028299331665039,success,
credit_g,ABS(purpose_radio/tv),ABS,['purpose_radio/tv'],0.7333333333333333,0.0,0.010213613510131836,success,
credit_g,LOG(purpose_repairs),LOG,['purpose_repairs'],0.7333333333333333,0.0,0.019978046417236328,success,
credit_g,SQRT(purpose_repairs),SQRT,['purpose_repairs'],0.7333333333333333,0.0,0.012216329574584961,success,
credit_g,SQUARE(purpose_repairs),SQUARE,['purpose_repairs'],0.7333333333333333,0.0,0.011461496353149414,success,
credit_g,ABS(purpose_repairs),ABS,['purpose_repairs'],0.7333333333333333,0.0,0.01085662841796875,success,
credit_g,LOG(purpose_retraining),LOG,['purpose_retraining'],0.7333333333333333,0.0,0.02537822723388672,success,
credit_g,SQRT(purpose_retraining),SQRT,['purpose_retraining'],0.7333333333333333,0.0,0.009740591049194336,success,
credit_g,SQUARE(purpose_retraining),SQUARE,['purpose_retraining'],0.7333333333333333,0.0,0.009004831314086914,success,
credit_g,ABS(purpose_retraining),ABS,['purpose_retraining'],0.7333333333333333,0.0,0.009226322174072266,success,
credit_g,LOG(purpose_used car),LOG,['purpose_used car'],0.7333333333333333,0.0,0.026094913482666016,success,
credit_g,SQRT(purpose_used car),SQRT,['purpose_used car'],0.7333333333333333,0.0,0.011937618255615234,success,
credit_g,SQUARE(purpose_used car),SQUARE,['purpose_used car'],0.7333333333333333,0.0,0.010835409164428711,success,
credit_g,ABS(purpose_used car),ABS,['purpose_used car'],0.7333333333333333,0.0,0.010589361190795898,success,
credit_g,LOG(savings_status_100<=X<500),LOG,['savings_status_100<=X<500'],0.7333333333333333,0.0,0.023284912109375,success,
credit_g,SQRT(savings_status_100<=X<500),SQRT,['savings_status_100<=X<500'],0.7333333333333333,0.0,0.011107206344604492,success,
credit_g,SQUARE(savings_status_100<=X<500),SQUARE,['savings_status_100<=X<500'],0.7333333333333333,0.0,0.010471582412719727,success,
credit_g,ABS(savings_status_100<=X<500),ABS,['savings_status_100<=X<500'],0.7333333333333333,0.0,0.010359764099121094,success,
credit_g,LOG(savings_status_500<=X<1000),LOG,['savings_status_500<=X<1000'],0.7333333333333333,0.0,0.020115137100219727,success,
credit_g,SQRT(savings_status_500<=X<1000),SQRT,['savings_status_500<=X<1000'],0.7333333333333333,0.0,0.011312484741210938,success,
credit_g,SQUARE(savings_status_500<=X<1000),SQUARE,['savings_status_500<=X<1000'],0.7333333333333333,0.0,0.010421991348266602,success,
credit_g,ABS(savings_status_500<=X<1000),ABS,['savings_status_500<=X<1000'],0.7333333333333333,0.0,0.010461807250976562,success,
credit_g,LOG(savings_status_<100),LOG,['savings_status_<100'],0.74,0.00666666666666671,0.014619588851928711,success,
credit_g,SQRT(savings_status_<100),SQRT,['savings_status_<100'],0.7333333333333333,0.0,0.010362625122070312,success,
credit_g,SQUARE(savings_status_<100),SQUARE,['savings_status_<100'],0.7333333333333333,0.0,0.009727716445922852,success,
credit_g,ABS(savings_status_<100),ABS,['savings_status_<100'],0.7333333333333333,0.0,0.009734869003295898,success,
credit_g,LOG(savings_status_>=1000),LOG,['savings_status_>=1000'],0.7333333333333333,0.0,0.025104761123657227,success,
credit_g,SQRT(savings_status_>=1000),SQRT,['savings_status_>=1000'],0.7333333333333333,0.0,0.011705875396728516,success,
credit_g,SQUARE(savings_status_>=1000),SQUARE,['savings_status_>=1000'],0.7333333333333333,0.0,0.009922504425048828,success,
credit_g,ABS(savings_status_>=1000),ABS,['savings_status_>=1000'],0.7333333333333333,0.0,0.00998997688293457,success,
credit_g,LOG(savings_status_no known savings),LOG,['savings_status_no known savings'],0.74,0.00666666666666671,0.027045488357543945,success,
credit_g,SQRT(savings_status_no known savings),SQRT,['savings_status_no known savings'],0.7333333333333333,0.0,0.010425090789794922,success,
credit_g,SQUARE(savings_status_no known savings),SQUARE,['savings_status_no known savings'],0.7333333333333333,0.0,0.010154962539672852,success,
credit_g,ABS(savings_status_no known savings),ABS,['savings_status_no known savings'],0.7333333333333333,0.0,0.01040339469909668,success,
credit_g,LOG(employment_1<=X<4),LOG,['employment_1<=X<4'],0.7333333333333333,0.0,0.019872426986694336,success,
credit_g,SQRT(employment_1<=X<4),SQRT,['employment_1<=X<4'],0.7333333333333333,0.0,0.010928153991699219,success,
credit_g,SQUARE(employment_1<=X<4),SQUARE,['employment_1<=X<4'],0.7333333333333333,0.0,0.010276556015014648,success,
credit_g,ABS(employment_1<=X<4),ABS,['employment_1<=X<4'],0.7333333333333333,0.0,0.010482549667358398,success,
credit_g,LOG(employment_4<=X<7),LOG,['employment_4<=X<7'],0.7333333333333333,0.0,0.02216053009033203,success,
credit_g,SQRT(employment_4<=X<7),SQRT,['employment_4<=X<7'],0.7333333333333333,0.0,0.010507822036743164,success,
credit_g,SQUARE(employment_4<=X<7),SQUARE,['employment_4<=X<7'],0.7333333333333333,0.0,0.00992727279663086,success,
credit_g,ABS(employment_4<=X<7),ABS,['employment_4<=X<7'],0.7333333333333333,0.0,0.009611368179321289,success,
credit_g,LOG(employment_<1),LOG,['employment_<1'],0.7333333333333333,0.0,0.018323659896850586,success,
credit_g,SQRT(employment_<1),SQRT,['employment_<1'],0.7333333333333333,0.0,0.010284900665283203,success,
credit_g,SQUARE(employment_<1),SQUARE,['employment_<1'],0.7333333333333333,0.0,0.009443044662475586,success,
credit_g,ABS(employment_<1),ABS,['employment_<1'],0.7333333333333333,0.0,0.009346485137939453,success,
credit_g,LOG(employment_>=7),LOG,['employment_>=7'],0.7333333333333333,0.0,0.024427175521850586,success,
credit_g,SQRT(employment_>=7),SQRT,['employment_>=7'],0.7333333333333333,0.0,0.010357856750488281,success,
credit_g,SQUARE(employment_>=7),SQUARE,['employment_>=7'],0.7333333333333333,0.0,0.009820699691772461,success,
credit_g,ABS(employment_>=7),ABS,['employment_>=7'],0.7333333333333333,0.0,0.010251998901367188,success,
credit_g,LOG(employment_unemployed),LOG,['employment_unemployed'],0.7333333333333333,0.0,0.02603006362915039,success,
credit_g,SQRT(employment_unemployed),SQRT,['employment_unemployed'],0.7333333333333333,0.0,0.009974956512451172,success,
credit_g,SQUARE(employment_unemployed),SQUARE,['employment_unemployed'],0.7333333333333333,0.0,0.01027536392211914,success,
credit_g,ABS(employment_unemployed),ABS,['employment_unemployed'],0.7333333333333333,0.0,0.009710073471069336,success,
credit_g,LOG(personal_status_female div/dep/mar),LOG,['personal_status_female div/dep/mar'],0.7333333333333333,0.0,0.024446964263916016,success,
credit_g,SQRT(personal_status_female div/dep/mar),SQRT,['personal_status_female div/dep/mar'],0.7333333333333333,0.0,0.009956598281860352,success,
credit_g,SQUARE(personal_status_female div/dep/mar),SQUARE,['personal_status_female div/dep/mar'],0.7333333333333333,0.0,0.009371042251586914,success,
credit_g,ABS(personal_status_female div/dep/mar),ABS,['personal_status_female div/dep/mar'],0.7333333333333333,0.0,0.009432792663574219,success,
credit_g,LOG(personal_status_male div/sep),LOG,['personal_status_male div/sep'],0.7333333333333333,0.0,0.021746158599853516,success,
credit_g,SQRT(personal_status_male div/sep),SQRT,['personal_status_male div/sep'],0.7333333333333333,0.0,0.010542154312133789,success,
credit_g,SQUARE(personal_status_male div/sep),SQUARE,['personal_status_male div/sep'],0.7333333333333333,0.0,0.010183572769165039,success,
credit_g,ABS(personal_status_male div/sep),ABS,['personal_status_male div/sep'],0.7333333333333333,0.0,0.009539127349853516,success,
credit_g,LOG(personal_status_male mar/wid),LOG,['personal_status_male mar/wid'],0.7333333333333333,0.0,0.026546239852905273,success,
credit_g,SQRT(personal_status_male mar/wid),SQRT,['personal_status_male mar/wid'],0.7333333333333333,0.0,0.010280132293701172,success,
credit_g,SQUARE(personal_status_male mar/wid),SQUARE,['personal_status_male mar/wid'],0.7333333333333333,0.0,0.010153770446777344,success,
credit_g,ABS(personal_status_male mar/wid),ABS,['personal_status_male mar/wid'],0.7333333333333333,0.0,0.009934425354003906,success,
credit_g,LOG(personal_status_male single),LOG,['personal_status_male single'],0.7333333333333333,0.0,0.021123647689819336,success,
credit_g,SQRT(personal_status_male single),SQRT,['personal_status_male single'],0.7333333333333333,0.0,0.010076522827148438,success,
credit_g,SQUARE(personal_status_male single),SQUARE,['personal_status_male single'],0.7333333333333333,0.0,0.01063394546508789,success,
credit_g,ABS(personal_status_male single),ABS,['personal_status_male single'],0.7333333333333333,0.0,0.009926080703735352,success,
credit_g,LOG(other_parties_co applicant),LOG,['other_parties_co applicant'],0.7333333333333333,0.0,0.024130582809448242,success,
credit_g,SQRT(other_parties_co applicant),SQRT,['other_parties_co applicant'],0.7333333333333333,0.0,0.010994195938110352,success,
credit_g,SQUARE(other_parties_co applicant),SQUARE,['other_parties_co applicant'],0.7333333333333333,0.0,0.010439634323120117,success,
credit_g,ABS(other_parties_co applicant),ABS,['other_parties_co applicant'],0.7333333333333333,0.0,0.010549068450927734,success,
credit_g,LOG(other_parties_guarantor),LOG,['other_parties_guarantor'],0.74,0.00666666666666671,0.023145437240600586,success,
credit_g,SQRT(other_parties_guarantor),SQRT,['other_parties_guarantor'],0.74,0.00666666666666671,0.010570049285888672,success,
credit_g,SQUARE(other_parties_guarantor),SQUARE,['other_parties_guarantor'],0.74,0.00666666666666671,0.0097503662109375,success,
credit_g,ABS(other_parties_guarantor),ABS,['other_parties_guarantor'],0.74,0.00666666666666671,0.010013818740844727,success,
credit_g,LOG(other_parties_none),LOG,['other_parties_none'],0.7333333333333333,0.0,0.013680219650268555,success,
credit_g,SQRT(other_parties_none),SQRT,['other_parties_none'],0.7333333333333333,0.0,0.009691953659057617,success,
credit_g,SQUARE(other_parties_none),SQUARE,['other_parties_none'],0.7333333333333333,0.0,0.009268760681152344,success,
credit_g,ABS(other_parties_none),ABS,['other_parties_none'],0.7333333333333333,0.0,0.00911402702331543,success,
credit_g,LOG(property_magnitude_car),LOG,['property_magnitude_car'],0.7333333333333333,0.0,0.02192091941833496,success,
credit_g,SQRT(property_magnitude_car),SQRT,['property_magnitude_car'],0.7333333333333333,0.0,0.01037740707397461,success,
credit_g,SQUARE(property_magnitude_car),SQUARE,['property_magnitude_car'],0.7333333333333333,0.0,0.010389328002929688,success,
credit_g,ABS(property_magnitude_car),ABS,['property_magnitude_car'],0.7333333333333333,0.0,0.009968757629394531,success,
credit_g,LOG(property_magnitude_life insurance),LOG,['property_magnitude_life insurance'],0.7333333333333333,0.0,0.020186901092529297,success,
credit_g,SQRT(property_magnitude_life insurance),SQRT,['property_magnitude_life insurance'],0.7333333333333333,0.0,0.009857177734375,success,
credit_g,SQUARE(property_magnitude_life insurance),SQUARE,['property_magnitude_life insurance'],0.7333333333333333,0.0,0.009945154190063477,success,
credit_g,ABS(property_magnitude_life insurance),ABS,['property_magnitude_life insurance'],0.7333333333333333,0.0,0.009363174438476562,success,
credit_g,LOG(property_magnitude_no known property),LOG,['property_magnitude_no known property'],0.7333333333333333,0.0,0.02444171905517578,success,
credit_g,SQRT(property_magnitude_no known property),SQRT,['property_magnitude_no known property'],0.7333333333333333,0.0,0.010585308074951172,success,
credit_g,SQUARE(property_magnitude_no known property),SQUARE,['property_magnitude_no known property'],0.7333333333333333,0.0,0.010051965713500977,success,
credit_g,ABS(property_magnitude_no known property),ABS,['property_magnitude_no known property'],0.7333333333333333,0.0,0.01004934310913086,success,
credit_g,LOG(property_magnitude_real estate),LOG,['property_magnitude_real estate'],0.7333333333333333,0.0,0.021126270294189453,success,
credit_g,SQRT(property_magnitude_real estate),SQRT,['property_magnitude_real estate'],0.7333333333333333,0.0,0.010140657424926758,success,
credit_g,SQUARE(property_magnitude_real estate),SQUARE,['property_magnitude_real estate'],0.7333333333333333,0.0,0.009577751159667969,success,
credit_g,ABS(property_magnitude_real estate),ABS,['property_magnitude_real estate'],0.7333333333333333,0.0,0.009546995162963867,success,
credit_g,LOG(other_payment_plans_bank),LOG,['other_payment_plans_bank'],0.7333333333333333,0.0,0.023092985153198242,success,
credit_g,SQRT(other_payment_plans_bank),SQRT,['other_payment_plans_bank'],0.7333333333333333,0.0,0.009487152099609375,success,
credit_g,SQUARE(other_payment_plans_bank),SQUARE,['other_payment_plans_bank'],0.7333333333333333,0.0,0.00895237922668457,success,
credit_g,ABS(other_payment_plans_bank),ABS,['other_payment_plans_bank'],0.7333333333333333,0.0,0.00922846794128418,success,
credit_g,LOG(other_payment_plans_none),LOG,['other_payment_plans_none'],0.7333333333333333,0.0,0.014555931091308594,success,
credit_g,SQRT(other_payment_plans_none),SQRT,['other_payment_plans_none'],0.7333333333333333,0.0,0.010312080383300781,success,
credit_g,SQUARE(other_payment_plans_none),SQUARE,['other_payment_plans_none'],0.7333333333333333,0.0,0.010140180587768555,success,
credit_g,ABS(other_payment_plans_none),ABS,['other_payment_plans_none'],0.7333333333333333,0.0,0.010279417037963867,success,
credit_g,LOG(other_payment_plans_stores),LOG,['other_payment_plans_stores'],0.7333333333333333,0.0,0.02128148078918457,success,
credit_g,SQRT(other_payment_plans_stores),SQRT,['other_payment_plans_stores'],0.7333333333333333,0.0,0.010395050048828125,success,
credit_g,SQUARE(other_payment_plans_stores),SQUARE,['other_payment_plans_stores'],0.7333333333333333,0.0,0.010122060775756836,success,
credit_g,ABS(other_payment_plans_stores),ABS,['other_payment_plans_stores'],0.7333333333333333,0.0,0.010416507720947266,success,
credit_g,LOG(housing_for free),LOG,['housing_for free'],0.7333333333333333,0.0,0.02389383316040039,success,
credit_g,SQRT(housing_for free),SQRT,['housing_for free'],0.7333333333333333,0.0,0.010051965713500977,success,
credit_g,SQUARE(housing_for free),SQUARE,['housing_for free'],0.7333333333333333,0.0,0.009647130966186523,success,
credit_g,ABS(housing_for free),ABS,['housing_for free'],0.7333333333333333,0.0,0.009818553924560547,success,
credit_g,LOG(housing_own),LOG,['housing_own'],0.7333333333333333,0.0,0.01679849624633789,success,
credit_g,SQRT(housing_own),SQRT,['housing_own'],0.7333333333333333,0.0,0.0105133056640625,success,
credit_g,SQUARE(housing_own),SQUARE,['housing_own'],0.7333333333333333,0.0,0.009743690490722656,success,
credit_g,ABS(housing_own),ABS,['housing_own'],0.7333333333333333,0.0,0.010535478591918945,success,
credit_g,LOG(housing_rent),LOG,['housing_rent'],0.7333333333333333,0.0,0.02086925506591797,success,
credit_g,SQRT(housing_rent),SQRT,['housing_rent'],0.7333333333333333,0.0,0.010075569152832031,success,
credit_g,SQUARE(housing_rent),SQUARE,['housing_rent'],0.7333333333333333,0.0,0.009717941284179688,success,
credit_g,ABS(housing_rent),ABS,['housing_rent'],0.7333333333333333,0.0,0.009639978408813477,success,
credit_g,LOG(job_high qualif/self emp/mgmt),LOG,['job_high qualif/self emp/mgmt'],0.7333333333333333,0.0,0.02511882781982422,success,
credit_g,SQRT(job_high qualif/self emp/mgmt),SQRT,['job_high qualif/self emp/mgmt'],0.7333333333333333,0.0,0.009879589080810547,success,
credit_g,SQUARE(job_high qualif/self emp/mgmt),SQUARE,['job_high qualif/self emp/mgmt'],0.7333333333333333,0.0,0.009930610656738281,success,
credit_g,ABS(job_high qualif/self emp/mgmt),ABS,['job_high qualif/self emp/mgmt'],0.7333333333333333,0.0,0.00943303108215332,success,
credit_g,LOG(job_skilled),LOG,['job_skilled'],0.7333333333333333,0.0,0.016985177993774414,success,
credit_g,SQRT(job_skilled),SQRT,['job_skilled'],0.7333333333333333,0.0,0.009893655776977539,success,
credit_g,SQUARE(job_skilled),SQUARE,['job_skilled'],0.7333333333333333,0.0,0.009491682052612305,success,
credit_g,ABS(job_skilled),ABS,['job_skilled'],0.7333333333333333,0.0,0.009764909744262695,success,
credit_g,LOG(job_unemp/unskilled non res),LOG,['job_unemp/unskilled non res'],0.7333333333333333,0.0,0.02469801902770996,success,
credit_g,SQRT(job_unemp/unskilled non res),SQRT,['job_unemp/unskilled non res'],0.7333333333333333,0.0,0.009896516799926758,success,
credit_g,SQUARE(job_unemp/unskilled non res),SQUARE,['job_unemp/unskilled non res'],0.7333333333333333,0.0,0.009697675704956055,success,
credit_g,ABS(job_unemp/unskilled non res),ABS,['job_unemp/unskilled non res'],0.7333333333333333,0.0,0.009641170501708984,success,
credit_g,LOG(job_unskilled resident),LOG,['job_unskilled resident'],0.7333333333333333,0.0,0.026543140411376953,success,
credit_g,SQRT(job_unskilled resident),SQRT,['job_unskilled resident'],0.7333333333333333,0.0,0.010520219802856445,success,
credit_g,SQUARE(job_unskilled resident),SQUARE,['job_unskilled resident'],0.7333333333333333,0.0,0.010250329971313477,success,
credit_g,ABS(job_unskilled resident),ABS,['job_unskilled resident'],0.7333333333333333,0.0,0.01028299331665039,success,
credit_g,LOG(own_telephone_none),LOG,['own_telephone_none'],0.7333333333333333,0.0,0.016895532608032227,success,
credit_g,SQRT(own_telephone_none),SQRT,['own_telephone_none'],0.7333333333333333,0.0,0.01047205924987793,success,
credit_g,SQUARE(own_telephone_none),SQUARE,['own_telephone_none'],0.7333333333333333,0.0,0.010062456130981445,success,
credit_g,ABS(own_telephone_none),ABS,['own_telephone_none'],0.7333333333333333,0.0,0.010256767272949219,success,
credit_g,LOG(own_telephone_yes),LOG,['own_telephone_yes'],0.7333333333333333,0.0,0.021166563034057617,success,
credit_g,SQRT(own_telephone_yes),SQRT,['own_telephone_yes'],0.7333333333333333,0.0,0.01034998893737793,success,
credit_g,SQUARE(own_telephone_yes),SQUARE,['own_telephone_yes'],0.7333333333333333,0.0,0.010089874267578125,success,
credit_g,ABS(own_telephone_yes),ABS,['own_telephone_yes'],0.7333333333333333,0.0,0.009577751159667969,success,
credit_g,LOG(foreign_worker_no),LOG,['foreign_worker_no'],0.7333333333333333,0.0,0.026878833770751953,success,
credit_g,SQRT(foreign_worker_no),SQRT,['foreign_worker_no'],0.7333333333333333,0.0,0.01080632209777832,success,
credit_g,SQUARE(foreign_worker_no),SQUARE,['foreign_worker_no'],0.7333333333333333,0.0,0.010223150253295898,success,
credit_g,ABS(foreign_worker_no),ABS,['foreign_worker_no'],0.7333333333333333,0.0,0.010375261306762695,success,
credit_g,LOG(foreign_worker_yes),LOG,['foreign_worker_yes'],0.7333333333333333,0.0,0.007963418960571289,success,
credit_g,SQRT(foreign_worker_yes),SQRT,['foreign_worker_yes'],0.7333333333333333,0.0,0.011002779006958008,success,
credit_g,SQUARE(foreign_worker_yes),SQUARE,['foreign_worker_yes'],0.7333333333333333,0.0,0.010271549224853516,success,
credit_g,ABS(foreign_worker_yes),ABS,['foreign_worker_yes'],0.7333333333333333,0.0,0.010768890380859375,success,
credit_g,"ADD(duration,credit_amount)",ADD,"['duration', 'credit_amount']",0.7333333333333333,0.0,0.011493444442749023,success,
credit_g,"SUB(duration,credit_amount)",SUB,"['duration', 'credit_amount']",0.7333333333333333,0.0,0.010921716690063477,success,
credit_g,"MUL(duration,credit_amount)",MUL,"['duration', 'credit_amount']",0.7466666666666667,0.01333333333333342,0.010402441024780273,success,
credit_g,"DIV(duration,credit_amount)",DIV,"['duration', 'credit_amount']",0.7333333333333333,0.0,0.03201770782470703,success,
credit_g,"ADD(duration,installment_commitment)",ADD,"['duration', 'installment_commitment']",0.7333333333333333,0.0,0.012380838394165039,success,
credit_g,"SUB(duration,installment_commitment)",SUB,"['duration', 'installment_commitment']",0.7333333333333333,0.0,0.01173090934753418,success,
credit_g,"MUL(duration,installment_commitment)",MUL,"['duration', 'installment_commitment']",0.7333333333333333,0.0,0.010907173156738281,success,
credit_g,"DIV(duration,installment_commitment)",DIV,"['duration', 'installment_commitment']",0.7333333333333333,0.0,0.024007797241210938,success,
credit_g,"ADD(duration,residence_since)",ADD,"['duration', 'residence_since']",0.7333333333333333,0.0,0.010776758193969727,success,
credit_g,"SUB(duration,residence_since)",SUB,"['duration', 'residence_since']",0.7333333333333333,0.0,0.011555671691894531,success,
credit_g,"MUL(duration,residence_since)",MUL,"['duration', 'residence_since']",0.74,0.00666666666666671,0.01060628890991211,success,
credit_g,"DIV(duration,residence_since)",DIV,"['duration', 'residence_since']",0.7466666666666667,0.01333333333333342,0.013241052627563477,success,
credit_g,"ADD(duration,age)",ADD,"['duration', 'age']",0.7333333333333333,0.0,0.010951042175292969,success,
credit_g,"SUB(duration,age)",SUB,"['duration', 'age']",0.7333333333333333,0.0,0.012293100357055664,success,
credit_g,"MUL(duration,age)",MUL,"['duration', 'age']",0.74,0.00666666666666671,0.010391950607299805,success,
credit_g,"DIV(duration,age)",DIV,"['duration', 'age']",0.7333333333333333,0.0,0.016370058059692383,success,
credit_g,"ADD(duration,existing_credits)",ADD,"['duration', 'existing_credits']",0.7333333333333333,0.0,0.010815858840942383,success,
credit_g,"SUB(duration,existing_credits)",SUB,"['duration', 'existing_credits']",0.7333333333333333,0.0,0.01129293441772461,success,
credit_g,"MUL(duration,existing_credits)",MUL,"['duration', 'existing_credits']",0.7266666666666667,-0.006666666666666599,0.009793519973754883,success,
credit_g,"DIV(duration,existing_credits)",DIV,"['duration', 'existing_credits']",0.7266666666666667,-0.006666666666666599,0.010266304016113281,success,
credit_g,"ADD(duration,num_dependents)",ADD,"['duration', 'num_dependents']",0.7333333333333333,0.0,0.011494159698486328,success,
credit_g,"SUB(duration,num_dependents)",SUB,"['duration', 'num_dependents']",0.7333333333333333,0.0,0.011960029602050781,success,
credit_g,"MUL(duration,num_dependents)",MUL,"['duration', 'num_dependents']",0.7266666666666667,-0.006666666666666599,0.010343551635742188,success,
credit_g,"DIV(duration,num_dependents)",DIV,"['duration', 'num_dependents']",0.7266666666666667,-0.006666666666666599,0.011090993881225586,success,
credit_g,"ADD(duration,checking_status_0<=X<200)",ADD,"['duration', 'checking_status_0<=X<200']",0.74,0.00666666666666671,0.01011800765991211,success,
credit_g,"SUB(duration,checking_status_0<=X<200)",SUB,"['duration', 'checking_status_0<=X<200']",0.7333333333333333,0.0,0.010543584823608398,success,
credit_g,"MUL(duration,checking_status_0<=X<200)",MUL,"['duration', 'checking_status_0<=X<200']",0.7333333333333333,0.0,0.00942087173461914,success,
credit_g,"DIV(duration,checking_status_0<=X<200)",DIV,"['duration', 'checking_status_0<=X<200']",0.7266666666666667,-0.006666666666666599,0.14113974571228027,success,
credit_g,"ADD(duration,checking_status_<0)",ADD,"['duration', 'checking_status_<0']",0.74,0.00666666666666671,0.011708974838256836,success,
credit_g,"SUB(duration,checking_status_<0)",SUB,"['duration', 'checking_status_<0']",0.7333333333333333,0.0,0.011817693710327148,success,
credit_g,"MUL(duration,checking_status_<0)",MUL,"['duration', 'checking_status_<0']",0.7266666666666667,-0.006666666666666599,0.01071476936340332,success,
credit_g,"DIV(duration,checking_status_<0)",DIV,"['duration', 'checking_status_<0']",0.7266666666666667,-0.006666666666666599,0.14419174194335938,success,
credit_g,"ADD(duration,checking_status_>=200)",ADD,"['duration', 'checking_status_>=200']",0.7333333333333333,0.0,0.012044429779052734,success,
credit_g,"SUB(duration,checking_status_>=200)",SUB,"['duration', 'checking_status_>=200']",0.7333333333333333,0.0,0.01134634017944336,success,
credit_g,"MUL(duration,checking_status_>=200)",MUL,"['duration', 'checking_status_>=200']",0.7333333333333333,0.0,0.010772228240966797,success,
credit_g,"DIV(duration,checking_status_>=200)",DIV,"['duration', 'checking_status_>=200']",0.7333333333333333,0.0,0.1490459442138672,success,
credit_g,"ADD(duration,checking_status_no checking)",ADD,"['duration', 'checking_status_no checking']",0.7333333333333333,0.0,0.010394811630249023,success,
credit_g,"SUB(duration,checking_status_no checking)",SUB,"['duration', 'checking_status_no checking']",0.74,0.00666666666666671,0.0126495361328125,success,
credit_g,"MUL(duration,checking_status_no checking)",MUL,"['duration', 'checking_status_no checking']",0.7466666666666667,0.01333333333333342,0.01082921028137207,success,
credit_g,"DIV(duration,checking_status_no checking)",DIV,"['duration', 'checking_status_no checking']",0.7533333333333333,0.020000000000000018,0.14728713035583496,success,
credit_g,"ADD(duration,credit_history_all paid)",ADD,"['duration', 'credit_history_all paid']",0.74,0.00666666666666671,0.010841608047485352,success,
credit_g,"SUB(duration,credit_history_all paid)",SUB,"['duration', 'credit_history_all paid']",0.7333333333333333,0.0,0.012207508087158203,success,
credit_g,"MUL(duration,credit_history_all paid)",MUL,"['duration', 'credit_history_all paid']",0.76,0.026666666666666727,0.010826826095581055,success,
credit_g,"DIV(duration,credit_history_all paid)",DIV,"['duration', 'credit_history_all paid']",0.76,0.026666666666666727,0.15035581588745117,success,
credit_g,"ADD(duration,credit_history_critical/other existing credit)",ADD,"['duration', 'credit_history_critical/other existing credit']",0.7333333333333333,0.0,0.010831832885742188,success,
credit_g,"SUB(duration,credit_history_critical/other existing credit)",SUB,"['duration', 'credit_history_critical/other existing credit']",0.74,0.00666666666666671,0.012179374694824219,success,
credit_g,"MUL(duration,credit_history_critical/other existing credit)",MUL,"['duration', 'credit_history_critical/other existing credit']",0.72,-0.013333333333333308,0.01013493537902832,success,
credit_g,"DIV(duration,credit_history_critical/other existing credit)",DIV,"['duration', 'credit_history_critical/other existing credit']",0.7333333333333333,0.0,0.1453850269317627,success,
credit_g,"ADD(duration,credit_history_delayed previously)",ADD,"['duration', 'credit_history_delayed previously']",0.7333333333333333,0.0,0.01109766960144043,success,
credit_g,"SUB(duration,credit_history_delayed previously)",SUB,"['duration', 'credit_history_delayed previously']",0.7333333333333333,0.0,0.012060403823852539,success,
credit_g,"MUL(duration,credit_history_delayed previously)",MUL,"['duration', 'credit_history_delayed previously']",0.74,0.00666666666666671,0.009724617004394531,success,
credit_g,"DIV(duration,credit_history_delayed previously)",DIV,"['duration', 'credit_history_delayed previously']",0.74,0.00666666666666671,0.14323663711547852,success,
credit_g,"ADD(duration,credit_history_existing paid)",ADD,"['duration', 'credit_history_existing paid']",0.7333333333333333,0.0,0.011962890625,success,
credit_g,"SUB(duration,credit_history_existing paid)",SUB,"['duration', 'credit_history_existing paid']",0.7333333333333333,0.0,0.011760950088500977,success,
credit_g,"MUL(duration,credit_history_existing paid)",MUL,"['duration', 'credit_history_existing paid']",0.74,0.00666666666666671,0.009763479232788086,success,
credit_g,"DIV(duration,credit_history_existing paid)",DIV,"['duration', 'credit_history_existing paid']",0.7333333333333333,0.0,0.1488025188446045,success,
credit_g,"ADD(duration,credit_history_no credits/all paid)",ADD,"['duration', 'credit_history_no credits/all paid']",0.7333333333333333,0.0,0.01221466064453125,success,
credit_g,"SUB(duration,credit_history_no credits/all paid)",SUB,"['duration', 'credit_history_no credits/all paid']",0.7333333333333333,0.0,0.011538267135620117,success,
credit_g,"MUL(duration,credit_history_no credits/all paid)",MUL,"['duration', 'credit_history_no credits/all paid']",0.7333333333333333,0.0,0.010160446166992188,success,
credit_g,"DIV(duration,credit_history_no credits/all paid)",DIV,"['duration', 'credit_history_no credits/all paid']",0.74,0.00666666666666671,0.14839816093444824,success,
credit_g,"ADD(duration,purpose_business)",ADD,"['duration', 'purpose_business']",0.7333333333333333,0.0,0.012931108474731445,success,
credit_g,"SUB(duration,purpose_business)",SUB,"['duration', 'purpose_business']",0.7333333333333333,0.0,0.01134037971496582,success,
credit_g,"MUL(duration,purpose_business)",MUL,"['duration', 'purpose_business']",0.74,0.00666666666666671,0.010819196701049805,success,
credit_g,"DIV(duration,purpose_business)",DIV,"['duration', 'purpose_business']",0.74,0.00666666666666671,0.1476283073425293,success,
credit_g,"ADD(duration,purpose_domestic appliance)",ADD,"['duration', 'purpose_domestic appliance']",0.7333333333333333,0.0,0.010886430740356445,success,
credit_g,"SUB(duration,purpose_domestic appliance)",SUB,"['duration', 'purpose_domestic appliance']",0.7333333333333333,0.0,0.016722440719604492,success,
credit_g,"MUL(duration,purpose_domestic appliance)",MUL,"['duration', 'purpose_domestic appliance']",0.7333333333333333,0.0,0.020085811614990234,success,
credit_g,"DIV(duration,purpose_domestic appliance)",DIV,"['duration', 'purpose_domestic appliance']",0.7333333333333333,0.0,0.16256260871887207,success,
credit_g,"ADD(duration,purpose_education)",ADD,"['duration', 'purpose_education']",0.7466666666666667,0.01333333333333342,0.012178421020507812,success,
credit_g,"SUB(duration,purpose_education)",SUB,"['duration', 'purpose_education']",0.7333333333333333,0.0,0.012515068054199219,success,
credit_g,"MUL(duration,purpose_education)",MUL,"['duration', 'purpose_education']",0.7466666666666667,0.01333333333333342,0.010987043380737305,success,
credit_g,"DIV(duration,purpose_education)",DIV,"['duration', 'purpose_education']",0.7466666666666667,0.01333333333333342,0.14992666244506836,success,
credit_g,"ADD(duration,purpose_furniture/equipment)",ADD,"['duration', 'purpose_furniture/equipment']",0.7333333333333333,0.0,0.01235651969909668,success,
credit_g,"SUB(duration,purpose_furniture/equipment)",SUB,"['duration', 'purpose_furniture/equipment']",0.7333333333333333,0.0,0.012091875076293945,success,
credit_g,"MUL(duration,purpose_furniture/equipment)",MUL,"['duration', 'purpose_furniture/equipment']",0.7333333333333333,0.0,0.010884523391723633,success,
credit_g,"DIV(duration,purpose_furniture/equipment)",DIV,"['duration', 'purpose_furniture/equipment']",0.7333333333333333,0.0,0.14607715606689453,success,
credit_g,"ADD(credit_amount,installment_commitment)",ADD,"['credit_amount', 'installment_commitment']",0.7333333333333333,0.0,0.012117862701416016,success,
credit_g,"SUB(credit_amount,installment_commitment)",SUB,"['credit_amount', 'installment_commitment']",0.7333333333333333,0.0,0.011892557144165039,success,
credit_g,"MUL(credit_amount,installment_commitment)",MUL,"['credit_amount', 'installment_commitment']",0.7333333333333333,0.0,0.010897636413574219,success,
credit_g,"DIV(credit_amount,installment_commitment)",DIV,"['credit_amount', 'installment_commitment']",0.7333333333333333,0.0,0.019288301467895508,success,
credit_g,"ADD(credit_amount,residence_since)",ADD,"['credit_amount', 'residence_since']",0.7333333333333333,0.0,0.011067390441894531,success,
credit_g,"SUB(credit_amount,residence_since)",SUB,"['credit_amount', 'residence_since']",0.7333333333333333,0.0,0.01215052604675293,success,
credit_g,"MUL(credit_amount,residence_since)",MUL,"['credit_amount', 'residence_since']",0.74,0.00666666666666671,0.009948015213012695,success,
credit_g,"DIV(credit_amount,residence_since)",DIV,"['credit_amount', 'residence_since']",0.74,0.00666666666666671,0.01266336441040039,success,
credit_g,"ADD(credit_amount,age)",ADD,"['credit_amount', 'age']",0.7333333333333333,0.0,0.01098942756652832,success,
credit_g,"SUB(credit_amount,age)",SUB,"['credit_amount', 'age']",0.7333333333333333,0.0,0.0125579833984375,success,
credit_g,"MUL(credit_amount,age)",MUL,"['credit_amount', 'age']",0.7333333333333333,0.0,0.01036524772644043,success,
credit_g,"DIV(credit_amount,age)",DIV,"['credit_amount', 'age']",0.7333333333333333,0.0,0.016176223754882812,success,
credit_g,"ADD(credit_amount,existing_credits)",ADD,"['credit_amount', 'existing_credits']",0.7333333333333333,0.0,0.01212620735168457,success,
credit_g,"SUB(credit_amount,existing_credits)",SUB,"['credit_amount', 'existing_credits']",0.7333333333333333,0.0,0.010782241821289062,success,
credit_g,"MUL(credit_amount,existing_credits)",MUL,"['credit_amount', 'existing_credits']",0.7333333333333333,0.0,0.010598421096801758,success,
credit_g,"DIV(credit_amount,existing_credits)",DIV,"['credit_amount', 'existing_credits']",0.7466666666666667,0.01333333333333342,0.010308504104614258,success,
credit_g,"ADD(credit_amount,num_dependents)",ADD,"['credit_amount', 'num_dependents']",0.7333333333333333,0.0,0.011138677597045898,success,
credit_g,"SUB(credit_amount,num_dependents)",SUB,"['credit_amount', 'num_dependents']",0.7333333333333333,0.0,0.0102386474609375,success,
credit_g,"MUL(credit_amount,num_dependents)",MUL,"['credit_amount', 'num_dependents']",0.7333333333333333,0.0,0.008790731430053711,success,
credit_g,"DIV(credit_amount,num_dependents)",DIV,"['credit_amount', 'num_dependents']",0.7333333333333333,0.0,0.011010169982910156,success,
credit_g,"ADD(credit_amount,checking_status_0<=X<200)",ADD,"['credit_amount', 'checking_status_0<=X<200']",0.7333333333333333,0.0,0.010768413543701172,success,
credit_g,"SUB(credit_amount,checking_status_0<=X<200)",SUB,"['credit_amount', 'checking_status_0<=X<200']",0.7333333333333333,0.0,0.01078486442565918,success,
credit_g,"MUL(credit_amount,checking_status_0<=X<200)",MUL,"['credit_amount', 'checking_status_0<=X<200']",0.74,0.00666666666666671,0.010885238647460938,success,
credit_g,"DIV(credit_amount,checking_status_0<=X<200)",DIV,"['credit_amount', 'checking_status_0<=X<200']",0.7466666666666667,0.01333333333333342,0.14787030220031738,success,
credit_g,"ADD(credit_amount,checking_status_<0)",ADD,"['credit_amount', 'checking_status_<0']",0.7333333333333333,0.0,0.012291193008422852,success,
credit_g,"SUB(credit_amount,checking_status_<0)",SUB,"['credit_amount', 'checking_status_<0']",0.7333333333333333,0.0,0.012883901596069336,success,
credit_g,"MUL(credit_amount,checking_status_<0)",MUL,"['credit_amount', 'checking_status_<0']",0.7466666666666667,0.01333333333333342,0.01065826416015625,success,
credit_g,"DIV(credit_amount,checking_status_<0)",DIV,"['credit_amount', 'checking_status_<0']",0.74,0.00666666666666671,0.14270305633544922,success,
credit_g,"ADD(credit_amount,checking_status_>=200)",ADD,"['credit_amount', 'checking_status_>=200']",0.7333333333333333,0.0,0.012349367141723633,success,
credit_g,"SUB(credit_amount,checking_status_>=200)",SUB,"['credit_amount', 'checking_status_>=200']",0.7333333333333333,0.0,0.012194633483886719,success,
credit_g,"MUL(credit_amount,checking_status_>=200)",MUL,"['credit_amount', 'checking_status_>=200']",0.7333333333333333,0.0,0.009974002838134766,success,
credit_g,"DIV(credit_amount,checking_status_>=200)",DIV,"['credit_amount', 'checking_status_>=200']",0.74,0.00666666666666671,0.14351987838745117,success,
credit_g,"ADD(credit_amount,checking_status_no checking)",ADD,"['credit_amount', 'checking_status_no checking']",0.7333333333333333,0.0,0.01246190071105957,success,
credit_g,"SUB(credit_amount,checking_status_no checking)",SUB,"['credit_amount', 'checking_status_no checking']",0.7333333333333333,0.0,0.010470151901245117,success,
credit_g,"MUL(credit_amount,checking_status_no checking)",MUL,"['credit_amount', 'checking_status_no checking']",0.7333333333333333,0.0,0.009824275970458984,success,
credit_g,"DIV(credit_amount,checking_status_no checking)",DIV,"['credit_amount', 'checking_status_no checking']",0.74,0.00666666666666671,0.14837431907653809,success,
credit_g,"ADD(credit_amount,credit_history_all paid)",ADD,"['credit_amount', 'credit_history_all paid']",0.7333333333333333,0.0,0.012632608413696289,success,
credit_g,"SUB(credit_amount,credit_history_all paid)",SUB,"['credit_amount', 'credit_history_all paid']",0.7333333333333333,0.0,0.012041568756103516,success,
credit_g,"MUL(credit_amount,credit_history_all paid)",MUL,"['credit_amount', 'credit_history_all paid']",0.7466666666666667,0.01333333333333342,0.010872602462768555,success,
credit_g,"DIV(credit_amount,credit_history_all paid)",DIV,"['credit_amount', 'credit_history_all paid']",0.7533333333333333,0.020000000000000018,0.15015554428100586,success,
credit_g,"ADD(credit_amount,credit_history_critical/other existing credit)",ADD,"['credit_amount', 'credit_history_critical/other existing credit']",0.7333333333333333,0.0,0.012035846710205078,success,
credit_g,"SUB(credit_amount,credit_history_critical/other existing credit)",SUB,"['credit_amount', 'credit_history_critical/other existing credit']",0.7333333333333333,0.0,0.011451482772827148,success,
credit_g,"MUL(credit_amount,credit_history_critical/other existing credit)",MUL,"['credit_amount', 'credit_history_critical/other existing credit']",0.74,0.00666666666666671,0.01128840446472168,success,
credit_g,"DIV(credit_amount,credit_history_critical/other existing credit)",DIV,"['credit_amount', 'credit_history_critical/other existing credit']",0.74,0.00666666666666671,0.1488323211669922,success,
credit_g,"ADD(credit_amount,credit_history_delayed previously)",ADD,"['credit_amount', 'credit_history_delayed previously']",0.7333333333333333,0.0,0.012019157409667969,success,
credit_g,"SUB(credit_amount,credit_history_delayed previously)",SUB,"['credit_amount', 'credit_history_delayed previously']",0.7333333333333333,0.0,0.011939287185668945,success,
credit_g,"MUL(credit_amount,credit_history_delayed previously)",MUL,"['credit_amount', 'credit_history_delayed previously']",0.7466666666666667,0.01333333333333342,0.010469198226928711,success,
credit_g,"DIV(credit_amount,credit_history_delayed previously)",DIV,"['credit_amount', 'credit_history_delayed previously']",0.74,0.00666666666666671,0.1460728645324707,success,
credit_g,"ADD(credit_amount,credit_history_existing paid)",ADD,"['credit_amount', 'credit_history_existing paid']",0.7333333333333333,0.0,0.01203155517578125,success,
credit_g,"SUB(credit_amount,credit_history_existing paid)",SUB,"['credit_amount', 'credit_history_existing paid']",0.7333333333333333,0.0,0.011855602264404297,success,
credit_g,"MUL(credit_amount,credit_history_existing paid)",MUL,"['credit_amount', 'credit_history_existing paid']",0.7466666666666667,0.01333333333333342,0.011033773422241211,success,
credit_g,"DIV(credit_amount,credit_history_existing paid)",DIV,"['credit_amount', 'credit_history_existing paid']",0.7333333333333333,0.0,0.149949312210083,success,
credit_g,"ADD(credit_amount,credit_history_no credits/all paid)",ADD,"['credit_amount', 'credit_history_no credits/all paid']",0.7333333333333333,0.0,0.012034177780151367,success,
credit_g,"SUB(credit_amount,credit_history_no credits/all paid)",SUB,"['credit_amount', 'credit_history_no credits/all paid']",0.7333333333333333,0.0,0.012139320373535156,success,
credit_g,"MUL(credit_amount,credit_history_no credits/all paid)",MUL,"['credit_amount', 'credit_history_no credits/all paid']",0.74,0.00666666666666671,0.010902881622314453,success,
credit_g,"DIV(credit_amount,credit_history_no credits/all paid)",DIV,"['credit_amount', 'credit_history_no credits/all paid']",0.7466666666666667,0.01333333333333342,0.14670395851135254,success,
credit_g,"ADD(credit_amount,purpose_business)",ADD,"['credit_amount', 'purpose_business']",0.7333333333333333,0.0,0.012754201889038086,success,
credit_g,"SUB(credit_amount,purpose_business)",SUB,"['credit_amount', 'purpose_business']",0.7333333333333333,0.0,0.012180566787719727,success,
credit_g,"MUL(credit_amount,purpose_business)",MUL,"['credit_amount', 'purpose_business']",0.7333333333333333,0.0,0.010645627975463867,success,
credit_g,"DIV(credit_amount,purpose_business)",DIV,"['credit_amount', 'purpose_business']",0.74,0.00666666666666671,0.1635456085205078,success,
credit_g,"ADD(credit_amount,purpose_domestic appliance)",ADD,"['credit_amount', 'purpose_domestic appliance']",0.7333333333333333,0.0,0.013611555099487305,success,
credit_g,"SUB(credit_amount,purpose_domestic appliance)",SUB,"['credit_amount', 'purpose_domestic appliance']",0.7333333333333333,0.0,0.013785600662231445,success,
credit_g,"MUL(credit_amount,purpose_domestic appliance)",MUL,"['credit_amount', 'purpose_domestic appliance']",0.7333333333333333,0.0,0.013896465301513672,success,
credit_g,"DIV(credit_amount,purpose_domestic appliance)",DIV,"['credit_amount', 'purpose_domestic appliance']",0.7466666666666667,0.01333333333333342,0.19130921363830566,success,
credit_g,"ADD(credit_amount,purpose_education)",ADD,"['credit_amount', 'purpose_education']",0.74,0.00666666666666671,0.013140201568603516,success,
credit_g,"SUB(credit_amount,purpose_education)",SUB,"['credit_amount', 'purpose_education']",0.7333333333333333,0.0,0.013561725616455078,success,
credit_g,"MUL(credit_amount,purpose_education)",MUL,"['credit_amount', 'purpose_education']",0.7466666666666667,0.01333333333333342,0.01276540756225586,success,
credit_g,"DIV(credit_amount,purpose_education)",DIV,"['credit_amount', 'purpose_education']",0.7466666666666667,0.01333333333333342,0.19484949111938477,success,
credit_g,"ADD(credit_amount,purpose_furniture/equipment)",ADD,"['credit_amount', 'purpose_furniture/equipment']",0.7333333333333333,0.0,0.014023780822753906,success,
credit_g,"SUB(credit_amount,purpose_furniture/equipment)",SUB,"['credit_amount', 'purpose_furniture/equipment']",0.7333333333333333,0.0,0.013480424880981445,success,
credit_g,"MUL(credit_amount,purpose_furniture/equipment)",MUL,"['credit_amount', 'purpose_furniture/equipment']",0.74,0.00666666666666671,0.01210784912109375,success,
credit_g,"DIV(credit_amount,purpose_furniture/equipment)",DIV,"['credit_amount', 'purpose_furniture/equipment']",0.7466666666666667,0.01333333333333342,0.18453717231750488,success,
credit_g,"ADD(installment_commitment,residence_since)",ADD,"['installment_commitment', 'residence_since']",0.7333333333333333,0.0,0.013736724853515625,success,
credit_g,"SUB(installment_commitment,residence_since)",SUB,"['installment_commitment', 'residence_since']",0.7333333333333333,0.0,0.01422882080078125,success,
credit_g,"MUL(installment_commitment,residence_since)",MUL,"['installment_commitment', 'residence_since']",0.74,0.00666666666666671,0.013618230819702148,success,
credit_g,"DIV(installment_commitment,residence_since)",DIV,"['installment_commitment', 'residence_since']",0.7266666666666667,-0.006666666666666599,0.01624584197998047,success,
credit_g,"ADD(installment_commitment,age)",ADD,"['installment_commitment', 'age']",0.7333333333333333,0.0,0.013628482818603516,success,
credit_g,"SUB(installment_commitment,age)",SUB,"['installment_commitment', 'age']",0.7333333333333333,0.0,0.01268148422241211,success,
credit_g,"MUL(installment_commitment,age)",MUL,"['installment_commitment', 'age']",0.7333333333333333,0.0,0.012560606002807617,success,
credit_g,"DIV(installment_commitment,age)",DIV,"['installment_commitment', 'age']",0.7333333333333333,0.0,0.02050638198852539,success,
credit_g,"ADD(installment_commitment,existing_credits)",ADD,"['installment_commitment', 'existing_credits']",0.7333333333333333,0.0,0.013240337371826172,success,
credit_g,"SUB(installment_commitment,existing_credits)",SUB,"['installment_commitment', 'existing_credits']",0.7333333333333333,0.0,0.013561487197875977,success,
credit_g,"MUL(installment_commitment,existing_credits)",MUL,"['installment_commitment', 'existing_credits']",0.7333333333333333,0.0,0.011679887771606445,success,
credit_g,"DIV(installment_commitment,existing_credits)",DIV,"['installment_commitment', 'existing_credits']",0.7333333333333333,0.0,0.01379847526550293,success,
credit_g,"ADD(installment_commitment,num_dependents)",ADD,"['installment_commitment', 'num_dependents']",0.7333333333333333,0.0,0.012665748596191406,success,
credit_g,"SUB(installment_commitment,num_dependents)",SUB,"['installment_commitment', 'num_dependents']",0.7333333333333333,0.0,0.013867616653442383,success,
credit_g,"MUL(installment_commitment,num_dependents)",MUL,"['installment_commitment', 'num_dependents']",0.74,0.00666666666666671,0.012952804565429688,success,
credit_g,"DIV(installment_commitment,num_dependents)",DIV,"['installment_commitment', 'num_dependents']",0.74,0.00666666666666671,0.013575077056884766,success,
credit_g,"ADD(installment_commitment,checking_status_0<=X<200)",ADD,"['installment_commitment', 'checking_status_0<=X<200']",0.7333333333333333,0.0,0.013078927993774414,success,
credit_g,"SUB(installment_commitment,checking_status_0<=X<200)",SUB,"['installment_commitment', 'checking_status_0<=X<200']",0.7333333333333333,0.0,0.01230764389038086,success,
credit_g,"MUL(installment_commitment,checking_status_0<=X<200)",MUL,"['installment_commitment', 'checking_status_0<=X<200']",0.74,0.00666666666666671,0.012064218521118164,success,
credit_g,"DIV(installment_commitment,checking_status_0<=X<200)",DIV,"['installment_commitment', 'checking_status_0<=X<200']",0.7333333333333333,0.0,0.18037128448486328,success,
credit_g,"ADD(installment_commitment,checking_status_<0)",ADD,"['installment_commitment', 'checking_status_<0']",0.7333333333333333,0.0,0.013851642608642578,success,
credit_g,"SUB(installment_commitment,checking_status_<0)",SUB,"['installment_commitment', 'checking_status_<0']",0.7333333333333333,0.0,0.014167547225952148,success,
credit_g,"MUL(installment_commitment,checking_status_<0)",MUL,"['installment_commitment', 'checking_status_<0']",0.7466666666666667,0.01333333333333342,0.012539148330688477,success,
credit_g,"DIV(installment_commitment,checking_status_<0)",DIV,"['installment_commitment', 'checking_status_<0']",0.7466666666666667,0.01333333333333342,0.1860954761505127,success,
credit_g,"ADD(installment_commitment,checking_status_>=200)",ADD,"['installment_commitment', 'checking_status_>=200']",0.7333333333333333,0.0,0.014628410339355469,success,
credit_g,"SUB(installment_commitment,checking_status_>=200)",SUB,"['installment_commitment', 'checking_status_>=200']",0.7333333333333333,0.0,0.013602972030639648,success,
credit_g,"MUL(installment_commitment,checking_status_>=200)",MUL,"['installment_commitment', 'checking_status_>=200']",0.7333333333333333,0.0,0.013035058975219727,success,
credit_g,"DIV(installment_commitment,checking_status_>=200)",DIV,"['installment_commitment', 'checking_status_>=200']",0.72,-0.013333333333333308,0.1811847686767578,success,
credit_g,"ADD(installment_commitment,checking_status_no checking)",ADD,"['installment_commitment', 'checking_status_no checking']",0.7333333333333333,0.0,0.01473546028137207,success,
credit_g,"SUB(installment_commitment,checking_status_no checking)",SUB,"['installment_commitment', 'checking_status_no checking']",0.7333333333333333,0.0,0.013288736343383789,success,
credit_g,"MUL(installment_commitment,checking_status_no checking)",MUL,"['installment_commitment', 'checking_status_no checking']",0.7466666666666667,0.01333333333333342,0.012589693069458008,success,
credit_g,"DIV(installment_commitment,checking_status_no checking)",DIV,"['installment_commitment', 'checking_status_no checking']",0.74,0.00666666666666671,0.19056940078735352,success,
credit_g,"ADD(installment_commitment,credit_history_all paid)",ADD,"['installment_commitment', 'credit_history_all paid']",0.7333333333333333,0.0,0.013811826705932617,success,
credit_g,"SUB(installment_commitment,credit_history_all paid)",SUB,"['installment_commitment', 'credit_history_all paid']",0.7333333333333333,0.0,0.014655828475952148,success,
credit_g,"MUL(installment_commitment,credit_history_all paid)",MUL,"['installment_commitment', 'credit_history_all paid']",0.74,0.00666666666666671,0.013524055480957031,success,
credit_g,"DIV(installment_commitment,credit_history_all paid)",DIV,"['installment_commitment', 'credit_history_all paid']",0.74,0.00666666666666671,0.18703985214233398,success,
credit_g,"ADD(installment_commitment,credit_history_critical/other existing credit)",ADD,"['installment_commitment', 'credit_history_critical/other existing credit']",0.7333333333333333,0.0,0.013695955276489258,success,
credit_g,"SUB(installment_commitment,credit_history_critical/other existing credit)",SUB,"['installment_commitment', 'credit_history_critical/other existing credit']",0.7333333333333333,0.0,0.014060735702514648,success,
credit_g,"MUL(installment_commitment,credit_history_critical/other existing credit)",MUL,"['installment_commitment', 'credit_history_critical/other existing credit']",0.7333333333333333,0.0,0.012975931167602539,success,
credit_g,"DIV(installment_commitment,credit_history_critical/other existing credit)",DIV,"['installment_commitment', 'credit_history_critical/other existing credit']",0.74,0.00666666666666671,0.18851685523986816,success,
credit_g,"ADD(installment_commitment,credit_history_delayed previously)",ADD,"['installment_commitment', 'credit_history_delayed previously']",0.7333333333333333,0.0,0.012718439102172852,success,
credit_g,"SUB(installment_commitment,credit_history_delayed previously)",SUB,"['installment_commitment', 'credit_history_delayed previously']",0.7333333333333333,0.0,0.014038562774658203,success,
credit_g,"MUL(installment_commitment,credit_history_delayed previously)",MUL,"['installment_commitment', 'credit_history_delayed previously']",0.74,0.00666666666666671,0.012923240661621094,success,
credit_g,"DIV(installment_commitment,credit_history_delayed previously)",DIV,"['installment_commitment', 'credit_history_delayed previously']",0.7466666666666667,0.01333333333333342,0.18613576889038086,success,
credit_g,"ADD(installment_commitment,credit_history_existing paid)",ADD,"['installment_commitment', 'credit_history_existing paid']",0.7333333333333333,0.0,0.01297616958618164,success,
credit_g,"SUB(installment_commitment,credit_history_existing paid)",SUB,"['installment_commitment', 'credit_history_existing paid']",0.7333333333333333,0.0,0.013150215148925781,success,
credit_g,"MUL(installment_commitment,credit_history_existing paid)",MUL,"['installment_commitment', 'credit_history_existing paid']",0.7333333333333333,0.0,0.012497425079345703,success,
credit_g,"DIV(installment_commitment,credit_history_existing paid)",DIV,"['installment_commitment', 'credit_history_existing paid']",0.7333333333333333,0.0,0.18753266334533691,success,
credit_g,"ADD(installment_commitment,credit_history_no credits/all paid)",ADD,"['installment_commitment', 'credit_history_no credits/all paid']",0.7333333333333333,0.0,0.013774394989013672,success,
credit_g,"SUB(installment_commitment,credit_history_no credits/all paid)",SUB,"['installment_commitment', 'credit_history_no credits/all paid']",0.7333333333333333,0.0,0.014623880386352539,success,
credit_g,"MUL(installment_commitment,credit_history_no credits/all paid)",MUL,"['installment_commitment', 'credit_history_no credits/all paid']",0.74,0.00666666666666671,0.013113975524902344,success,
credit_g,"DIV(installment_commitment,credit_history_no credits/all paid)",DIV,"['installment_commitment', 'credit_history_no credits/all paid']",0.7333333333333333,0.0,0.1918783187866211,success,
credit_g,"ADD(installment_commitment,purpose_business)",ADD,"['installment_commitment', 'purpose_business']",0.7333333333333333,0.0,0.013057708740234375,success,
credit_g,"SUB(installment_commitment,purpose_business)",SUB,"['installment_commitment', 'purpose_business']",0.7333333333333333,0.0,0.014812469482421875,success,
credit_g,"MUL(installment_commitment,purpose_business)",MUL,"['installment_commitment', 'purpose_business']",0.74,0.00666666666666671,0.012941598892211914,success,
credit_g,"DIV(installment_commitment,purpose_business)",DIV,"['installment_commitment', 'purpose_business']",0.74,0.00666666666666671,0.18652820587158203,success,
credit_g,"ADD(installment_commitment,purpose_domestic appliance)",ADD,"['installment_commitment', 'purpose_domestic appliance']",0.7333333333333333,0.0,0.013805150985717773,success,
credit_g,"SUB(installment_commitment,purpose_domestic appliance)",SUB,"['installment_commitment', 'purpose_domestic appliance']",0.7333333333333333,0.0,0.013529300689697266,success,
credit_g,"MUL(installment_commitment,purpose_domestic appliance)",MUL,"['installment_commitment', 'purpose_domestic appliance']",0.7333333333333333,0.0,0.013490915298461914,success,
credit_g,"DIV(installment_commitment,purpose_domestic appliance)",DIV,"['installment_commitment', 'purpose_domestic appliance']",0.74,0.00666666666666671,0.18744635581970215,success,
credit_g,"ADD(installment_commitment,purpose_education)",ADD,"['installment_commitment', 'purpose_education']",0.74,0.00666666666666671,0.013984918594360352,success,
credit_g,"SUB(installment_commitment,purpose_education)",SUB,"['installment_commitment', 'purpose_education']",0.7333333333333333,0.0,0.013536930084228516,success,
credit_g,"MUL(installment_commitment,purpose_education)",MUL,"['installment_commitment', 'purpose_education']",0.7466666666666667,0.01333333333333342,0.012462615966796875,success,
credit_g,"DIV(installment_commitment,purpose_education)",DIV,"['installment_commitment', 'purpose_education']",0.7266666666666667,-0.006666666666666599,0.18740534782409668,success,
credit_g,"ADD(installment_commitment,purpose_furniture/equipment)",ADD,"['installment_commitment', 'purpose_furniture/equipment']",0.7333333333333333,0.0,0.012628316879272461,success,
credit_g,"SUB(installment_commitment,purpose_furniture/equipment)",SUB,"['installment_commitment', 'purpose_furniture/equipment']",0.7333333333333333,0.0,0.012939453125,success,
credit_g,"MUL(installment_commitment,purpose_furniture/equipment)",MUL,"['installment_commitment', 'purpose_furniture/equipment']",0.74,0.00666666666666671,0.013625383377075195,success,
credit_g,"DIV(installment_commitment,purpose_furniture/equipment)",DIV,"['installment_commitment', 'purpose_furniture/equipment']",0.7266666666666667,-0.006666666666666599,0.18787026405334473,success,
credit_g,"ADD(residence_since,age)",ADD,"['residence_since', 'age']",0.7333333333333333,0.0,0.014763593673706055,success,
credit_g,"SUB(residence_since,age)",SUB,"['residence_since', 'age']",0.7333333333333333,0.0,0.013433694839477539,success,
credit_g,"MUL(residence_since,age)",MUL,"['residence_since', 'age']",0.74,0.00666666666666671,0.012204885482788086,success,
credit_g,"DIV(residence_since,age)",DIV,"['residence_since', 'age']",0.7333333333333333,0.0,0.021170854568481445,success,
credit_g,"ADD(residence_since,existing_credits)",ADD,"['residence_since', 'existing_credits']",0.7333333333333333,0.0,0.013326168060302734,success,
credit_g,"SUB(residence_since,existing_credits)",SUB,"['residence_since', 'existing_credits']",0.7333333333333333,0.0,0.013317108154296875,success,
credit_g,"MUL(residence_since,existing_credits)",MUL,"['residence_since', 'existing_credits']",0.7333333333333333,0.0,0.012787342071533203,success,
credit_g,"DIV(residence_since,existing_credits)",DIV,"['residence_since', 'existing_credits']",0.7333333333333333,0.0,0.012430429458618164,success,
credit_g,"ADD(residence_since,num_dependents)",ADD,"['residence_since', 'num_dependents']",0.7333333333333333,0.0,0.013042211532592773,success,
credit_g,"SUB(residence_since,num_dependents)",SUB,"['residence_since', 'num_dependents']",0.7333333333333333,0.0,0.013924360275268555,success,
credit_g,"MUL(residence_since,num_dependents)",MUL,"['residence_since', 'num_dependents']",0.7466666666666667,0.01333333333333342,0.012620925903320312,success,
credit_g,"DIV(residence_since,num_dependents)",DIV,"['residence_since', 'num_dependents']",0.7466666666666667,0.01333333333333342,0.014339447021484375,success,
credit_g,"ADD(residence_since,checking_status_0<=X<200)",ADD,"['residence_since', 'checking_status_0<=X<200']",0.7333333333333333,0.0,0.013812780380249023,success,
credit_g,"SUB(residence_since,checking_status_0<=X<200)",SUB,"['residence_since', 'checking_status_0<=X<200']",0.7333333333333333,0.0,0.014363527297973633,success,
credit_g,"MUL(residence_since,checking_status_0<=X<200)",MUL,"['residence_since', 'checking_status_0<=X<200']",0.74,0.00666666666666671,0.013195514678955078,success,
credit_g,"DIV(residence_since,checking_status_0<=X<200)",DIV,"['residence_since', 'checking_status_0<=X<200']",0.74,0.00666666666666671,0.18847894668579102,success,
credit_g,"ADD(residence_since,checking_status_<0)",ADD,"['residence_since', 'checking_status_<0']",0.7333333333333333,0.0,0.016460895538330078,success,
credit_g,"SUB(residence_since,checking_status_<0)",SUB,"['residence_since', 'checking_status_<0']",0.7333333333333333,0.0,0.02419304847717285,success,
credit_g,"MUL(residence_since,checking_status_<0)",MUL,"['residence_since', 'checking_status_<0']",0.7333333333333333,0.0,0.018774747848510742,success,
credit_g,"DIV(residence_since,checking_status_<0)",DIV,"['residence_since', 'checking_status_<0']",0.74,0.00666666666666671,0.19205284118652344,success,
credit_g,"ADD(residence_since,checking_status_>=200)",ADD,"['residence_since', 'checking_status_>=200']",0.7333333333333333,0.0,0.013143539428710938,success,
credit_g,"SUB(residence_since,checking_status_>=200)",SUB,"['residence_since', 'checking_status_>=200']",0.7333333333333333,0.0,0.013978004455566406,success,
credit_g,"MUL(residence_since,checking_status_>=200)",MUL,"['residence_since', 'checking_status_>=200']",0.7333333333333333,0.0,0.011946439743041992,success,
credit_g,"DIV(residence_since,checking_status_>=200)",DIV,"['residence_since', 'checking_status_>=200']",0.74,0.00666666666666671,0.1894669532775879,success,
credit_g,"ADD(residence_since,checking_status_no checking)",ADD,"['residence_since', 'checking_status_no checking']",0.7333333333333333,0.0,0.014370441436767578,success,
credit_g,"SUB(residence_since,checking_status_no checking)",SUB,"['residence_since', 'checking_status_no checking']",0.7333333333333333,0.0,0.013909101486206055,success,
credit_g,"MUL(residence_since,checking_status_no checking)",MUL,"['residence_since', 'checking_status_no checking']",0.7333333333333333,0.0,0.01403188705444336,success,
credit_g,"DIV(residence_since,checking_status_no checking)",DIV,"['residence_since', 'checking_status_no checking']",0.74,0.00666666666666671,0.18973994255065918,success,
credit_g,"ADD(residence_since,credit_history_all paid)",ADD,"['residence_since', 'credit_history_all paid']",0.7333333333333333,0.0,0.013461828231811523,success,
credit_g,"SUB(residence_since,credit_history_all paid)",SUB,"['residence_since', 'credit_history_all paid']",0.7333333333333333,0.0,0.014123201370239258,success,
credit_g,"MUL(residence_since,credit_history_all paid)",MUL,"['residence_since', 'credit_history_all paid']",0.7466666666666667,0.01333333333333342,0.013125419616699219,success,
credit_g,"DIV(residence_since,credit_history_all paid)",DIV,"['residence_since', 'credit_history_all paid']",0.7466666666666667,0.01333333333333342,0.18883633613586426,success,
credit_g,"ADD(residence_since,credit_history_critical/other existing credit)",ADD,"['residence_since', 'credit_history_critical/other existing credit']",0.7333333333333333,0.0,0.012317180633544922,success,
credit_g,"SUB(residence_since,credit_history_critical/other existing credit)",SUB,"['residence_since', 'credit_history_critical/other existing credit']",0.7333333333333333,0.0,0.013994693756103516,success,
credit_g,"MUL(residence_since,credit_history_critical/other existing credit)",MUL,"['residence_since', 'credit_history_critical/other existing credit']",0.7333333333333333,0.0,0.011985301971435547,success,
credit_g,"DIV(residence_since,credit_history_critical/other existing credit)",DIV,"['residence_since', 'credit_history_critical/other existing credit']",0.7333333333333333,0.0,0.19073915481567383,success,
credit_g,"ADD(residence_since,credit_history_delayed previously)",ADD,"['residence_since', 'credit_history_delayed previously']",0.7333333333333333,0.0,0.013756752014160156,success,
credit_g,"SUB(residence_since,credit_history_delayed previously)",SUB,"['residence_since', 'credit_history_delayed previously']",0.7333333333333333,0.0,0.01477360725402832,success,
credit_g,"MUL(residence_since,credit_history_delayed previously)",MUL,"['residence_since', 'credit_history_delayed previously']",0.7333333333333333,0.0,0.013705253601074219,success,
credit_g,"DIV(residence_since,credit_history_delayed previously)",DIV,"['residence_since', 'credit_history_delayed previously']",0.74,0.00666666666666671,0.1885986328125,success,
credit_g,"ADD(residence_since,credit_history_existing paid)",ADD,"['residence_since', 'credit_history_existing paid']",0.7333333333333333,0.0,0.014656543731689453,success,
credit_g,"SUB(residence_since,credit_history_existing paid)",SUB,"['residence_since', 'credit_history_existing paid']",0.7333333333333333,0.0,0.013276100158691406,success,
credit_g,"MUL(residence_since,credit_history_existing paid)",MUL,"['residence_since', 'credit_history_existing paid']",0.7333333333333333,0.0,0.012499570846557617,success,
credit_g,"DIV(residence_since,credit_history_existing paid)",DIV,"['residence_since', 'credit_history_existing paid']",0.74,0.00666666666666671,0.1882619857788086,success,
credit_g,"ADD(residence_since,credit_history_no credits/all paid)",ADD,"['residence_since', 'credit_history_no credits/all paid']",0.7333333333333333,0.0,0.013417482376098633,success,
credit_g,"SUB(residence_since,credit_history_no credits/all paid)",SUB,"['residence_since', 'credit_history_no credits/all paid']",0.7333333333333333,0.0,0.013512134552001953,success,
credit_g,"MUL(residence_since,credit_history_no credits/all paid)",MUL,"['residence_since', 'credit_history_no credits/all paid']",0.7533333333333333,0.020000000000000018,0.013161420822143555,success,
credit_g,"DIV(residence_since,credit_history_no credits/all paid)",DIV,"['residence_since', 'credit_history_no credits/all paid']",0.7533333333333333,0.020000000000000018,0.19063234329223633,success,
credit_g,"ADD(residence_since,purpose_business)",ADD,"['residence_since', 'purpose_business']",0.7333333333333333,0.0,0.013727188110351562,success,
credit_g,"SUB(residence_since,purpose_business)",SUB,"['residence_since', 'purpose_business']",0.7333333333333333,0.0,0.013664722442626953,success,
credit_g,"MUL(residence_since,purpose_business)",MUL,"['residence_since', 'purpose_business']",0.7466666666666667,0.01333333333333342,0.01243138313293457,success,
credit_g,"DIV(residence_since,purpose_business)",DIV,"['residence_since', 'purpose_business']",0.7466666666666667,0.01333333333333342,0.19045019149780273,success,
credit_g,"ADD(residence_since,purpose_domestic appliance)",ADD,"['residence_since', 'purpose_domestic appliance']",0.7333333333333333,0.0,0.012956857681274414,success,
credit_g,"SUB(residence_since,purpose_domestic appliance)",SUB,"['residence_since', 'purpose_domestic appliance']",0.7333333333333333,0.0,0.013251066207885742,success,
credit_g,"MUL(residence_since,purpose_domestic appliance)",MUL,"['residence_since', 'purpose_domestic appliance']",0.74,0.00666666666666671,0.013055562973022461,success,
credit_g,"DIV(residence_since,purpose_domestic appliance)",DIV,"['residence_since', 'purpose_domestic appliance']",0.7533333333333333,0.020000000000000018,0.18707680702209473,success,
credit_g,"ADD(residence_since,purpose_education)",ADD,"['residence_since', 'purpose_education']",0.74,0.00666666666666671,0.013885974884033203,success,
credit_g,"SUB(residence_since,purpose_education)",SUB,"['residence_since', 'purpose_education']",0.7333333333333333,0.0,0.014352798461914062,success,
credit_g,"MUL(residence_since,purpose_education)",MUL,"['residence_since', 'purpose_education']",0.74,0.00666666666666671,0.012406587600708008,success,
credit_g,"DIV(residence_since,purpose_education)",DIV,"['residence_since', 'purpose_education']",0.74,0.00666666666666671,0.18618464469909668,success,
credit_g,"ADD(residence_since,purpose_furniture/equipment)",ADD,"['residence_since', 'purpose_furniture/equipment']",0.7333333333333333,0.0,0.013456583023071289,success,
credit_g,"SUB(residence_since,purpose_furniture/equipment)",SUB,"['residence_since', 'purpose_furniture/equipment']",0.7333333333333333,0.0,0.013499021530151367,success,
credit_g,"MUL(residence_since,purpose_furniture/equipment)",MUL,"['residence_since', 'purpose_furniture/equipment']",0.7333333333333333,0.0,0.012195110321044922,success,
credit_g,"DIV(residence_since,purpose_furniture/equipment)",DIV,"['residence_since', 'purpose_furniture/equipment']",0.7266666666666667,-0.006666666666666599,0.18239712715148926,success,
credit_g,"ADD(age,existing_credits)",ADD,"['age', 'existing_credits']",0.7333333333333333,0.0,0.016098976135253906,success,
credit_g,"SUB(age,existing_credits)",SUB,"['age', 'existing_credits']",0.7333333333333333,0.0,0.013036966323852539,success,
credit_g,"MUL(age,existing_credits)",MUL,"['age', 'existing_credits']",0.74,0.00666666666666671,0.012140512466430664,success,
credit_g,"DIV(age,existing_credits)",DIV,"['age', 'existing_credits']",0.7333333333333333,0.0,0.013316631317138672,success,
credit_g,"ADD(age,num_dependents)",ADD,"['age', 'num_dependents']",0.7333333333333333,0.0,0.013387203216552734,success,
credit_g,"SUB(age,num_dependents)",SUB,"['age', 'num_dependents']",0.7333333333333333,0.0,0.013079643249511719,success,
credit_g,"MUL(age,num_dependents)",MUL,"['age', 'num_dependents']",0.74,0.00666666666666671,0.012230396270751953,success,
credit_g,"DIV(age,num_dependents)",DIV,"['age', 'num_dependents']",0.74,0.00666666666666671,0.015558958053588867,success,
credit_g,"ADD(age,checking_status_0<=X<200)",ADD,"['age', 'checking_status_0<=X<200']",0.7333333333333333,0.0,0.012115240097045898,success,
credit_g,"SUB(age,checking_status_0<=X<200)",SUB,"['age', 'checking_status_0<=X<200']",0.7333333333333333,0.0,0.013237953186035156,success,
credit_g,"MUL(age,checking_status_0<=X<200)",MUL,"['age', 'checking_status_0<=X<200']",0.74,0.00666666666666671,0.012457132339477539,success,
credit_g,"DIV(age,checking_status_0<=X<200)",DIV,"['age', 'checking_status_0<=X<200']",0.7333333333333333,0.0,0.18642234802246094,success,
credit_g,"ADD(age,checking_status_<0)",ADD,"['age', 'checking_status_<0']",0.7333333333333333,0.0,0.013059616088867188,success,
credit_g,"SUB(age,checking_status_<0)",SUB,"['age', 'checking_status_<0']",0.7333333333333333,0.0,0.01312398910522461,success,
credit_g,"MUL(age,checking_status_<0)",MUL,"['age', 'checking_status_<0']",0.74,0.00666666666666671,0.012391328811645508,success,
credit_g,"DIV(age,checking_status_<0)",DIV,"['age', 'checking_status_<0']",0.7266666666666667,-0.006666666666666599,0.18854832649230957,success,
credit_g,"ADD(age,checking_status_>=200)",ADD,"['age', 'checking_status_>=200']",0.7333333333333333,0.0,0.014037847518920898,success,
credit_g,"SUB(age,checking_status_>=200)",SUB,"['age', 'checking_status_>=200']",0.7333333333333333,0.0,0.01319575309753418,success,
credit_g,"MUL(age,checking_status_>=200)",MUL,"['age', 'checking_status_>=200']",0.74,0.00666666666666671,0.013443946838378906,success,
credit_g,"DIV(age,checking_status_>=200)",DIV,"['age', 'checking_status_>=200']",0.7466666666666667,0.01333333333333342,0.17780494689941406,success,
credit_g,"ADD(age,checking_status_no checking)",ADD,"['age', 'checking_status_no checking']",0.7333333333333333,0.0,0.01337742805480957,success,
credit_g,"SUB(age,checking_status_no checking)",SUB,"['age', 'checking_status_no checking']",0.7333333333333333,0.0,0.013314962387084961,success,
credit_g,"MUL(age,checking_status_no checking)",MUL,"['age', 'checking_status_no checking']",0.74,0.00666666666666671,0.013207197189331055,success,
credit_g,"DIV(age,checking_status_no checking)",DIV,"['age', 'checking_status_no checking']",0.7333333333333333,0.0,0.19398045539855957,success,
credit_g,"ADD(age,credit_history_all paid)",ADD,"['age', 'credit_history_all paid']",0.7333333333333333,0.0,0.01228952407836914,success,
credit_g,"SUB(age,credit_history_all paid)",SUB,"['age', 'credit_history_all paid']",0.7333333333333333,0.0,0.013359546661376953,success,
credit_g,"MUL(age,credit_history_all paid)",MUL,"['age', 'credit_history_all paid']",0.7533333333333333,0.020000000000000018,0.012674570083618164,success,
credit_g,"DIV(age,credit_history_all paid)",DIV,"['age', 'credit_history_all paid']",0.7533333333333333,0.020000000000000018,0.18352341651916504,success,
credit_g,"ADD(age,credit_history_critical/other existing credit)",ADD,"['age', 'credit_history_critical/other existing credit']",0.7333333333333333,0.0,0.013564586639404297,success,
credit_g,"SUB(age,credit_history_critical/other existing credit)",SUB,"['age', 'credit_history_critical/other existing credit']",0.7333333333333333,0.0,0.014016151428222656,success,
credit_g,"MUL(age,credit_history_critical/other existing credit)",MUL,"['age', 'credit_history_critical/other existing credit']",0.74,0.00666666666666671,0.01330876350402832,success,
credit_g,"DIV(age,credit_history_critical/other existing credit)",DIV,"['age', 'credit_history_critical/other existing credit']",0.7266666666666667,-0.006666666666666599,0.19541358947753906,success,
credit_g,"ADD(age,credit_history_delayed previously)",ADD,"['age', 'credit_history_delayed previously']",0.7333333333333333,0.0,0.013767004013061523,success,
credit_g,"SUB(age,credit_history_delayed previously)",SUB,"['age', 'credit_history_delayed previously']",0.7333333333333333,0.0,0.013759613037109375,success,
credit_g,"MUL(age,credit_history_delayed previously)",MUL,"['age', 'credit_history_delayed previously']",0.74,0.00666666666666671,0.013692855834960938,success,
credit_g,"DIV(age,credit_history_delayed previously)",DIV,"['age', 'credit_history_delayed previously']",0.74,0.00666666666666671,0.19756484031677246,success,
credit_g,"ADD(age,credit_history_existing paid)",ADD,"['age', 'credit_history_existing paid']",0.7333333333333333,0.0,0.01411581039428711,success,
credit_g,"SUB(age,credit_history_existing paid)",SUB,"['age', 'credit_history_existing paid']",0.7333333333333333,0.0,0.014122724533081055,success,
credit_g,"MUL(age,credit_history_existing paid)",MUL,"['age', 'credit_history_existing paid']",0.7333333333333333,0.0,0.011420726776123047,success,
credit_g,"DIV(age,credit_history_existing paid)",DIV,"['age', 'credit_history_existing paid']",0.74,0.00666666666666671,0.19165611267089844,success,
credit_g,"ADD(age,credit_history_no credits/all paid)",ADD,"['age', 'credit_history_no credits/all paid']",0.7333333333333333,0.0,0.013393878936767578,success,
credit_g,"SUB(age,credit_history_no credits/all paid)",SUB,"['age', 'credit_history_no credits/all paid']",0.7333333333333333,0.0,0.013122320175170898,success,
credit_g,"MUL(age,credit_history_no credits/all paid)",MUL,"['age', 'credit_history_no credits/all paid']",0.7333333333333333,0.0,0.0220794677734375,success,
credit_g,"DIV(age,credit_history_no credits/all paid)",DIV,"['age', 'credit_history_no credits/all paid']",0.74,0.00666666666666671,0.20351886749267578,success,
credit_g,"ADD(age,purpose_business)",ADD,"['age', 'purpose_business']",0.7333333333333333,0.0,0.01209568977355957,success,
credit_g,"SUB(age,purpose_business)",SUB,"['age', 'purpose_business']",0.7333333333333333,0.0,0.012783527374267578,success,
credit_g,"MUL(age,purpose_business)",MUL,"['age', 'purpose_business']",0.7533333333333333,0.020000000000000018,0.012807369232177734,success,
credit_g,"DIV(age,purpose_business)",DIV,"['age', 'purpose_business']",0.7533333333333333,0.020000000000000018,0.20290350914001465,success,
credit_g,"ADD(age,purpose_domestic appliance)",ADD,"['age', 'purpose_domestic appliance']",0.7333333333333333,0.0,0.01818680763244629,success,
credit_g,"SUB(age,purpose_domestic appliance)",SUB,"['age', 'purpose_domestic appliance']",0.7333333333333333,0.0,0.017517805099487305,success,
credit_g,"MUL(age,purpose_domestic appliance)",MUL,"['age', 'purpose_domestic appliance']",0.7333333333333333,0.0,0.015161275863647461,success,
credit_g,"DIV(age,purpose_domestic appliance)",DIV,"['age', 'purpose_domestic appliance']",0.76,0.026666666666666727,0.1941204071044922,success,
credit_g,"ADD(age,purpose_education)",ADD,"['age', 'purpose_education']",0.7333333333333333,0.0,0.01258087158203125,success,
credit_g,"SUB(age,purpose_education)",SUB,"['age', 'purpose_education']",0.74,0.00666666666666671,0.01292276382446289,success,
credit_g,"MUL(age,purpose_education)",MUL,"['age', 'purpose_education']",0.7333333333333333,0.0,0.013345718383789062,success,
credit_g,"DIV(age,purpose_education)",DIV,"['age', 'purpose_education']",0.7333333333333333,0.0,0.19512271881103516,success,
credit_g,"ADD(age,purpose_furniture/equipment)",ADD,"['age', 'purpose_furniture/equipment']",0.7333333333333333,0.0,0.01290130615234375,success,
credit_g,"SUB(age,purpose_furniture/equipment)",SUB,"['age', 'purpose_furniture/equipment']",0.7333333333333333,0.0,0.013658761978149414,success,
credit_g,"MUL(age,purpose_furniture/equipment)",MUL,"['age', 'purpose_furniture/equipment']",0.7266666666666667,-0.006666666666666599,0.012847185134887695,success,
credit_g,"DIV(age,purpose_furniture/equipment)",DIV,"['age', 'purpose_furniture/equipment']",0.74,0.00666666666666671,0.22115230560302734,success,
credit_g,"ADD(existing_credits,num_dependents)",ADD,"['existing_credits', 'num_dependents']",0.7333333333333333,0.0,0.0166628360748291,success,
credit_g,"SUB(existing_credits,num_dependents)",SUB,"['existing_credits', 'num_dependents']",0.7333333333333333,0.0,0.013539552688598633,success,
credit_g,"MUL(existing_credits,num_dependents)",MUL,"['existing_credits', 'num_dependents']",0.7266666666666667,-0.006666666666666599,0.012725591659545898,success,
credit_g,"DIV(existing_credits,num_dependents)",DIV,"['existing_credits', 'num_dependents']",0.7266666666666667,-0.006666666666666599,0.014834880828857422,success,
credit_g,"ADD(existing_credits,checking_status_0<=X<200)",ADD,"['existing_credits', 'checking_status_0<=X<200']",0.7333333333333333,0.0,0.014437437057495117,success,
credit_g,"SUB(existing_credits,checking_status_0<=X<200)",SUB,"['existing_credits', 'checking_status_0<=X<200']",0.7333333333333333,0.0,0.01457977294921875,success,
credit_g,"MUL(existing_credits,checking_status_0<=X<200)",MUL,"['existing_credits', 'checking_status_0<=X<200']",0.7333333333333333,0.0,0.013543844223022461,success,
credit_g,"DIV(existing_credits,checking_status_0<=X<200)",DIV,"['existing_credits', 'checking_status_0<=X<200']",0.7333333333333333,0.0,0.18902254104614258,success,
credit_g,"ADD(existing_credits,checking_status_<0)",ADD,"['existing_credits', 'checking_status_<0']",0.7333333333333333,0.0,0.01286005973815918,success,
credit_g,"SUB(existing_credits,checking_status_<0)",SUB,"['existing_credits', 'checking_status_<0']",0.7333333333333333,0.0,0.014032602310180664,success,
credit_g,"MUL(existing_credits,checking_status_<0)",MUL,"['existing_credits', 'checking_status_<0']",0.74,0.00666666666666671,0.012336254119873047,success,
credit_g,"DIV(existing_credits,checking_status_<0)",DIV,"['existing_credits', 'checking_status_<0']",0.74,0.00666666666666671,0.19307637214660645,success,
credit_g,"ADD(existing_credits,checking_status_>=200)",ADD,"['existing_credits', 'checking_status_>=200']",0.7333333333333333,0.0,0.012770652770996094,success,
credit_g,"SUB(existing_credits,checking_status_>=200)",SUB,"['existing_credits', 'checking_status_>=200']",0.7333333333333333,0.0,0.015352010726928711,success,
credit_g,"MUL(existing_credits,checking_status_>=200)",MUL,"['existing_credits', 'checking_status_>=200']",0.7466666666666667,0.01333333333333342,0.014281272888183594,success,
credit_g,"DIV(existing_credits,checking_status_>=200)",DIV,"['existing_credits', 'checking_status_>=200']",0.74,0.00666666666666671,0.18990707397460938,success,
credit_g,"ADD(existing_credits,checking_status_no checking)",ADD,"['existing_credits', 'checking_status_no checking']",0.7333333333333333,0.0,0.014053106307983398,success,
credit_g,"SUB(existing_credits,checking_status_no checking)",SUB,"['existing_credits', 'checking_status_no checking']",0.7333333333333333,0.0,0.013345479965209961,success,
credit_g,"MUL(existing_credits,checking_status_no checking)",MUL,"['existing_credits', 'checking_status_no checking']",0.7333333333333333,0.0,0.013586282730102539,success,
credit_g,"DIV(existing_credits,checking_status_no checking)",DIV,"['existing_credits', 'checking_status_no checking']",0.74,0.00666666666666671,0.19516730308532715,success,
credit_g,"ADD(existing_credits,credit_history_all paid)",ADD,"['existing_credits', 'credit_history_all paid']",0.7333333333333333,0.0,0.013633489608764648,success,
credit_g,"SUB(existing_credits,credit_history_all paid)",SUB,"['existing_credits', 'credit_history_all paid']",0.7333333333333333,0.0,0.01369929313659668,success,
credit_g,"MUL(existing_credits,credit_history_all paid)",MUL,"['existing_credits', 'credit_history_all paid']",0.74,0.00666666666666671,0.012218475341796875,success,
credit_g,"DIV(existing_credits,credit_history_all paid)",DIV,"['existing_credits', 'credit_history_all paid']",0.7333333333333333,0.0,0.19289112091064453,success,
credit_g,"ADD(existing_credits,credit_history_critical/other existing credit)",ADD,"['existing_credits', 'credit_history_critical/other existing credit']",0.7333333333333333,0.0,0.013775825500488281,success,
credit_g,"SUB(existing_credits,credit_history_critical/other existing credit)",SUB,"['existing_credits', 'credit_history_critical/other existing credit']",0.7333333333333333,0.0,0.0140228271484375,success,
credit_g,"MUL(existing_credits,credit_history_critical/other existing credit)",MUL,"['existing_credits', 'credit_history_critical/other existing credit']",0.7533333333333333,0.020000000000000018,0.012932300567626953,success,
credit_g,"DIV(existing_credits,credit_history_critical/other existing credit)",DIV,"['existing_credits', 'credit_history_critical/other existing credit']",0.7466666666666667,0.01333333333333342,0.19407367706298828,success,
credit_g,"ADD(existing_credits,credit_history_delayed previously)",ADD,"['existing_credits', 'credit_history_delayed previously']",0.7333333333333333,0.0,0.013877391815185547,success,
credit_g,"SUB(existing_credits,credit_history_delayed previously)",SUB,"['existing_credits', 'credit_history_delayed previously']",0.7333333333333333,0.0,0.013852357864379883,success,
credit_g,"MUL(existing_credits,credit_history_delayed previously)",MUL,"['existing_credits', 'credit_history_delayed previously']",0.7333333333333333,0.0,0.012742757797241211,success,
credit_g,"DIV(existing_credits,credit_history_delayed previously)",DIV,"['existing_credits', 'credit_history_delayed previously']",0.74,0.00666666666666671,0.19281816482543945,success,
credit_g,"ADD(existing_credits,credit_history_existing paid)",ADD,"['existing_credits', 'credit_history_existing paid']",0.7333333333333333,0.0,0.013489007949829102,success,
credit_g,"SUB(existing_credits,credit_history_existing paid)",SUB,"['existing_credits', 'credit_history_existing paid']",0.7333333333333333,0.0,0.014614582061767578,success,
credit_g,"MUL(existing_credits,credit_history_existing paid)",MUL,"['existing_credits', 'credit_history_existing paid']",0.74,0.00666666666666671,0.012858152389526367,success,
credit_g,"DIV(existing_credits,credit_history_existing paid)",DIV,"['existing_credits', 'credit_history_existing paid']",0.7333333333333333,0.0,0.19417595863342285,success,
credit_g,"ADD(existing_credits,credit_history_no credits/all paid)",ADD,"['existing_credits', 'credit_history_no credits/all paid']",0.7333333333333333,0.0,0.013870477676391602,success,
credit_g,"SUB(existing_credits,credit_history_no credits/all paid)",SUB,"['existing_credits', 'credit_history_no credits/all paid']",0.7333333333333333,0.0,0.012310981750488281,success,
credit_g,"MUL(existing_credits,credit_history_no credits/all paid)",MUL,"['existing_credits', 'credit_history_no credits/all paid']",0.7333333333333333,0.0,0.01335000991821289,success,
credit_g,"DIV(existing_credits,credit_history_no credits/all paid)",DIV,"['existing_credits', 'credit_history_no credits/all paid']",0.74,0.00666666666666671,0.18087196350097656,success,
credit_g,"ADD(existing_credits,purpose_business)",ADD,"['existing_credits', 'purpose_business']",0.7333333333333333,0.0,0.013417243957519531,success,
credit_g,"SUB(existing_credits,purpose_business)",SUB,"['existing_credits', 'purpose_business']",0.7333333333333333,0.0,0.013575315475463867,success,
credit_g,"MUL(existing_credits,purpose_business)",MUL,"['existing_credits', 'purpose_business']",0.74,0.00666666666666671,0.014467239379882812,success,
credit_g,"DIV(existing_credits,purpose_business)",DIV,"['existing_credits', 'purpose_business']",0.7466666666666667,0.01333333333333342,0.1932506561279297,success,
credit_g,"ADD(existing_credits,purpose_domestic appliance)",ADD,"['existing_credits', 'purpose_domestic appliance']",0.7333333333333333,0.0,0.014104127883911133,success,
credit_g,"SUB(existing_credits,purpose_domestic appliance)",SUB,"['existing_credits', 'purpose_domestic appliance']",0.7333333333333333,0.0,0.014530658721923828,success,
credit_g,"MUL(existing_credits,purpose_domestic appliance)",MUL,"['existing_credits', 'purpose_domestic appliance']",0.7333333333333333,0.0,0.013222455978393555,success,
credit_g,"DIV(existing_credits,purpose_domestic appliance)",DIV,"['existing_credits', 'purpose_domestic appliance']",0.7333333333333333,0.0,0.18961477279663086,success,
credit_g,"ADD(existing_credits,purpose_education)",ADD,"['existing_credits', 'purpose_education']",0.74,0.00666666666666671,0.01438450813293457,success,
credit_g,"SUB(existing_credits,purpose_education)",SUB,"['existing_credits', 'purpose_education']",0.7333333333333333,0.0,0.012764453887939453,success,
credit_g,"MUL(existing_credits,purpose_education)",MUL,"['existing_credits', 'purpose_education']",0.7466666666666667,0.01333333333333342,0.012993335723876953,success,
credit_g,"DIV(existing_credits,purpose_education)",DIV,"['existing_credits', 'purpose_education']",0.7466666666666667,0.01333333333333342,0.1900177001953125,success,
credit_g,"ADD(existing_credits,purpose_furniture/equipment)",ADD,"['existing_credits', 'purpose_furniture/equipment']",0.7333333333333333,0.0,0.013923406600952148,success,
credit_g,"SUB(existing_credits,purpose_furniture/equipment)",SUB,"['existing_credits', 'purpose_furniture/equipment']",0.7333333333333333,0.0,0.014364480972290039,success,
credit_g,"MUL(existing_credits,purpose_furniture/equipment)",MUL,"['existing_credits', 'purpose_furniture/equipment']",0.7266666666666667,-0.006666666666666599,0.014039039611816406,success,
credit_g,"DIV(existing_credits,purpose_furniture/equipment)",DIV,"['existing_credits', 'purpose_furniture/equipment']",0.7333333333333333,0.0,0.19118618965148926,success,
credit_g,"ADD(num_dependents,checking_status_0<=X<200)",ADD,"['num_dependents', 'checking_status_0<=X<200']",0.7333333333333333,0.0,0.014864921569824219,success,
credit_g,"SUB(num_dependents,checking_status_0<=X<200)",SUB,"['num_dependents', 'checking_status_0<=X<200']",0.7333333333333333,0.0,0.01437687873840332,success,
credit_g,"MUL(num_dependents,checking_status_0<=X<200)",MUL,"['num_dependents', 'checking_status_0<=X<200']",0.7333333333333333,0.0,0.012299776077270508,success,
credit_g,"DIV(num_dependents,checking_status_0<=X<200)",DIV,"['num_dependents', 'checking_status_0<=X<200']",0.7333333333333333,0.0,0.18852734565734863,success,
credit_g,"ADD(num_dependents,checking_status_<0)",ADD,"['num_dependents', 'checking_status_<0']",0.7333333333333333,0.0,0.013986825942993164,success,
credit_g,"SUB(num_dependents,checking_status_<0)",SUB,"['num_dependents', 'checking_status_<0']",0.7333333333333333,0.0,0.013049602508544922,success,
credit_g,"MUL(num_dependents,checking_status_<0)",MUL,"['num_dependents', 'checking_status_<0']",0.7333333333333333,0.0,0.01286005973815918,success,
credit_g,"DIV(num_dependents,checking_status_<0)",DIV,"['num_dependents', 'checking_status_<0']",0.7266666666666667,-0.006666666666666599,0.19400382041931152,success,
credit_g,"ADD(num_dependents,checking_status_>=200)",ADD,"['num_dependents', 'checking_status_>=200']",0.7333333333333333,0.0,0.012633562088012695,success,
credit_g,"SUB(num_dependents,checking_status_>=200)",SUB,"['num_dependents', 'checking_status_>=200']",0.7333333333333333,0.0,0.013323545455932617,success,
credit_g,"MUL(num_dependents,checking_status_>=200)",MUL,"['num_dependents', 'checking_status_>=200']",0.7466666666666667,0.01333333333333342,0.013516664505004883,success,
credit_g,"DIV(num_dependents,checking_status_>=200)",DIV,"['num_dependents', 'checking_status_>=200']",0.7466666666666667,0.01333333333333342,0.1912529468536377,success,
credit_g,"ADD(num_dependents,checking_status_no checking)",ADD,"['num_dependents', 'checking_status_no checking']",0.7333333333333333,0.0,0.014233112335205078,success,
credit_g,"SUB(num_dependents,checking_status_no checking)",SUB,"['num_dependents', 'checking_status_no checking']",0.7333333333333333,0.0,0.01365041732788086,success,
credit_g,"MUL(num_dependents,checking_status_no checking)",MUL,"['num_dependents', 'checking_status_no checking']",0.7466666666666667,0.01333333333333342,0.013559818267822266,success,
credit_g,"DIV(num_dependents,checking_status_no checking)",DIV,"['num_dependents', 'checking_status_no checking']",0.74,0.00666666666666671,0.18837380409240723,success,
credit_g,"ADD(num_dependents,credit_history_all paid)",ADD,"['num_dependents', 'credit_history_all paid']",0.7333333333333333,0.0,0.014112234115600586,success,
credit_g,"SUB(num_dependents,credit_history_all paid)",SUB,"['num_dependents', 'credit_history_all paid']",0.7333333333333333,0.0,0.013651609420776367,success,
credit_g,"MUL(num_dependents,credit_history_all paid)",MUL,"['num_dependents', 'credit_history_all paid']",0.7466666666666667,0.01333333333333342,0.01185297966003418,success,
credit_g,"DIV(num_dependents,credit_history_all paid)",DIV,"['num_dependents', 'credit_history_all paid']",0.7533333333333333,0.020000000000000018,0.19098234176635742,success,
credit_g,"ADD(num_dependents,credit_history_critical/other existing credit)",ADD,"['num_dependents', 'credit_history_critical/other existing credit']",0.7333333333333333,0.0,0.013861417770385742,success,
credit_g,"SUB(num_dependents,credit_history_critical/other existing credit)",SUB,"['num_dependents', 'credit_history_critical/other existing credit']",0.7333333333333333,0.0,0.015423774719238281,success,
credit_g,"MUL(num_dependents,credit_history_critical/other existing credit)",MUL,"['num_dependents', 'credit_history_critical/other existing credit']",0.7333333333333333,0.0,0.014689207077026367,success,
credit_g,"DIV(num_dependents,credit_history_critical/other existing credit)",DIV,"['num_dependents', 'credit_history_critical/other existing credit']",0.7266666666666667,-0.006666666666666599,0.19410061836242676,success,
credit_g,"ADD(num_dependents,credit_history_delayed previously)",ADD,"['num_dependents', 'credit_history_delayed previously']",0.7333333333333333,0.0,0.013774871826171875,success,
credit_g,"SUB(num_dependents,credit_history_delayed previously)",SUB,"['num_dependents', 'credit_history_delayed previously']",0.7333333333333333,0.0,0.014656543731689453,success,
credit_g,"MUL(num_dependents,credit_history_delayed previously)",MUL,"['num_dependents', 'credit_history_delayed previously']",0.7333333333333333,0.0,0.013417959213256836,success,
credit_g,"DIV(num_dependents,credit_history_delayed previously)",DIV,"['num_dependents', 'credit_history_delayed previously']",0.7333333333333333,0.0,0.19149565696716309,success,
credit_g,"ADD(num_dependents,credit_history_existing paid)",ADD,"['num_dependents', 'credit_history_existing paid']",0.7333333333333333,0.0,0.015065908432006836,success,
credit_g,"SUB(num_dependents,credit_history_existing paid)",SUB,"['num_dependents', 'credit_history_existing paid']",0.7333333333333333,0.0,0.013710498809814453,success,
credit_g,"MUL(num_dependents,credit_history_existing paid)",MUL,"['num_dependents', 'credit_history_existing paid']",0.7466666666666667,0.01333333333333342,0.013577938079833984,success,
credit_g,"DIV(num_dependents,credit_history_existing paid)",DIV,"['num_dependents', 'credit_history_existing paid']",0.7533333333333333,0.020000000000000018,0.19510650634765625,success,
credit_g,"ADD(num_dependents,credit_history_no credits/all paid)",ADD,"['num_dependents', 'credit_history_no credits/all paid']",0.7333333333333333,0.0,0.013406038284301758,success,
credit_g,"SUB(num_dependents,credit_history_no credits/all paid)",SUB,"['num_dependents', 'credit_history_no credits/all paid']",0.7333333333333333,0.0,0.014068126678466797,success,
credit_g,"MUL(num_dependents,credit_history_no credits/all paid)",MUL,"['num_dependents', 'credit_history_no credits/all paid']",0.7333333333333333,0.0,0.013024568557739258,success,
credit_g,"DIV(num_dependents,credit_history_no credits/all paid)",DIV,"['num_dependents', 'credit_history_no credits/all paid']",0.7266666666666667,-0.006666666666666599,0.19026565551757812,success,
credit_g,"ADD(num_dependents,purpose_business)",ADD,"['num_dependents', 'purpose_business']",0.7333333333333333,0.0,0.013378620147705078,success,
credit_g,"SUB(num_dependents,purpose_business)",SUB,"['num_dependents', 'purpose_business']",0.7333333333333333,0.0,0.014501333236694336,success,
credit_g,"MUL(num_dependents,purpose_business)",MUL,"['num_dependents', 'purpose_business']",0.7333333333333333,0.0,0.013254642486572266,success,
credit_g,"DIV(num_dependents,purpose_business)",DIV,"['num_dependents', 'purpose_business']",0.7333333333333333,0.0,0.19295167922973633,success,
credit_g,"ADD(num_dependents,purpose_domestic appliance)",ADD,"['num_dependents', 'purpose_domestic appliance']",0.7333333333333333,0.0,0.013435125350952148,success,
credit_g,"SUB(num_dependents,purpose_domestic appliance)",SUB,"['num_dependents', 'purpose_domestic appliance']",0.7333333333333333,0.0,0.013144493103027344,success,
credit_g,"MUL(num_dependents,purpose_domestic appliance)",MUL,"['num_dependents', 'purpose_domestic appliance']",0.7333333333333333,0.0,0.013459444046020508,success,
credit_g,"DIV(num_dependents,purpose_domestic appliance)",DIV,"['num_dependents', 'purpose_domestic appliance']",0.74,0.00666666666666671,0.18432116508483887,success,
credit_g,"ADD(num_dependents,purpose_education)",ADD,"['num_dependents', 'purpose_education']",0.74,0.00666666666666671,0.014126777648925781,success,
credit_g,"SUB(num_dependents,purpose_education)",SUB,"['num_dependents', 'purpose_education']",0.7333333333333333,0.0,0.013971805572509766,success,
credit_g,"MUL(num_dependents,purpose_education)",MUL,"['num_dependents', 'purpose_education']",0.7333333333333333,0.0,0.013796329498291016,success,
credit_g,"DIV(num_dependents,purpose_education)",DIV,"['num_dependents', 'purpose_education']",0.74,0.00666666666666671,0.19168853759765625,success,
credit_g,"ADD(num_dependents,purpose_furniture/equipment)",ADD,"['num_dependents', 'purpose_furniture/equipment']",0.7333333333333333,0.0,0.013775825500488281,success,
credit_g,"SUB(num_dependents,purpose_furniture/equipment)",SUB,"['num_dependents', 'purpose_furniture/equipment']",0.7333333333333333,0.0,0.014713287353515625,success,
credit_g,"MUL(num_dependents,purpose_furniture/equipment)",MUL,"['num_dependents', 'purpose_furniture/equipment']",0.7333333333333333,0.0,0.012943744659423828,success,
credit_g,"DIV(num_dependents,purpose_furniture/equipment)",DIV,"['num_dependents', 'purpose_furniture/equipment']",0.7466666666666667,0.01333333333333342,0.19271016120910645,success,
credit_g,"ADD(checking_status_0<=X<200,checking_status_<0)",ADD,"['checking_status_0<=X<200', 'checking_status_<0']",0.7333333333333333,0.0,0.013904809951782227,success,
credit_g,"SUB(checking_status_0<=X<200,checking_status_<0)",SUB,"['checking_status_0<=X<200', 'checking_status_<0']",0.7333333333333333,0.0,0.012526512145996094,success,
credit_g,"MUL(checking_status_0<=X<200,checking_status_<0)",MUL,"['checking_status_0<=X<200', 'checking_status_<0']",0.7333333333333333,0.0,0.01286625862121582,success,
credit_g,"DIV(checking_status_0<=X<200,checking_status_<0)",DIV,"['checking_status_0<=X<200', 'checking_status_<0']",0.74,0.00666666666666671,0.18801021575927734,success,
credit_g,"ADD(checking_status_0<=X<200,checking_status_>=200)",ADD,"['checking_status_0<=X<200', 'checking_status_>=200']",0.7333333333333333,0.0,0.013820648193359375,success,
credit_g,"SUB(checking_status_0<=X<200,checking_status_>=200)",SUB,"['checking_status_0<=X<200', 'checking_status_>=200']",0.7333333333333333,0.0,0.012766838073730469,success,
credit_g,"MUL(checking_status_0<=X<200,checking_status_>=200)",MUL,"['checking_status_0<=X<200', 'checking_status_>=200']",0.7333333333333333,0.0,0.013509273529052734,success,
credit_g,"DIV(checking_status_0<=X<200,checking_status_>=200)",DIV,"['checking_status_0<=X<200', 'checking_status_>=200']",0.74,0.00666666666666671,0.19577360153198242,success,
credit_g,"ADD(checking_status_0<=X<200,checking_status_no checking)",ADD,"['checking_status_0<=X<200', 'checking_status_no checking']",0.7333333333333333,0.0,0.011943578720092773,success,
credit_g,"SUB(checking_status_0<=X<200,checking_status_no checking)",SUB,"['checking_status_0<=X<200', 'checking_status_no checking']",0.74,0.00666666666666671,0.012960433959960938,success,
credit_g,"MUL(checking_status_0<=X<200,checking_status_no checking)",MUL,"['checking_status_0<=X<200', 'checking_status_no checking']",0.7333333333333333,0.0,0.012963294982910156,success,
credit_g,"DIV(checking_status_0<=X<200,checking_status_no checking)",DIV,"['checking_status_0<=X<200', 'checking_status_no checking']",0.74,0.00666666666666671,0.19017601013183594,success,
credit_g,"ADD(checking_status_0<=X<200,credit_history_all paid)",ADD,"['checking_status_0<=X<200', 'credit_history_all paid']",0.74,0.00666666666666671,0.01286172866821289,success,
credit_g,"SUB(checking_status_0<=X<200,credit_history_all paid)",SUB,"['checking_status_0<=X<200', 'credit_history_all paid']",0.7333333333333333,0.0,0.013726234436035156,success,
credit_g,"MUL(checking_status_0<=X<200,credit_history_all paid)",MUL,"['checking_status_0<=X<200', 'credit_history_all paid']",0.74,0.00666666666666671,0.012730121612548828,success,
credit_g,"DIV(checking_status_0<=X<200,credit_history_all paid)",DIV,"['checking_status_0<=X<200', 'credit_history_all paid']",0.74,0.00666666666666671,0.19115996360778809,success,
credit_g,"ADD(checking_status_0<=X<200,credit_history_critical/other existing credit)",ADD,"['checking_status_0<=X<200', 'credit_history_critical/other existing credit']",0.7333333333333333,0.0,0.013964653015136719,success,
credit_g,"SUB(checking_status_0<=X<200,credit_history_critical/other existing credit)",SUB,"['checking_status_0<=X<200', 'credit_history_critical/other existing credit']",0.74,0.00666666666666671,0.01391744613647461,success,
credit_g,"MUL(checking_status_0<=X<200,credit_history_critical/other existing credit)",MUL,"['checking_status_0<=X<200', 'credit_history_critical/other existing credit']",0.74,0.00666666666666671,0.01392674446105957,success,
credit_g,"DIV(checking_status_0<=X<200,credit_history_critical/other existing credit)",DIV,"['checking_status_0<=X<200', 'credit_history_critical/other existing credit']",0.74,0.00666666666666671,0.18964624404907227,success,
credit_g,"ADD(checking_status_0<=X<200,credit_history_delayed previously)",ADD,"['checking_status_0<=X<200', 'credit_history_delayed previously']",0.7333333333333333,0.0,0.013083457946777344,success,
credit_g,"SUB(checking_status_0<=X<200,credit_history_delayed previously)",SUB,"['checking_status_0<=X<200', 'credit_history_delayed previously']",0.74,0.00666666666666671,0.01323246955871582,success,
credit_g,"MUL(checking_status_0<=X<200,credit_history_delayed previously)",MUL,"['checking_status_0<=X<200', 'credit_history_delayed previously']",0.7466666666666667,0.01333333333333342,0.01315927505493164,success,
credit_g,"DIV(checking_status_0<=X<200,credit_history_delayed previously)",DIV,"['checking_status_0<=X<200', 'credit_history_delayed previously']",0.74,0.00666666666666671,0.18940520286560059,success,
credit_g,"ADD(checking_status_0<=X<200,credit_history_existing paid)",ADD,"['checking_status_0<=X<200', 'credit_history_existing paid']",0.7333333333333333,0.0,0.01411128044128418,success,
credit_g,"SUB(checking_status_0<=X<200,credit_history_existing paid)",SUB,"['checking_status_0<=X<200', 'credit_history_existing paid']",0.7333333333333333,0.0,0.01374673843383789,success,
credit_g,"MUL(checking_status_0<=X<200,credit_history_existing paid)",MUL,"['checking_status_0<=X<200', 'credit_history_existing paid']",0.74,0.00666666666666671,0.013967752456665039,success,
credit_g,"DIV(checking_status_0<=X<200,credit_history_existing paid)",DIV,"['checking_status_0<=X<200', 'credit_history_existing paid']",0.74,0.00666666666666671,0.1952364444732666,success,
credit_g,"ADD(checking_status_0<=X<200,credit_history_no credits/all paid)",ADD,"['checking_status_0<=X<200', 'credit_history_no credits/all paid']",0.7333333333333333,0.0,0.012879371643066406,success,
credit_g,"SUB(checking_status_0<=X<200,credit_history_no credits/all paid)",SUB,"['checking_status_0<=X<200', 'credit_history_no credits/all paid']",0.7333333333333333,0.0,0.013814926147460938,success,
credit_g,"MUL(checking_status_0<=X<200,credit_history_no credits/all paid)",MUL,"['checking_status_0<=X<200', 'credit_history_no credits/all paid']",0.7333333333333333,0.0,0.013534784317016602,success,
credit_g,"DIV(checking_status_0<=X<200,credit_history_no credits/all paid)",DIV,"['checking_status_0<=X<200', 'credit_history_no credits/all paid']",0.7466666666666667,0.01333333333333342,0.1941370964050293,success,
credit_g,"ADD(checking_status_0<=X<200,purpose_business)",ADD,"['checking_status_0<=X<200', 'purpose_business']",0.7333333333333333,0.0,0.012807369232177734,success,
credit_g,"SUB(checking_status_0<=X<200,purpose_business)",SUB,"['checking_status_0<=X<200', 'purpose_business']",0.7333333333333333,0.0,0.013189554214477539,success,
credit_g,"MUL(checking_status_0<=X<200,purpose_business)",MUL,"['checking_status_0<=X<200', 'purpose_business']",0.7333333333333333,0.0,0.014270782470703125,success,
credit_g,"DIV(checking_status_0<=X<200,purpose_business)",DIV,"['checking_status_0<=X<200', 'purpose_business']",0.7266666666666667,-0.006666666666666599,0.18448638916015625,success,
credit_g,"ADD(checking_status_0<=X<200,purpose_domestic appliance)",ADD,"['checking_status_0<=X<200', 'purpose_domestic appliance']",0.7333333333333333,0.0,0.013771772384643555,success,
credit_g,"SUB(checking_status_0<=X<200,purpose_domestic appliance)",SUB,"['checking_status_0<=X<200', 'purpose_domestic appliance']",0.7333333333333333,0.0,0.014090776443481445,success,
credit_g,"MUL(checking_status_0<=X<200,purpose_domestic appliance)",MUL,"['checking_status_0<=X<200', 'purpose_domestic appliance']",0.7333333333333333,0.0,0.013023138046264648,success,
credit_g,"DIV(checking_status_0<=X<200,purpose_domestic appliance)",DIV,"['checking_status_0<=X<200', 'purpose_domestic appliance']",0.74,0.00666666666666671,0.18960142135620117,success,
credit_g,"ADD(checking_status_0<=X<200,purpose_education)",ADD,"['checking_status_0<=X<200', 'purpose_education']",0.7466666666666667,0.01333333333333342,0.01356053352355957,success,
credit_g,"SUB(checking_status_0<=X<200,purpose_education)",SUB,"['checking_status_0<=X<200', 'purpose_education']",0.7333333333333333,0.0,0.01260519027709961,success,
credit_g,"MUL(checking_status_0<=X<200,purpose_education)",MUL,"['checking_status_0<=X<200', 'purpose_education']",0.7466666666666667,0.01333333333333342,0.013263463973999023,success,
credit_g,"DIV(checking_status_0<=X<200,purpose_education)",DIV,"['checking_status_0<=X<200', 'purpose_education']",0.7466666666666667,0.01333333333333342,0.1924891471862793,success,
credit_g,"ADD(checking_status_0<=X<200,purpose_furniture/equipment)",ADD,"['checking_status_0<=X<200', 'purpose_furniture/equipment']",0.7333333333333333,0.0,0.011921882629394531,success,
credit_g,"SUB(checking_status_0<=X<200,purpose_furniture/equipment)",SUB,"['checking_status_0<=X<200', 'purpose_furniture/equipment']",0.7333333333333333,0.0,0.013217449188232422,success,
credit_g,"MUL(checking_status_0<=X<200,purpose_furniture/equipment)",MUL,"['checking_status_0<=X<200', 'purpose_furniture/equipment']",0.7333333333333333,0.0,0.013745307922363281,success,
credit_g,"DIV(checking_status_0<=X<200,purpose_furniture/equipment)",DIV,"['checking_status_0<=X<200', 'purpose_furniture/equipment']",0.7333333333333333,0.0,0.18624114990234375,success,
credit_g,"ADD(checking_status_<0,checking_status_>=200)",ADD,"['checking_status_<0', 'checking_status_>=200']",0.7333333333333333,0.0,0.013136863708496094,success,
credit_g,"SUB(checking_status_<0,checking_status_>=200)",SUB,"['checking_status_<0', 'checking_status_>=200']",0.7333333333333333,0.0,0.013429880142211914,success,
credit_g,"MUL(checking_status_<0,checking_status_>=200)",MUL,"['checking_status_<0', 'checking_status_>=200']",0.7333333333333333,0.0,0.012972354888916016,success,
credit_g,"DIV(checking_status_<0,checking_status_>=200)",DIV,"['checking_status_<0', 'checking_status_>=200']",0.7466666666666667,0.01333333333333342,0.19143939018249512,success,
credit_g,"ADD(checking_status_<0,checking_status_no checking)",ADD,"['checking_status_<0', 'checking_status_no checking']",0.7333333333333333,0.0,0.012387990951538086,success,
credit_g,"SUB(checking_status_<0,checking_status_no checking)",SUB,"['checking_status_<0', 'checking_status_no checking']",0.7333333333333333,0.0,0.014983892440795898,success,
credit_g,"MUL(checking_status_<0,checking_status_no checking)",MUL,"['checking_status_<0', 'checking_status_no checking']",0.7333333333333333,0.0,0.012833595275878906,success,
credit_g,"DIV(checking_status_<0,checking_status_no checking)",DIV,"['checking_status_<0', 'checking_status_no checking']",0.7466666666666667,0.01333333333333342,0.20178961753845215,success,
credit_g,"ADD(checking_status_<0,credit_history_all paid)",ADD,"['checking_status_<0', 'credit_history_all paid']",0.7333333333333333,0.0,0.013863086700439453,success,
credit_g,"SUB(checking_status_<0,credit_history_all paid)",SUB,"['checking_status_<0', 'credit_history_all paid']",0.7333333333333333,0.0,0.022661209106445312,success,
credit_g,"MUL(checking_status_<0,credit_history_all paid)",MUL,"['checking_status_<0', 'credit_history_all paid']",0.74,0.00666666666666671,0.01957082748413086,success,
credit_g,"DIV(checking_status_<0,credit_history_all paid)",DIV,"['checking_status_<0', 'credit_history_all paid']",0.74,0.00666666666666671,0.19806122779846191,success,
credit_g,"ADD(checking_status_<0,credit_history_critical/other existing credit)",ADD,"['checking_status_<0', 'credit_history_critical/other existing credit']",0.7333333333333333,0.0,0.013297796249389648,success,
credit_g,"SUB(checking_status_<0,credit_history_critical/other existing credit)",SUB,"['checking_status_<0', 'credit_history_critical/other existing credit']",0.7333333333333333,0.0,0.01312565803527832,success,
credit_g,"MUL(checking_status_<0,credit_history_critical/other existing credit)",MUL,"['checking_status_<0', 'credit_history_critical/other existing credit']",0.74,0.00666666666666671,0.013157129287719727,success,
credit_g,"DIV(checking_status_<0,credit_history_critical/other existing credit)",DIV,"['checking_status_<0', 'credit_history_critical/other existing credit']",0.74,0.00666666666666671,0.18736743927001953,success,
credit_g,"ADD(checking_status_<0,credit_history_delayed previously)",ADD,"['checking_status_<0', 'credit_history_delayed previously']",0.7333333333333333,0.0,0.01272439956665039,success,
credit_g,"SUB(checking_status_<0,credit_history_delayed previously)",SUB,"['checking_status_<0', 'credit_history_delayed previously']",0.7333333333333333,0.0,0.015299320220947266,success,
credit_g,"MUL(checking_status_<0,credit_history_delayed previously)",MUL,"['checking_status_<0', 'credit_history_delayed previously']",0.7333333333333333,0.0,0.012682676315307617,success,
credit_g,"DIV(checking_status_<0,credit_history_delayed previously)",DIV,"['checking_status_<0', 'credit_history_delayed previously']",0.7466666666666667,0.01333333333333342,0.1876981258392334,success,
credit_g,"ADD(checking_status_<0,credit_history_existing paid)",ADD,"['checking_status_<0', 'credit_history_existing paid']",0.7333333333333333,0.0,0.014152050018310547,success,
credit_g,"SUB(checking_status_<0,credit_history_existing paid)",SUB,"['checking_status_<0', 'credit_history_existing paid']",0.7333333333333333,0.0,0.014212369918823242,success,
credit_g,"MUL(checking_status_<0,credit_history_existing paid)",MUL,"['checking_status_<0', 'credit_history_existing paid']",0.74,0.00666666666666671,0.013813257217407227,success,
credit_g,"DIV(checking_status_<0,credit_history_existing paid)",DIV,"['checking_status_<0', 'credit_history_existing paid']",0.74,0.00666666666666671,0.19505000114440918,success,
credit_g,"ADD(checking_status_<0,credit_history_no credits/all paid)",ADD,"['checking_status_<0', 'credit_history_no credits/all paid']",0.7333333333333333,0.0,0.013479232788085938,success,
credit_g,"SUB(checking_status_<0,credit_history_no credits/all paid)",SUB,"['checking_status_<0', 'credit_history_no credits/all paid']",0.7333333333333333,0.0,0.013057470321655273,success,
credit_g,"MUL(checking_status_<0,credit_history_no credits/all paid)",MUL,"['checking_status_<0', 'credit_history_no credits/all paid']",0.7333333333333333,0.0,0.013660192489624023,success,
credit_g,"DIV(checking_status_<0,credit_history_no credits/all paid)",DIV,"['checking_status_<0', 'credit_history_no credits/all paid']",0.74,0.00666666666666671,0.1910400390625,success,
credit_g,"ADD(checking_status_<0,purpose_business)",ADD,"['checking_status_<0', 'purpose_business']",0.7333333333333333,0.0,0.012975454330444336,success,
credit_g,"SUB(checking_status_<0,purpose_business)",SUB,"['checking_status_<0', 'purpose_business']",0.7333333333333333,0.0,0.013531684875488281,success,
credit_g,"MUL(checking_status_<0,purpose_business)",MUL,"['checking_status_<0', 'purpose_business']",0.7333333333333333,0.0,0.01317453384399414,success,
credit_g,"DIV(checking_status_<0,purpose_business)",DIV,"['checking_status_<0', 'purpose_business']",0.74,0.00666666666666671,0.1912705898284912,success,
credit_g,"ADD(checking_status_<0,purpose_domestic appliance)",ADD,"['checking_status_<0', 'purpose_domestic appliance']",0.7333333333333333,0.0,0.012970924377441406,success,
credit_g,"SUB(checking_status_<0,purpose_domestic appliance)",SUB,"['checking_status_<0', 'purpose_domestic appliance']",0.7333333333333333,0.0,0.01342010498046875,success,
credit_g,"MUL(checking_status_<0,purpose_domestic appliance)",MUL,"['checking_status_<0', 'purpose_domestic appliance']",0.74,0.00666666666666671,0.013509035110473633,success,
credit_g,"DIV(checking_status_<0,purpose_domestic appliance)",DIV,"['checking_status_<0', 'purpose_domestic appliance']",0.74,0.00666666666666671,0.18886518478393555,success,
credit_g,"ADD(checking_status_<0,purpose_education)",ADD,"['checking_status_<0', 'purpose_education']",0.74,0.00666666666666671,0.013128042221069336,success,
credit_g,"SUB(checking_status_<0,purpose_education)",SUB,"['checking_status_<0', 'purpose_education']",0.7333333333333333,0.0,0.012922286987304688,success,
credit_g,"MUL(checking_status_<0,purpose_education)",MUL,"['checking_status_<0', 'purpose_education']",0.74,0.00666666666666671,0.013286828994750977,success,
credit_g,"DIV(checking_status_<0,purpose_education)",DIV,"['checking_status_<0', 'purpose_education']",0.74,0.00666666666666671,0.1936180591583252,success,
credit_g,"ADD(checking_status_<0,purpose_furniture/equipment)",ADD,"['checking_status_<0', 'purpose_furniture/equipment']",0.7333333333333333,0.0,0.01321101188659668,success,
credit_g,"SUB(checking_status_<0,purpose_furniture/equipment)",SUB,"['checking_status_<0', 'purpose_furniture/equipment']",0.7333333333333333,0.0,0.012120962142944336,success,
credit_g,"MUL(checking_status_<0,purpose_furniture/equipment)",MUL,"['checking_status_<0', 'purpose_furniture/equipment']",0.74,0.00666666666666671,0.011916637420654297,success,
credit_g,"DIV(checking_status_<0,purpose_furniture/equipment)",DIV,"['checking_status_<0', 'purpose_furniture/equipment']",0.7266666666666667,-0.006666666666666599,0.18883395195007324,success,
credit_g,"ADD(checking_status_>=200,checking_status_no checking)",ADD,"['checking_status_>=200', 'checking_status_no checking']",0.7333333333333333,0.0,0.013115406036376953,success,
credit_g,"SUB(checking_status_>=200,checking_status_no checking)",SUB,"['checking_status_>=200', 'checking_status_no checking']",0.7333333333333333,0.0,0.013787269592285156,success,
credit_g,"MUL(checking_status_>=200,checking_status_no checking)",MUL,"['checking_status_>=200', 'checking_status_no checking']",0.7333333333333333,0.0,0.012462615966796875,success,
credit_g,"DIV(checking_status_>=200,checking_status_no checking)",DIV,"['checking_status_>=200', 'checking_status_no checking']",0.7466666666666667,0.01333333333333342,0.19171762466430664,success,
credit_g,"ADD(checking_status_>=200,credit_history_all paid)",ADD,"['checking_status_>=200', 'credit_history_all paid']",0.7333333333333333,0.0,0.013206005096435547,success,
credit_g,"SUB(checking_status_>=200,credit_history_all paid)",SUB,"['checking_status_>=200', 'credit_history_all paid']",0.7333333333333333,0.0,0.012370586395263672,success,
credit_g,"MUL(checking_status_>=200,credit_history_all paid)",MUL,"['checking_status_>=200', 'credit_history_all paid']",0.7333333333333333,0.0,0.013397455215454102,success,
credit_g,"DIV(checking_status_>=200,credit_history_all paid)",DIV,"['checking_status_>=200', 'credit_history_all paid']",0.74,0.00666666666666671,0.19210600852966309,success,
credit_g,"ADD(checking_status_>=200,credit_history_critical/other existing credit)",ADD,"['checking_status_>=200', 'credit_history_critical/other existing credit']",0.7333333333333333,0.0,0.013349771499633789,success,
credit_g,"SUB(checking_status_>=200,credit_history_critical/other existing credit)",SUB,"['checking_status_>=200', 'credit_history_critical/other existing credit']",0.7333333333333333,0.0,0.013339757919311523,success,
credit_g,"MUL(checking_status_>=200,credit_history_critical/other existing credit)",MUL,"['checking_status_>=200', 'credit_history_critical/other existing credit']",0.74,0.00666666666666671,0.013128280639648438,success,
credit_g,"DIV(checking_status_>=200,credit_history_critical/other existing credit)",DIV,"['checking_status_>=200', 'credit_history_critical/other existing credit']",0.7466666666666667,0.01333333333333342,0.18788862228393555,success,
credit_g,"ADD(checking_status_>=200,credit_history_delayed previously)",ADD,"['checking_status_>=200', 'credit_history_delayed previously']",0.7333333333333333,0.0,0.013401985168457031,success,
credit_g,"SUB(checking_status_>=200,credit_history_delayed previously)",SUB,"['checking_status_>=200', 'credit_history_delayed previously']",0.7333333333333333,0.0,0.013664007186889648,success,
credit_g,"MUL(checking_status_>=200,credit_history_delayed previously)",MUL,"['checking_status_>=200', 'credit_history_delayed previously']",0.7333333333333333,0.0,0.014056921005249023,success,
credit_g,"DIV(checking_status_>=200,credit_history_delayed previously)",DIV,"['checking_status_>=200', 'credit_history_delayed previously']",0.74,0.00666666666666671,0.1931769847869873,success,
credit_g,"ADD(checking_status_>=200,credit_history_existing paid)",ADD,"['checking_status_>=200', 'credit_history_existing paid']",0.7333333333333333,0.0,0.013480663299560547,success,
credit_g,"SUB(checking_status_>=200,credit_history_existing paid)",SUB,"['checking_status_>=200', 'credit_history_existing paid']",0.7333333333333333,0.0,0.013498067855834961,success,
credit_g,"MUL(checking_status_>=200,credit_history_existing paid)",MUL,"['checking_status_>=200', 'credit_history_existing paid']",0.7533333333333333,0.020000000000000018,0.013515710830688477,success,
credit_g,"DIV(checking_status_>=200,credit_history_existing paid)",DIV,"['checking_status_>=200', 'credit_history_existing paid']",0.7533333333333333,0.020000000000000018,0.18524575233459473,success,
credit_g,"ADD(checking_status_>=200,credit_history_no credits/all paid)",ADD,"['checking_status_>=200', 'credit_history_no credits/all paid']",0.7333333333333333,0.0,0.012964487075805664,success,
credit_g,"SUB(checking_status_>=200,credit_history_no credits/all paid)",SUB,"['checking_status_>=200', 'credit_history_no credits/all paid']",0.7333333333333333,0.0,0.013883352279663086,success,
credit_g,"MUL(checking_status_>=200,credit_history_no credits/all paid)",MUL,"['checking_status_>=200', 'credit_history_no credits/all paid']",0.7333333333333333,0.0,0.01292872428894043,success,
credit_g,"DIV(checking_status_>=200,credit_history_no credits/all paid)",DIV,"['checking_status_>=200', 'credit_history_no credits/all paid']",0.7466666666666667,0.01333333333333342,0.19114327430725098,success,
credit_g,"ADD(checking_status_>=200,purpose_business)",ADD,"['checking_status_>=200', 'purpose_business']",0.7333333333333333,0.0,0.012067317962646484,success,
credit_g,"SUB(checking_status_>=200,purpose_business)",SUB,"['checking_status_>=200', 'purpose_business']",0.7333333333333333,0.0,0.01263880729675293,success,
credit_g,"MUL(checking_status_>=200,purpose_business)",MUL,"['checking_status_>=200', 'purpose_business']",0.74,0.00666666666666671,0.013576507568359375,success,
credit_g,"DIV(checking_status_>=200,purpose_business)",DIV,"['checking_status_>=200', 'purpose_business']",0.74,0.00666666666666671,0.18891620635986328,success,
credit_g,"ADD(checking_status_>=200,purpose_domestic appliance)",ADD,"['checking_status_>=200', 'purpose_domestic appliance']",0.7333333333333333,0.0,0.013303041458129883,success,
credit_g,"SUB(checking_status_>=200,purpose_domestic appliance)",SUB,"['checking_status_>=200', 'purpose_domestic appliance']",0.7333333333333333,0.0,0.013763189315795898,success,
credit_g,"MUL(checking_status_>=200,purpose_domestic appliance)",MUL,"['checking_status_>=200', 'purpose_domestic appliance']",0.7333333333333333,0.0,0.013337135314941406,success,
credit_g,"DIV(checking_status_>=200,purpose_domestic appliance)",DIV,"['checking_status_>=200', 'purpose_domestic appliance']",0.74,0.00666666666666671,0.19391822814941406,success,
credit_g,"ADD(checking_status_>=200,purpose_education)",ADD,"['checking_status_>=200', 'purpose_education']",0.74,0.00666666666666671,0.013864994049072266,success,
credit_g,"SUB(checking_status_>=200,purpose_education)",SUB,"['checking_status_>=200', 'purpose_education']",0.74,0.00666666666666671,0.013643264770507812,success,
credit_g,"MUL(checking_status_>=200,purpose_education)",MUL,"['checking_status_>=200', 'purpose_education']",0.7333333333333333,0.0,0.013875722885131836,success,
credit_g,"DIV(checking_status_>=200,purpose_education)",DIV,"['checking_status_>=200', 'purpose_education']",0.74,0.00666666666666671,0.1876530647277832,success,
credit_g,"ADD(checking_status_>=200,purpose_furniture/equipment)",ADD,"['checking_status_>=200', 'purpose_furniture/equipment']",0.7333333333333333,0.0,0.013622760772705078,success,
credit_g,"SUB(checking_status_>=200,purpose_furniture/equipment)",SUB,"['checking_status_>=200', 'purpose_furniture/equipment']",0.7333333333333333,0.0,0.012477874755859375,success,
credit_g,"MUL(checking_status_>=200,purpose_furniture/equipment)",MUL,"['checking_status_>=200', 'purpose_furniture/equipment']",0.7333333333333333,0.0,0.011223554611206055,success,
credit_g,"DIV(checking_status_>=200,purpose_furniture/equipment)",DIV,"['checking_status_>=200', 'purpose_furniture/equipment']",0.74,0.00666666666666671,0.18111419677734375,success,
credit_g,"ADD(checking_status_no checking,credit_history_all paid)",ADD,"['checking_status_no checking', 'credit_history_all paid']",0.7333333333333333,0.0,0.012668848037719727,success,
credit_g,"SUB(checking_status_no checking,credit_history_all paid)",SUB,"['checking_status_no checking', 'credit_history_all paid']",0.74,0.00666666666666671,0.012800216674804688,success,
credit_g,"MUL(checking_status_no checking,credit_history_all paid)",MUL,"['checking_status_no checking', 'credit_history_all paid']",0.7333333333333333,0.0,0.012955904006958008,success,
credit_g,"DIV(checking_status_no checking,credit_history_all paid)",DIV,"['checking_status_no checking', 'credit_history_all paid']",0.7466666666666667,0.01333333333333342,0.18449044227600098,success,
credit_g,"ADD(checking_status_no checking,credit_history_critical/other existing credit)",ADD,"['checking_status_no checking', 'credit_history_critical/other existing credit']",0.7333333333333333,0.0,0.012353897094726562,success,
credit_g,"SUB(checking_status_no checking,credit_history_critical/other existing credit)",SUB,"['checking_status_no checking', 'credit_history_critical/other existing credit']",0.7333333333333333,0.0,0.012749910354614258,success,
credit_g,"MUL(checking_status_no checking,credit_history_critical/other existing credit)",MUL,"['checking_status_no checking', 'credit_history_critical/other existing credit']",0.7466666666666667,0.01333333333333342,0.013157129287719727,success,
credit_g,"DIV(checking_status_no checking,credit_history_critical/other existing credit)",DIV,"['checking_status_no checking', 'credit_history_critical/other existing credit']",0.7466666666666667,0.01333333333333342,0.18913817405700684,success,
credit_g,"ADD(checking_status_no checking,credit_history_delayed previously)",ADD,"['checking_status_no checking', 'credit_history_delayed previously']",0.7333333333333333,0.0,0.013670206069946289,success,
credit_g,"SUB(checking_status_no checking,credit_history_delayed previously)",SUB,"['checking_status_no checking', 'credit_history_delayed previously']",0.7333333333333333,0.0,0.013486385345458984,success,
credit_g,"MUL(checking_status_no checking,credit_history_delayed previously)",MUL,"['checking_status_no checking', 'credit_history_delayed previously']",0.74,0.00666666666666671,0.013526201248168945,success,
credit_g,"DIV(checking_status_no checking,credit_history_delayed previously)",DIV,"['checking_status_no checking', 'credit_history_delayed previously']",0.7466666666666667,0.01333333333333342,0.18798613548278809,success,
credit_g,"ADD(checking_status_no checking,credit_history_existing paid)",ADD,"['checking_status_no checking', 'credit_history_existing paid']",0.7333333333333333,0.0,0.012938737869262695,success,
credit_g,"SUB(checking_status_no checking,credit_history_existing paid)",SUB,"['checking_status_no checking', 'credit_history_existing paid']",0.74,0.00666666666666671,0.013386964797973633,success,
credit_g,"MUL(checking_status_no checking,credit_history_existing paid)",MUL,"['checking_status_no checking', 'credit_history_existing paid']",0.7333333333333333,0.0,0.013520479202270508,success,
credit_g,"DIV(checking_status_no checking,credit_history_existing paid)",DIV,"['checking_status_no checking', 'credit_history_existing paid']",0.74,0.00666666666666671,0.18753767013549805,success,
credit_g,"ADD(checking_status_no checking,credit_history_no credits/all paid)",ADD,"['checking_status_no checking', 'credit_history_no credits/all paid']",0.7333333333333333,0.0,0.013060808181762695,success,
credit_g,"SUB(checking_status_no checking,credit_history_no credits/all paid)",SUB,"['checking_status_no checking', 'credit_history_no credits/all paid']",0.7333333333333333,0.0,0.013272285461425781,success,
credit_g,"MUL(checking_status_no checking,credit_history_no credits/all paid)",MUL,"['checking_status_no checking', 'credit_history_no credits/all paid']",0.7333333333333333,0.0,0.013767719268798828,success,
credit_g,"DIV(checking_status_no checking,credit_history_no credits/all paid)",DIV,"['checking_status_no checking', 'credit_history_no credits/all paid']",0.7533333333333333,0.020000000000000018,0.1881563663482666,success,
credit_g,"ADD(checking_status_no checking,purpose_business)",ADD,"['checking_status_no checking', 'purpose_business']",0.74,0.00666666666666671,0.012233257293701172,success,
credit_g,"SUB(checking_status_no checking,purpose_business)",SUB,"['checking_status_no checking', 'purpose_business']",0.7333333333333333,0.0,0.013211250305175781,success,
credit_g,"MUL(checking_status_no checking,purpose_business)",MUL,"['checking_status_no checking', 'purpose_business']",0.74,0.00666666666666671,0.013565778732299805,success,
credit_g,"DIV(checking_status_no checking,purpose_business)",DIV,"['checking_status_no checking', 'purpose_business']",0.74,0.00666666666666671,0.18894290924072266,success,
credit_g,"ADD(checking_status_no checking,purpose_domestic appliance)",ADD,"['checking_status_no checking', 'purpose_domestic appliance']",0.74,0.00666666666666671,0.013255834579467773,success,
credit_g,"SUB(checking_status_no checking,purpose_domestic appliance)",SUB,"['checking_status_no checking', 'purpose_domestic appliance']",0.7333333333333333,0.0,0.01313328742980957,success,
credit_g,"MUL(checking_status_no checking,purpose_domestic appliance)",MUL,"['checking_status_no checking', 'purpose_domestic appliance']",0.7333333333333333,0.0,0.013009786605834961,success,
credit_g,"DIV(checking_status_no checking,purpose_domestic appliance)",DIV,"['checking_status_no checking', 'purpose_domestic appliance']",0.7333333333333333,0.0,0.19063329696655273,success,
credit_g,"ADD(checking_status_no checking,purpose_education)",ADD,"['checking_status_no checking', 'purpose_education']",0.7333333333333333,0.0,0.013181447982788086,success,
credit_g,"SUB(checking_status_no checking,purpose_education)",SUB,"['checking_status_no checking', 'purpose_education']",0.74,0.00666666666666671,0.014466285705566406,success,
credit_g,"MUL(checking_status_no checking,purpose_education)",MUL,"['checking_status_no checking', 'purpose_education']",0.74,0.00666666666666671,0.01239323616027832,success,
credit_g,"DIV(checking_status_no checking,purpose_education)",DIV,"['checking_status_no checking', 'purpose_education']",0.7333333333333333,0.0,0.18704485893249512,success,
credit_g,"ADD(checking_status_no checking,purpose_furniture/equipment)",ADD,"['checking_status_no checking', 'purpose_furniture/equipment']",0.7333333333333333,0.0,0.010913610458374023,success,
credit_g,"SUB(checking_status_no checking,purpose_furniture/equipment)",SUB,"['checking_status_no checking', 'purpose_furniture/equipment']",0.7333333333333333,0.0,0.011539459228515625,success,
credit_g,"MUL(checking_status_no checking,purpose_furniture/equipment)",MUL,"['checking_status_no checking', 'purpose_furniture/equipment']",0.7466666666666667,0.01333333333333342,0.011943578720092773,success,
credit_g,"DIV(checking_status_no checking,purpose_furniture/equipment)",DIV,"['checking_status_no checking', 'purpose_furniture/equipment']",0.7333333333333333,0.0,0.18714141845703125,success,
credit_g,"ADD(credit_history_all paid,credit_history_critical/other existing credit)",ADD,"['credit_history_all paid', 'credit_history_critical/other existing credit']",0.7333333333333333,0.0,0.013305425643920898,success,
credit_g,"SUB(credit_history_all paid,credit_history_critical/other existing credit)",SUB,"['credit_history_all paid', 'credit_history_critical/other existing credit']",0.74,0.00666666666666671,0.014174222946166992,success,
credit_g,"MUL(credit_history_all paid,credit_history_critical/other existing credit)",MUL,"['credit_history_all paid', 'credit_history_critical/other existing credit']",0.7333333333333333,0.0,0.013007879257202148,success,
credit_g,"DIV(credit_history_all paid,credit_history_critical/other existing credit)",DIV,"['credit_history_all paid', 'credit_history_critical/other existing credit']",0.74,0.00666666666666671,0.19156980514526367,success,
credit_g,"ADD(credit_history_all paid,credit_history_delayed previously)",ADD,"['credit_history_all paid', 'credit_history_delayed previously']",0.7333333333333333,0.0,0.012617111206054688,success,
credit_g,"SUB(credit_history_all paid,credit_history_delayed previously)",SUB,"['credit_history_all paid', 'credit_history_delayed previously']",0.7333333333333333,0.0,0.012946844100952148,success,
credit_g,"MUL(credit_history_all paid,credit_history_delayed previously)",MUL,"['credit_history_all paid', 'credit_history_delayed previously']",0.7333333333333333,0.0,0.013619422912597656,success,
credit_g,"DIV(credit_history_all paid,credit_history_delayed previously)",DIV,"['credit_history_all paid', 'credit_history_delayed previously']",0.74,0.00666666666666671,0.19640469551086426,success,
credit_g,"ADD(credit_history_all paid,credit_history_existing paid)",ADD,"['credit_history_all paid', 'credit_history_existing paid']",0.7333333333333333,0.0,0.014440536499023438,success,
credit_g,"SUB(credit_history_all paid,credit_history_existing paid)",SUB,"['credit_history_all paid', 'credit_history_existing paid']",0.7333333333333333,0.0,0.014403343200683594,success,
credit_g,"MUL(credit_history_all paid,credit_history_existing paid)",MUL,"['credit_history_all paid', 'credit_history_existing paid']",0.7333333333333333,0.0,0.013878345489501953,success,
credit_g,"DIV(credit_history_all paid,credit_history_existing paid)",DIV,"['credit_history_all paid', 'credit_history_existing paid']",0.74,0.00666666666666671,0.1910703182220459,success,
credit_g,"ADD(credit_history_all paid,credit_history_no credits/all paid)",ADD,"['credit_history_all paid', 'credit_history_no credits/all paid']",0.7333333333333333,0.0,0.013306617736816406,success,
credit_g,"SUB(credit_history_all paid,credit_history_no credits/all paid)",SUB,"['credit_history_all paid', 'credit_history_no credits/all paid']",0.7333333333333333,0.0,0.013178348541259766,success,
credit_g,"MUL(credit_history_all paid,credit_history_no credits/all paid)",MUL,"['credit_history_all paid', 'credit_history_no credits/all paid']",0.7333333333333333,0.0,0.012989044189453125,success,
credit_g,"DIV(credit_history_all paid,credit_history_no credits/all paid)",DIV,"['credit_history_all paid', 'credit_history_no credits/all paid']",0.74,0.00666666666666671,0.18336820602416992,success,
credit_g,"ADD(credit_history_all paid,purpose_business)",ADD,"['credit_history_all paid', 'purpose_business']",0.7333333333333333,0.0,0.013033151626586914,success,
credit_g,"SUB(credit_history_all paid,purpose_business)",SUB,"['credit_history_all paid', 'purpose_business']",0.7333333333333333,0.0,0.013800859451293945,success,
credit_g,"MUL(credit_history_all paid,purpose_business)",MUL,"['credit_history_all paid', 'purpose_business']",0.74,0.00666666666666671,0.012849569320678711,success,
credit_g,"DIV(credit_history_all paid,purpose_business)",DIV,"['credit_history_all paid', 'purpose_business']",0.7466666666666667,0.01333333333333342,0.18945693969726562,success,
credit_g,"ADD(credit_history_all paid,purpose_domestic appliance)",ADD,"['credit_history_all paid', 'purpose_domestic appliance']",0.7333333333333333,0.0,0.012029647827148438,success,
credit_g,"SUB(credit_history_all paid,purpose_domestic appliance)",SUB,"['credit_history_all paid', 'purpose_domestic appliance']",0.7333333333333333,0.0,0.012089967727661133,success,
credit_g,"MUL(credit_history_all paid,purpose_domestic appliance)",MUL,"['credit_history_all paid', 'purpose_domestic appliance']",0.74,0.00666666666666671,0.014192342758178711,success,
credit_g,"DIV(credit_history_all paid,purpose_domestic appliance)",DIV,"['credit_history_all paid', 'purpose_domestic appliance']",0.76,0.026666666666666727,0.189345121383667,success,
credit_g,"ADD(credit_history_all paid,purpose_education)",ADD,"['credit_history_all paid', 'purpose_education']",0.74,0.00666666666666671,0.012665510177612305,success,
credit_g,"SUB(credit_history_all paid,purpose_education)",SUB,"['credit_history_all paid', 'purpose_education']",0.7333333333333333,0.0,0.014223814010620117,success,
credit_g,"MUL(credit_history_all paid,purpose_education)",MUL,"['credit_history_all paid', 'purpose_education']",0.7333333333333333,0.0,0.012806892395019531,success,
credit_g,"DIV(credit_history_all paid,purpose_education)",DIV,"['credit_history_all paid', 'purpose_education']",0.7466666666666667,0.01333333333333342,0.19199109077453613,success,
credit_g,"ADD(credit_history_all paid,purpose_furniture/equipment)",ADD,"['credit_history_all paid', 'purpose_furniture/equipment']",0.7333333333333333,0.0,0.014336585998535156,success,
credit_g,"SUB(credit_history_all paid,purpose_furniture/equipment)",SUB,"['credit_history_all paid', 'purpose_furniture/equipment']",0.7333333333333333,0.0,0.014360666275024414,success,
credit_g,"MUL(credit_history_all paid,purpose_furniture/equipment)",MUL,"['credit_history_all paid', 'purpose_furniture/equipment']",0.7266666666666667,-0.006666666666666599,0.01292109489440918,success,
credit_g,"DIV(credit_history_all paid,purpose_furniture/equipment)",DIV,"['credit_history_all paid', 'purpose_furniture/equipment']",0.74,0.00666666666666671,0.18467092514038086,success,
credit_g,"ADD(credit_history_critical/other existing credit,credit_history_delayed previously)",ADD,"['credit_history_critical/other existing credit', 'credit_history_delayed previously']",0.7333333333333333,0.0,0.013324975967407227,success,
credit_g,"SUB(credit_history_critical/other existing credit,credit_history_delayed previously)",SUB,"['credit_history_critical/other existing credit', 'credit_history_delayed previously']",0.7333333333333333,0.0,0.01335000991821289,success,
credit_g,"MUL(credit_history_critical/other existing credit,credit_history_delayed previously)",MUL,"['credit_history_critical/other existing credit', 'credit_history_delayed previously']",0.7333333333333333,0.0,0.012937307357788086,success,
credit_g,"DIV(credit_history_critical/other existing credit,credit_history_delayed previously)",DIV,"['credit_history_critical/other existing credit', 'credit_history_delayed previously']",0.74,0.00666666666666671,0.19339489936828613,success,
credit_g,"ADD(credit_history_critical/other existing credit,credit_history_existing paid)",ADD,"['credit_history_critical/other existing credit', 'credit_history_existing paid']",0.7333333333333333,0.0,0.013251066207885742,success,
credit_g,"SUB(credit_history_critical/other existing credit,credit_history_existing paid)",SUB,"['credit_history_critical/other existing credit', 'credit_history_existing paid']",0.7333333333333333,0.0,0.013763427734375,success,
credit_g,"MUL(credit_history_critical/other existing credit,credit_history_existing paid)",MUL,"['credit_history_critical/other existing credit', 'credit_history_existing paid']",0.7333333333333333,0.0,0.012830495834350586,success,
credit_g,"DIV(credit_history_critical/other existing credit,credit_history_existing paid)",DIV,"['credit_history_critical/other existing credit', 'credit_history_existing paid']",0.74,0.00666666666666671,0.19400429725646973,success,
credit_g,"ADD(credit_history_critical/other existing credit,credit_history_no credits/all paid)",ADD,"['credit_history_critical/other existing credit', 'credit_history_no credits/all paid']",0.7333333333333333,0.0,0.013743162155151367,success,
credit_g,"SUB(credit_history_critical/other existing credit,credit_history_no credits/all paid)",SUB,"['credit_history_critical/other existing credit', 'credit_history_no credits/all paid']",0.7333333333333333,0.0,0.013100862503051758,success,
credit_g,"MUL(credit_history_critical/other existing credit,credit_history_no credits/all paid)",MUL,"['credit_history_critical/other existing credit', 'credit_history_no credits/all paid']",0.7333333333333333,0.0,0.012627363204956055,success,
credit_g,"DIV(credit_history_critical/other existing credit,credit_history_no credits/all paid)",DIV,"['credit_history_critical/other existing credit', 'credit_history_no credits/all paid']",0.74,0.00666666666666671,0.19596552848815918,success,
credit_g,"ADD(credit_history_critical/other existing credit,purpose_business)",ADD,"['credit_history_critical/other existing credit', 'purpose_business']",0.7333333333333333,0.0,0.013500690460205078,success,
credit_g,"SUB(credit_history_critical/other existing credit,purpose_business)",SUB,"['credit_history_critical/other existing credit', 'purpose_business']",0.7333333333333333,0.0,0.01289820671081543,success,
credit_g,"MUL(credit_history_critical/other existing credit,purpose_business)",MUL,"['credit_history_critical/other existing credit', 'purpose_business']",0.7333333333333333,0.0,0.012199163436889648,success,
credit_g,"DIV(credit_history_critical/other existing credit,purpose_business)",DIV,"['credit_history_critical/other existing credit', 'purpose_business']",0.74,0.00666666666666671,0.18624639511108398,success,
credit_g,"ADD(credit_history_critical/other existing credit,purpose_domestic appliance)",ADD,"['credit_history_critical/other existing credit', 'purpose_domestic appliance']",0.7333333333333333,0.0,0.013311624526977539,success,
credit_g,"SUB(credit_history_critical/other existing credit,purpose_domestic appliance)",SUB,"['credit_history_critical/other existing credit', 'purpose_domestic appliance']",0.7333333333333333,0.0,0.01288461685180664,success,
credit_g,"MUL(credit_history_critical/other existing credit,purpose_domestic appliance)",MUL,"['credit_history_critical/other existing credit', 'purpose_domestic appliance']",0.7333333333333333,0.0,0.012774944305419922,success,
credit_g,"DIV(credit_history_critical/other existing credit,purpose_domestic appliance)",DIV,"['credit_history_critical/other existing credit', 'purpose_domestic appliance']",0.74,0.00666666666666671,0.18871712684631348,success,
credit_g,"ADD(credit_history_critical/other existing credit,purpose_education)",ADD,"['credit_history_critical/other existing credit', 'purpose_education']",0.7333333333333333,0.0,0.013253927230834961,success,
credit_g,"SUB(credit_history_critical/other existing credit,purpose_education)",SUB,"['credit_history_critical/other existing credit', 'purpose_education']",0.74,0.00666666666666671,0.013608932495117188,success,
credit_g,"MUL(credit_history_critical/other existing credit,purpose_education)",MUL,"['credit_history_critical/other existing credit', 'purpose_education']",0.7333333333333333,0.0,0.013146162033081055,success,
credit_g,"DIV(credit_history_critical/other existing credit,purpose_education)",DIV,"['credit_history_critical/other existing credit', 'purpose_education']",0.7333333333333333,0.0,0.19046926498413086,success,
credit_g,"ADD(credit_history_critical/other existing credit,purpose_furniture/equipment)",ADD,"['credit_history_critical/other existing credit', 'purpose_furniture/equipment']",0.7333333333333333,0.0,0.01492762565612793,success,
credit_g,"SUB(credit_history_critical/other existing credit,purpose_furniture/equipment)",SUB,"['credit_history_critical/other existing credit', 'purpose_furniture/equipment']",0.7333333333333333,0.0,0.012978792190551758,success,
credit_g,"MUL(credit_history_critical/other existing credit,purpose_furniture/equipment)",MUL,"['credit_history_critical/other existing credit', 'purpose_furniture/equipment']",0.7333333333333333,0.0,0.010666370391845703,success,
credit_g,"DIV(credit_history_critical/other existing credit,purpose_furniture/equipment)",DIV,"['credit_history_critical/other existing credit', 'purpose_furniture/equipment']",0.7466666666666667,0.01333333333333342,0.19028997421264648,success,
credit_g,"ADD(credit_history_delayed previously,credit_history_existing paid)",ADD,"['credit_history_delayed previously', 'credit_history_existing paid']",0.7333333333333333,0.0,0.012680292129516602,success,
credit_g,"SUB(credit_history_delayed previously,credit_history_existing paid)",SUB,"['credit_history_delayed previously', 'credit_history_existing paid']",0.7333333333333333,0.0,0.013379812240600586,success,
credit_g,"MUL(credit_history_delayed previously,credit_history_existing paid)",MUL,"['credit_history_delayed previously', 'credit_history_existing paid']",0.7333333333333333,0.0,0.013578653335571289,success,
credit_g,"DIV(credit_history_delayed previously,credit_history_existing paid)",DIV,"['credit_history_delayed previously', 'credit_history_existing paid']",0.74,0.00666666666666671,0.19075345993041992,success,
credit_g,"ADD(credit_history_delayed previously,credit_history_no credits/all paid)",ADD,"['credit_history_delayed previously', 'credit_history_no credits/all paid']",0.7333333333333333,0.0,0.012798070907592773,success,
credit_g,"SUB(credit_history_delayed previously,credit_history_no credits/all paid)",SUB,"['credit_history_delayed previously', 'credit_history_no credits/all paid']",0.7333333333333333,0.0,0.012368202209472656,success,
credit_g,"MUL(credit_history_delayed previously,credit_history_no credits/all paid)",MUL,"['credit_history_delayed previously', 'credit_history_no credits/all paid']",0.7333333333333333,0.0,0.012205839157104492,success,
credit_g,"DIV(credit_history_delayed previously,credit_history_no credits/all paid)",DIV,"['credit_history_delayed previously', 'credit_history_no credits/all paid']",0.74,0.00666666666666671,0.18954896926879883,success,
credit_g,"ADD(credit_history_delayed previously,purpose_business)",ADD,"['credit_history_delayed previously', 'purpose_business']",0.7333333333333333,0.0,0.013533353805541992,success,
credit_g,"SUB(credit_history_delayed previously,purpose_business)",SUB,"['credit_history_delayed previously', 'purpose_business']",0.7333333333333333,0.0,0.013192176818847656,success,
credit_g,"MUL(credit_history_delayed previously,purpose_business)",MUL,"['credit_history_delayed previously', 'purpose_business']",0.7466666666666667,0.01333333333333342,0.01378011703491211,success,
credit_g,"DIV(credit_history_delayed previously,purpose_business)",DIV,"['credit_history_delayed previously', 'purpose_business']",0.7466666666666667,0.01333333333333342,0.1939687728881836,success,
credit_g,"ADD(credit_history_delayed previously,purpose_domestic appliance)",ADD,"['credit_history_delayed previously', 'purpose_domestic appliance']",0.7333333333333333,0.0,0.01246953010559082,success,
credit_g,"SUB(credit_history_delayed previously,purpose_domestic appliance)",SUB,"['credit_history_delayed previously', 'purpose_domestic appliance']",0.7333333333333333,0.0,0.014162302017211914,success,
credit_g,"MUL(credit_history_delayed previously,purpose_domestic appliance)",MUL,"['credit_history_delayed previously', 'purpose_domestic appliance']",0.7333333333333333,0.0,0.013761043548583984,success,
credit_g,"DIV(credit_history_delayed previously,purpose_domestic appliance)",DIV,"['credit_history_delayed previously', 'purpose_domestic appliance']",0.74,0.00666666666666671,0.1870741844177246,success,
credit_g,"ADD(credit_history_delayed previously,purpose_education)",ADD,"['credit_history_delayed previously', 'purpose_education']",0.7333333333333333,0.0,0.012915849685668945,success,
credit_g,"SUB(credit_history_delayed previously,purpose_education)",SUB,"['credit_history_delayed previously', 'purpose_education']",0.74,0.00666666666666671,0.012320280075073242,success,
credit_g,"MUL(credit_history_delayed previously,purpose_education)",MUL,"['credit_history_delayed previously', 'purpose_education']",0.74,0.00666666666666671,0.012410402297973633,success,
credit_g,"DIV(credit_history_delayed previously,purpose_education)",DIV,"['credit_history_delayed previously', 'purpose_education']",0.7466666666666667,0.01333333333333342,0.18889832496643066,success,
credit_g,"ADD(credit_history_delayed previously,purpose_furniture/equipment)",ADD,"['credit_history_delayed previously', 'purpose_furniture/equipment']",0.7333333333333333,0.0,0.013505935668945312,success,
credit_g,"SUB(credit_history_delayed previously,purpose_furniture/equipment)",SUB,"['credit_history_delayed previously', 'purpose_furniture/equipment']",0.7333333333333333,0.0,0.019962549209594727,success,
credit_g,"MUL(credit_history_delayed previously,purpose_furniture/equipment)",MUL,"['credit_history_delayed previously', 'purpose_furniture/equipment']",0.7333333333333333,0.0,0.019144296646118164,success,
credit_g,"DIV(credit_history_delayed previously,purpose_furniture/equipment)",DIV,"['credit_history_delayed previously', 'purpose_furniture/equipment']",0.7466666666666667,0.01333333333333342,0.20076274871826172,success,
credit_g,"ADD(credit_history_existing paid,credit_history_no credits/all paid)",ADD,"['credit_history_existing paid', 'credit_history_no credits/all paid']",0.7333333333333333,0.0,0.013852357864379883,success,
credit_g,"SUB(credit_history_existing paid,credit_history_no credits/all paid)",SUB,"['credit_history_existing paid', 'credit_history_no credits/all paid']",0.7333333333333333,0.0,0.012529373168945312,success,
credit_g,"MUL(credit_history_existing paid,credit_history_no credits/all paid)",MUL,"['credit_history_existing paid', 'credit_history_no credits/all paid']",0.7333333333333333,0.0,0.013166189193725586,success,
credit_g,"DIV(credit_history_existing paid,credit_history_no credits/all paid)",DIV,"['credit_history_existing paid', 'credit_history_no credits/all paid']",0.74,0.00666666666666671,0.18719005584716797,success,
credit_g,"ADD(credit_history_existing paid,purpose_business)",ADD,"['credit_history_existing paid', 'purpose_business']",0.7333333333333333,0.0,0.013670921325683594,success,
credit_g,"SUB(credit_history_existing paid,purpose_business)",SUB,"['credit_history_existing paid', 'purpose_business']",0.7333333333333333,0.0,0.013267040252685547,success,
credit_g,"MUL(credit_history_existing paid,purpose_business)",MUL,"['credit_history_existing paid', 'purpose_business']",0.74,0.00666666666666671,0.013034582138061523,success,
credit_g,"DIV(credit_history_existing paid,purpose_business)",DIV,"['credit_history_existing paid', 'purpose_business']",0.74,0.00666666666666671,0.1815032958984375,success,
credit_g,"ADD(credit_history_existing paid,purpose_domestic appliance)",ADD,"['credit_history_existing paid', 'purpose_domestic appliance']",0.7333333333333333,0.0,0.013339042663574219,success,
credit_g,"SUB(credit_history_existing paid,purpose_domestic appliance)",SUB,"['credit_history_existing paid', 'purpose_domestic appliance']",0.7333333333333333,0.0,0.013114690780639648,success,
credit_g,"MUL(credit_history_existing paid,purpose_domestic appliance)",MUL,"['credit_history_existing paid', 'purpose_domestic appliance']",0.74,0.00666666666666671,0.012846231460571289,success,
credit_g,"DIV(credit_history_existing paid,purpose_domestic appliance)",DIV,"['credit_history_existing paid', 'purpose_domestic appliance']",0.7533333333333333,0.020000000000000018,0.18699979782104492,success,
credit_g,"ADD(credit_history_existing paid,purpose_education)",ADD,"['credit_history_existing paid', 'purpose_education']",0.74,0.00666666666666671,0.013628721237182617,success,
credit_g,"SUB(credit_history_existing paid,purpose_education)",SUB,"['credit_history_existing paid', 'purpose_education']",0.74,0.00666666666666671,0.011695146560668945,success,
credit_g,"MUL(credit_history_existing paid,purpose_education)",MUL,"['credit_history_existing paid', 'purpose_education']",0.74,0.00666666666666671,0.011678218841552734,success,
credit_g,"DIV(credit_history_existing paid,purpose_education)",DIV,"['credit_history_existing paid', 'purpose_education']",0.74,0.00666666666666671,0.19118213653564453,success,
credit_g,"ADD(credit_history_existing paid,purpose_furniture/equipment)",ADD,"['credit_history_existing paid', 'purpose_furniture/equipment']",0.7333333333333333,0.0,0.011252164840698242,success,
credit_g,"SUB(credit_history_existing paid,purpose_furniture/equipment)",SUB,"['credit_history_existing paid', 'purpose_furniture/equipment']",0.7333333333333333,0.0,0.011258125305175781,success,
credit_g,"MUL(credit_history_existing paid,purpose_furniture/equipment)",MUL,"['credit_history_existing paid', 'purpose_furniture/equipment']",0.72,-0.013333333333333308,0.011533498764038086,success,
credit_g,"DIV(credit_history_existing paid,purpose_furniture/equipment)",DIV,"['credit_history_existing paid', 'purpose_furniture/equipment']",0.7333333333333333,0.0,0.19198060035705566,success,
credit_g,"ADD(credit_history_no credits/all paid,purpose_business)",ADD,"['credit_history_no credits/all paid', 'purpose_business']",0.7333333333333333,0.0,0.013074159622192383,success,
credit_g,"SUB(credit_history_no credits/all paid,purpose_business)",SUB,"['credit_history_no credits/all paid', 'purpose_business']",0.7333333333333333,0.0,0.012367725372314453,success,
credit_g,"MUL(credit_history_no credits/all paid,purpose_business)",MUL,"['credit_history_no credits/all paid', 'purpose_business']",0.7333333333333333,0.0,0.012784957885742188,success,
credit_g,"DIV(credit_history_no credits/all paid,purpose_business)",DIV,"['credit_history_no credits/all paid', 'purpose_business']",0.7466666666666667,0.01333333333333342,0.19765043258666992,success,
credit_g,"ADD(credit_history_no credits/all paid,purpose_domestic appliance)",ADD,"['credit_history_no credits/all paid', 'purpose_domestic appliance']",0.7333333333333333,0.0,0.013001203536987305,success,
credit_g,"SUB(credit_history_no credits/all paid,purpose_domestic appliance)",SUB,"['credit_history_no credits/all paid', 'purpose_domestic appliance']",0.7333333333333333,0.0,0.02005481719970703,success,
credit_g,"MUL(credit_history_no credits/all paid,purpose_domestic appliance)",MUL,"['credit_history_no credits/all paid', 'purpose_domestic appliance']",0.7333333333333333,0.0,0.018440961837768555,success,
credit_g,"DIV(credit_history_no credits/all paid,purpose_domestic appliance)",DIV,"['credit_history_no credits/all paid', 'purpose_domestic appliance']",0.74,0.00666666666666671,0.19675326347351074,success,
credit_g,"ADD(credit_history_no credits/all paid,purpose_education)",ADD,"['credit_history_no credits/all paid', 'purpose_education']",0.74,0.00666666666666671,0.012717247009277344,success,
credit_g,"SUB(credit_history_no credits/all paid,purpose_education)",SUB,"['credit_history_no credits/all paid', 'purpose_education']",0.7333333333333333,0.0,0.012228727340698242,success,
credit_g,"MUL(credit_history_no credits/all paid,purpose_education)",MUL,"['credit_history_no credits/all paid', 'purpose_education']",0.7333333333333333,0.0,0.014189481735229492,success,
credit_g,"DIV(credit_history_no credits/all paid,purpose_education)",DIV,"['credit_history_no credits/all paid', 'purpose_education']",0.74,0.00666666666666671,0.1898200511932373,success,
credit_g,"ADD(credit_history_no credits/all paid,purpose_furniture/equipment)",ADD,"['credit_history_no credits/all paid', 'purpose_furniture/equipment']",0.7333333333333333,0.0,0.012783527374267578,success,
credit_g,"SUB(credit_history_no credits/all paid,purpose_furniture/equipment)",SUB,"['credit_history_no credits/all paid', 'purpose_furniture/equipment']",0.7333333333333333,0.0,0.012232303619384766,success,
credit_g,"MUL(credit_history_no credits/all paid,purpose_furniture/equipment)",MUL,"['credit_history_no credits/all paid', 'purpose_furniture/equipment']",0.7333333333333333,0.0,0.01340627670288086,success,
credit_g,"DIV(credit_history_no credits/all paid,purpose_furniture/equipment)",DIV,"['credit_history_no credits/all paid', 'purpose_furniture/equipment']",0.7533333333333333,0.020000000000000018,0.18976593017578125,success,
credit_g,"ADD(purpose_business,purpose_domestic appliance)",ADD,"['purpose_business', 'purpose_domestic appliance']",0.7333333333333333,0.0,0.013286352157592773,success,
credit_g,"SUB(purpose_business,purpose_domestic appliance)",SUB,"['purpose_business', 'purpose_domestic appliance']",0.7333333333333333,0.0,0.014058351516723633,success,
credit_g,"MUL(purpose_business,purpose_domestic appliance)",MUL,"['purpose_business', 'purpose_domestic appliance']",0.7333333333333333,0.0,0.013316154479980469,success,
credit_g,"DIV(purpose_business,purpose_domestic appliance)",DIV,"['purpose_business', 'purpose_domestic appliance']",0.74,0.00666666666666671,0.19326329231262207,success,
credit_g,"ADD(purpose_business,purpose_education)",ADD,"['purpose_business', 'purpose_education']",0.7333333333333333,0.0,0.014836549758911133,success,
credit_g,"SUB(purpose_business,purpose_education)",SUB,"['purpose_business', 'purpose_education']",0.74,0.00666666666666671,0.014016866683959961,success,
credit_g,"MUL(purpose_business,purpose_education)",MUL,"['purpose_business', 'purpose_education']",0.7333333333333333,0.0,0.013468265533447266,success,
credit_g,"DIV(purpose_business,purpose_education)",DIV,"['purpose_business', 'purpose_education']",0.74,0.00666666666666671,0.1927626132965088,success,
credit_g,"ADD(purpose_business,purpose_furniture/equipment)",ADD,"['purpose_business', 'purpose_furniture/equipment']",0.7333333333333333,0.0,0.013803243637084961,success,
credit_g,"SUB(purpose_business,purpose_furniture/equipment)",SUB,"['purpose_business', 'purpose_furniture/equipment']",0.7333333333333333,0.0,0.013971090316772461,success,
credit_g,"MUL(purpose_business,purpose_furniture/equipment)",MUL,"['purpose_business', 'purpose_furniture/equipment']",0.7333333333333333,0.0,0.012865304946899414,success,
credit_g,"DIV(purpose_business,purpose_furniture/equipment)",DIV,"['purpose_business', 'purpose_furniture/equipment']",0.74,0.00666666666666671,0.1931307315826416,success,
credit_g,"ADD(purpose_domestic appliance,purpose_education)",ADD,"['purpose_domestic appliance', 'purpose_education']",0.74,0.00666666666666671,0.013500690460205078,success,
credit_g,"SUB(purpose_domestic appliance,purpose_education)",SUB,"['purpose_domestic appliance', 'purpose_education']",0.74,0.00666666666666671,0.013466358184814453,success,
credit_g,"MUL(purpose_domestic appliance,purpose_education)",MUL,"['purpose_domestic appliance', 'purpose_education']",0.7333333333333333,0.0,0.012851476669311523,success,
credit_g,"DIV(purpose_domestic appliance,purpose_education)",DIV,"['purpose_domestic appliance', 'purpose_education']",0.7333333333333333,0.0,0.1890120506286621,success,
credit_g,"ADD(purpose_domestic appliance,purpose_furniture/equipment)",ADD,"['purpose_domestic appliance', 'purpose_furniture/equipment']",0.7333333333333333,0.0,0.012030601501464844,success,
credit_g,"SUB(purpose_domestic appliance,purpose_furniture/equipment)",SUB,"['purpose_domestic appliance', 'purpose_furniture/equipment']",0.7333333333333333,0.0,0.01311182975769043,success,
credit_g,"MUL(purpose_domestic appliance,purpose_furniture/equipment)",MUL,"['purpose_domestic appliance', 'purpose_furniture/equipment']",0.7333333333333333,0.0,0.012859344482421875,success,
credit_g,"DIV(purpose_domestic appliance,purpose_furniture/equipment)",DIV,"['purpose_domestic appliance', 'purpose_furniture/equipment']",0.7333333333333333,0.0,0.19674134254455566,success,
credit_g,"ADD(purpose_education,purpose_furniture/equipment)",ADD,"['purpose_education', 'purpose_furniture/equipment']",0.7333333333333333,0.0,0.014620542526245117,success,
credit_g,"SUB(purpose_education,purpose_furniture/equipment)",SUB,"['purpose_education', 'purpose_furniture/equipment']",0.74,0.00666666666666671,0.013377904891967773,success,
credit_g,"MUL(purpose_education,purpose_furniture/equipment)",MUL,"['purpose_education', 'purpose_furniture/equipment']",0.7333333333333333,0.0,0.012969732284545898,success,
credit_g,"DIV(purpose_education,purpose_furniture/equipment)",DIV,"['purpose_education', 'purpose_furniture/equipment']",0.74,0.00666666666666671,0.18322014808654785,success,
