dataset,candidate_id,transformation,source_features,validation_score,gain,evaluation_time,status,error
spambase,LOG(word_freq_make),LOG,['word_freq_make'],0.9449275362318841,0.0,0.0319669246673584,success,
spambase,SQRT(word_freq_make),SQRT,['word_freq_make'],0.9434782608695652,-0.0014492753623188692,0.011076688766479492,success,
spambase,SQUARE(word_freq_make),SQUARE,['word_freq_make'],0.9449275362318841,0.0,0.01753973960876465,success,
spambase,ABS(word_freq_make),ABS,['word_freq_make'],0.9434782608695652,-0.0014492753623188692,0.011422395706176758,success,
spambase,LOG(word_freq_address),LOG,['word_freq_address'],0.9507246376811594,0.005797101449275366,0.028497934341430664,success,
spambase,SQRT(word_freq_address),SQRT,['word_freq_address'],0.9507246376811594,0.005797101449275366,0.011121749877929688,success,
spambase,SQUARE(word_freq_address),SQUARE,['word_freq_address'],0.9507246376811594,0.005797101449275366,0.010703086853027344,success,
spambase,ABS(word_freq_address),ABS,['word_freq_address'],0.9492753623188406,0.004347826086956497,0.010104656219482422,success,
spambase,LOG(word_freq_all),LOG,['word_freq_all'],0.9434782608695652,-0.0014492753623188692,0.02100825309753418,success,
spambase,SQRT(word_freq_all),SQRT,['word_freq_all'],0.9478260869565217,0.0028985507246376274,0.010417699813842773,success,
spambase,SQUARE(word_freq_all),SQUARE,['word_freq_all'],0.946376811594203,0.0014492753623188692,0.012776374816894531,success,
spambase,ABS(word_freq_all),ABS,['word_freq_all'],0.9420289855072463,-0.0028985507246377384,0.011345386505126953,success,
spambase,LOG(word_freq_3d),LOG,['word_freq_3d'],0.9449275362318841,0.0,0.037474632263183594,success,
spambase,SQRT(word_freq_3d),SQRT,['word_freq_3d'],0.9449275362318841,0.0,0.011206626892089844,success,
spambase,SQUARE(word_freq_3d),SQUARE,['word_freq_3d'],0.9449275362318841,0.0,0.010746479034423828,success,
spambase,ABS(word_freq_3d),ABS,['word_freq_3d'],0.9449275362318841,0.0,0.010749340057373047,success,
spambase,LOG(word_freq_our),LOG,['word_freq_our'],0.9536231884057971,0.008695652173912993,0.02443718910217285,success,
spambase,SQRT(word_freq_our),SQRT,['word_freq_our'],0.9492753623188406,0.004347826086956497,0.012322187423706055,success,
spambase,SQUARE(word_freq_our),SQUARE,['word_freq_our'],0.9550724637681159,0.010144927536231862,0.015290975570678711,success,
spambase,ABS(word_freq_our),ABS,['word_freq_our'],0.9507246376811594,0.005797101449275366,0.01073765754699707,success,
spambase,LOG(word_freq_over),LOG,['word_freq_over'],0.9434782608695652,-0.0014492753623188692,0.02435922622680664,success,
spambase,SQRT(word_freq_over),SQRT,['word_freq_over'],0.9420289855072463,-0.0028985507246377384,0.011032581329345703,success,
spambase,SQUARE(word_freq_over),SQUARE,['word_freq_over'],0.9434782608695652,-0.0014492753623188692,0.015670061111450195,success,
spambase,ABS(word_freq_over),ABS,['word_freq_over'],0.946376811594203,0.0014492753623188692,0.010823726654052734,success,
spambase,LOG(word_freq_remove),LOG,['word_freq_remove'],0.946376811594203,0.0014492753623188692,0.021399736404418945,success,
spambase,SQRT(word_freq_remove),SQRT,['word_freq_remove'],0.946376811594203,0.0014492753623188692,0.011850118637084961,success,
spambase,SQUARE(word_freq_remove),SQUARE,['word_freq_remove'],0.946376811594203,0.0014492753623188692,0.019932270050048828,success,
spambase,ABS(word_freq_remove),ABS,['word_freq_remove'],0.9492753623188406,0.004347826086956497,0.011063814163208008,success,
spambase,LOG(word_freq_internet),LOG,['word_freq_internet'],0.9449275362318841,0.0,0.02166271209716797,success,
spambase,SQRT(word_freq_internet),SQRT,['word_freq_internet'],0.9478260869565217,0.0028985507246376274,0.01047658920288086,success,
spambase,SQUARE(word_freq_internet),SQUARE,['word_freq_internet'],0.946376811594203,0.0014492753623188692,0.0353856086730957,success,
spambase,ABS(word_freq_internet),ABS,['word_freq_internet'],0.9449275362318841,0.0,0.010171890258789062,success,
spambase,LOG(word_freq_order),LOG,['word_freq_order'],0.9405797101449276,-0.004347826086956497,0.021558761596679688,success,
spambase,SQRT(word_freq_order),SQRT,['word_freq_order'],0.9434782608695652,-0.0014492753623188692,0.010590314865112305,success,
spambase,SQUARE(word_freq_order),SQUARE,['word_freq_order'],0.9405797101449276,-0.004347826086956497,0.021061420440673828,success,
spambase,ABS(word_freq_order),ABS,['word_freq_order'],0.9420289855072463,-0.0028985507246377384,0.011066913604736328,success,
spambase,LOG(word_freq_mail),LOG,['word_freq_mail'],0.9478260869565217,0.0028985507246376274,0.021829843521118164,success,
spambase,SQRT(word_freq_mail),SQRT,['word_freq_mail'],0.9434782608695652,-0.0014492753623188692,0.010116100311279297,success,
spambase,SQUARE(word_freq_mail),SQUARE,['word_freq_mail'],0.9405797101449276,-0.004347826086956497,0.014239788055419922,success,
spambase,ABS(word_freq_mail),ABS,['word_freq_mail'],0.9478260869565217,0.0028985507246376274,0.010826587677001953,success,
spambase,LOG(word_freq_receive),LOG,['word_freq_receive'],0.9405797101449276,-0.004347826086956497,0.026997804641723633,success,
spambase,SQRT(word_freq_receive),SQRT,['word_freq_receive'],0.9449275362318841,0.0,0.011250734329223633,success,
spambase,SQUARE(word_freq_receive),SQUARE,['word_freq_receive'],0.9449275362318841,0.0,0.018500804901123047,success,
spambase,ABS(word_freq_receive),ABS,['word_freq_receive'],0.9449275362318841,0.0,0.011186838150024414,success,
spambase,LOG(word_freq_will),LOG,['word_freq_will'],0.9391304347826087,-0.005797101449275366,0.021840333938598633,success,
spambase,SQRT(word_freq_will),SQRT,['word_freq_will'],0.9449275362318841,0.0,0.01113271713256836,success,
spambase,SQUARE(word_freq_will),SQUARE,['word_freq_will'],0.9492753623188406,0.004347826086956497,0.012139081954956055,success,
spambase,ABS(word_freq_will),ABS,['word_freq_will'],0.9434782608695652,-0.0014492753623188692,0.010092020034790039,success,
spambase,LOG(word_freq_people),LOG,['word_freq_people'],0.9434782608695652,-0.0014492753623188692,0.023738622665405273,success,
spambase,SQRT(word_freq_people),SQRT,['word_freq_people'],0.9434782608695652,-0.0014492753623188692,0.01067209243774414,success,
spambase,SQUARE(word_freq_people),SQUARE,['word_freq_people'],0.9434782608695652,-0.0014492753623188692,0.015044689178466797,success,
spambase,ABS(word_freq_people),ABS,['word_freq_people'],0.9449275362318841,0.0,0.009626626968383789,success,
spambase,LOG(word_freq_report),LOG,['word_freq_report'],0.9449275362318841,0.0,0.0284271240234375,success,
spambase,SQRT(word_freq_report),SQRT,['word_freq_report'],0.9449275362318841,0.0,0.01098489761352539,success,
spambase,SQUARE(word_freq_report),SQUARE,['word_freq_report'],0.9420289855072463,-0.0028985507246377384,0.017237424850463867,success,
spambase,ABS(word_freq_report),ABS,['word_freq_report'],0.9449275362318841,0.0,0.011713981628417969,success,
spambase,LOG(word_freq_addresses),LOG,['word_freq_addresses'],0.946376811594203,0.0014492753623188692,0.02433490753173828,success,
spambase,SQRT(word_freq_addresses),SQRT,['word_freq_addresses'],0.946376811594203,0.0014492753623188692,0.011251211166381836,success,
spambase,SQUARE(word_freq_addresses),SQUARE,['word_freq_addresses'],0.946376811594203,0.0014492753623188692,0.01672053337097168,success,
spambase,ABS(word_freq_addresses),ABS,['word_freq_addresses'],0.9449275362318841,0.0,0.010187625885009766,success,
spambase,LOG(word_freq_free),LOG,['word_freq_free'],0.9536231884057971,0.008695652173912993,0.024867773056030273,success,
spambase,SQRT(word_freq_free),SQRT,['word_freq_free'],0.9492753623188406,0.004347826086956497,0.01116037368774414,success,
spambase,SQUARE(word_freq_free),SQUARE,['word_freq_free'],0.9449275362318841,0.0,0.018578767776489258,success,
spambase,ABS(word_freq_free),ABS,['word_freq_free'],0.9521739130434783,0.007246376811594235,0.010685443878173828,success,
spambase,LOG(word_freq_business),LOG,['word_freq_business'],0.9449275362318841,0.0,0.0266416072845459,success,
spambase,SQRT(word_freq_business),SQRT,['word_freq_business'],0.946376811594203,0.0014492753623188692,0.01133275032043457,success,
spambase,SQUARE(word_freq_business),SQUARE,['word_freq_business'],0.9434782608695652,-0.0014492753623188692,0.015816926956176758,success,
spambase,ABS(word_freq_business),ABS,['word_freq_business'],0.9434782608695652,-0.0014492753623188692,0.011071920394897461,success,
spambase,LOG(word_freq_email),LOG,['word_freq_email'],0.9492753623188406,0.004347826086956497,0.02291417121887207,success,
spambase,SQRT(word_freq_email),SQRT,['word_freq_email'],0.946376811594203,0.0014492753623188692,0.01080179214477539,success,
spambase,SQUARE(word_freq_email),SQUARE,['word_freq_email'],0.946376811594203,0.0014492753623188692,0.015002250671386719,success,
spambase,ABS(word_freq_email),ABS,['word_freq_email'],0.946376811594203,0.0014492753623188692,0.010325193405151367,success,
spambase,LOG(word_freq_you),LOG,['word_freq_you'],0.9449275362318841,0.0,0.01499176025390625,success,
spambase,SQRT(word_freq_you),SQRT,['word_freq_you'],0.946376811594203,0.0014492753623188692,0.010759115219116211,success,
spambase,SQUARE(word_freq_you),SQUARE,['word_freq_you'],0.9478260869565217,0.0028985507246376274,0.011780023574829102,success,
spambase,ABS(word_freq_you),ABS,['word_freq_you'],0.9507246376811594,0.005797101449275366,0.009958028793334961,success,
spambase,LOG(word_freq_credit),LOG,['word_freq_credit'],0.9434782608695652,-0.0014492753623188692,0.0193021297454834,success,
spambase,SQRT(word_freq_credit),SQRT,['word_freq_credit'],0.9449275362318841,0.0,0.010481595993041992,success,
spambase,SQUARE(word_freq_credit),SQUARE,['word_freq_credit'],0.9449275362318841,0.0,0.018845081329345703,success,
spambase,ABS(word_freq_credit),ABS,['word_freq_credit'],0.9449275362318841,0.0,0.010902166366577148,success,
spambase,LOG(word_freq_your),LOG,['word_freq_your'],0.946376811594203,0.0014492753623188692,0.021338701248168945,success,
spambase,SQRT(word_freq_your),SQRT,['word_freq_your'],0.9420289855072463,-0.0028985507246377384,0.01178741455078125,success,
spambase,SQUARE(word_freq_your),SQUARE,['word_freq_your'],0.946376811594203,0.0014492753623188692,0.01560354232788086,success,
spambase,ABS(word_freq_your),ABS,['word_freq_your'],0.9536231884057971,0.008695652173912993,0.010839700698852539,success,
spambase,LOG(word_freq_font),LOG,['word_freq_font'],0.9449275362318841,0.0,0.027111530303955078,success,
spambase,SQRT(word_freq_font),SQRT,['word_freq_font'],0.9434782608695652,-0.0014492753623188692,0.011255979537963867,success,
spambase,SQUARE(word_freq_font),SQUARE,['word_freq_font'],0.9434782608695652,-0.0014492753623188692,0.020234107971191406,success,
spambase,ABS(word_freq_font),ABS,['word_freq_font'],0.9449275362318841,0.0,0.010620594024658203,success,
spambase,LOG(word_freq_000),LOG,['word_freq_000'],0.946376811594203,0.0014492753623188692,0.01812458038330078,success,
spambase,SQRT(word_freq_000),SQRT,['word_freq_000'],0.946376811594203,0.0014492753623188692,0.011637210845947266,success,
spambase,SQUARE(word_freq_000),SQUARE,['word_freq_000'],0.9449275362318841,0.0,0.012926340103149414,success,
spambase,ABS(word_freq_000),ABS,['word_freq_000'],0.9449275362318841,0.0,0.010185956954956055,success,
spambase,LOG(word_freq_money),LOG,['word_freq_money'],0.9391304347826087,-0.005797101449275366,0.027681589126586914,success,
spambase,SQRT(word_freq_money),SQRT,['word_freq_money'],0.9405797101449276,-0.004347826086956497,0.010656118392944336,success,
spambase,SQUARE(word_freq_money),SQUARE,['word_freq_money'],0.9420289855072463,-0.0028985507246377384,0.019430875778198242,success,
spambase,ABS(word_freq_money),ABS,['word_freq_money'],0.9420289855072463,-0.0028985507246377384,0.012308359146118164,success,
spambase,LOG(word_freq_hp),LOG,['word_freq_hp'],0.9449275362318841,0.0,0.016715049743652344,success,
spambase,SQRT(word_freq_hp),SQRT,['word_freq_hp'],0.9434782608695652,-0.0014492753623188692,0.012108087539672852,success,
spambase,SQUARE(word_freq_hp),SQUARE,['word_freq_hp'],0.9434782608695652,-0.0014492753623188692,0.012299776077270508,success,
spambase,ABS(word_freq_hp),ABS,['word_freq_hp'],0.9434782608695652,-0.0014492753623188692,0.011378049850463867,success,
spambase,LOG(word_freq_hpl),LOG,['word_freq_hpl'],0.946376811594203,0.0014492753623188692,0.030385971069335938,success,
spambase,SQRT(word_freq_hpl),SQRT,['word_freq_hpl'],0.9449275362318841,0.0,0.010837554931640625,success,
spambase,SQUARE(word_freq_hpl),SQUARE,['word_freq_hpl'],0.9449275362318841,0.0,0.013695716857910156,success,
spambase,ABS(word_freq_hpl),ABS,['word_freq_hpl'],0.9434782608695652,-0.0014492753623188692,0.011628150939941406,success,
spambase,LOG(word_freq_george),LOG,['word_freq_george'],0.9492753623188406,0.004347826086956497,0.031171798706054688,success,
spambase,SQRT(word_freq_george),SQRT,['word_freq_george'],0.9449275362318841,0.0,0.011035919189453125,success,
spambase,SQUARE(word_freq_george),SQUARE,['word_freq_george'],0.9449275362318841,0.0,0.011709213256835938,success,
spambase,ABS(word_freq_george),ABS,['word_freq_george'],0.9449275362318841,0.0,0.012392520904541016,success,
spambase,LOG(word_freq_650),LOG,['word_freq_650'],0.9449275362318841,0.0,0.02428150177001953,success,
spambase,SQRT(word_freq_650),SQRT,['word_freq_650'],0.9434782608695652,-0.0014492753623188692,0.01125645637512207,success,
spambase,SQUARE(word_freq_650),SQUARE,['word_freq_650'],0.9449275362318841,0.0,0.015558481216430664,success,
spambase,ABS(word_freq_650),ABS,['word_freq_650'],0.9434782608695652,-0.0014492753623188692,0.010358810424804688,success,
spambase,LOG(word_freq_lab),LOG,['word_freq_lab'],0.9449275362318841,0.0,0.03226590156555176,success,
spambase,SQRT(word_freq_lab),SQRT,['word_freq_lab'],0.9449275362318841,0.0,0.011291742324829102,success,
spambase,SQUARE(word_freq_lab),SQUARE,['word_freq_lab'],0.9434782608695652,-0.0014492753623188692,0.011060714721679688,success,
spambase,ABS(word_freq_lab),ABS,['word_freq_lab'],0.9449275362318841,0.0,0.01025843620300293,success,
spambase,LOG(word_freq_labs),LOG,['word_freq_labs'],0.9434782608695652,-0.0014492753623188692,0.03188681602478027,success,
spambase,SQRT(word_freq_labs),SQRT,['word_freq_labs'],0.9449275362318841,0.0,0.01042795181274414,success,
spambase,SQUARE(word_freq_labs),SQUARE,['word_freq_labs'],0.9434782608695652,-0.0014492753623188692,0.010668754577636719,success,
spambase,ABS(word_freq_labs),ABS,['word_freq_labs'],0.9434782608695652,-0.0014492753623188692,0.010759115219116211,success,
spambase,LOG(word_freq_telnet),LOG,['word_freq_telnet'],0.946376811594203,0.0014492753623188692,0.038175344467163086,success,
spambase,SQRT(word_freq_telnet),SQRT,['word_freq_telnet'],0.9449275362318841,0.0,0.010551214218139648,success,
spambase,SQUARE(word_freq_telnet),SQUARE,['word_freq_telnet'],0.9449275362318841,0.0,0.015670299530029297,success,
spambase,ABS(word_freq_telnet),ABS,['word_freq_telnet'],0.9449275362318841,0.0,0.011826515197753906,success,
spambase,LOG(word_freq_857),LOG,['word_freq_857'],0.9449275362318841,0.0,0.039946794509887695,success,
spambase,SQRT(word_freq_857),SQRT,['word_freq_857'],0.9449275362318841,0.0,0.010977029800415039,success,
spambase,SQUARE(word_freq_857),SQUARE,['word_freq_857'],0.9434782608695652,-0.0014492753623188692,0.011474847793579102,success,
spambase,ABS(word_freq_857),ABS,['word_freq_857'],0.9449275362318841,0.0,0.010557413101196289,success,
spambase,LOG(word_freq_data),LOG,['word_freq_data'],0.9434782608695652,-0.0014492753623188692,0.023585081100463867,success,
spambase,SQRT(word_freq_data),SQRT,['word_freq_data'],0.9434782608695652,-0.0014492753623188692,0.010632753372192383,success,
spambase,SQUARE(word_freq_data),SQUARE,['word_freq_data'],0.9449275362318841,0.0,0.01575446128845215,success,
spambase,ABS(word_freq_data),ABS,['word_freq_data'],0.9449275362318841,0.0,0.012598991394042969,success,
spambase,LOG(word_freq_415),LOG,['word_freq_415'],0.9449275362318841,0.0,0.03580141067504883,success,
spambase,SQRT(word_freq_415),SQRT,['word_freq_415'],0.9449275362318841,0.0,0.011072158813476562,success,
spambase,SQUARE(word_freq_415),SQUARE,['word_freq_415'],0.9449275362318841,0.0,0.012994050979614258,success,
spambase,ABS(word_freq_415),ABS,['word_freq_415'],0.9434782608695652,-0.0014492753623188692,0.011351823806762695,success,
spambase,LOG(word_freq_85),LOG,['word_freq_85'],0.9449275362318841,0.0,0.026648759841918945,success,
spambase,SQRT(word_freq_85),SQRT,['word_freq_85'],0.9449275362318841,0.0,0.010732412338256836,success,
spambase,SQUARE(word_freq_85),SQUARE,['word_freq_85'],0.9449275362318841,0.0,0.01254129409790039,success,
spambase,ABS(word_freq_85),ABS,['word_freq_85'],0.9449275362318841,0.0,0.012811899185180664,success,
spambase,LOG(word_freq_technology),LOG,['word_freq_technology'],0.9434782608695652,-0.0014492753623188692,0.026664257049560547,success,
spambase,SQRT(word_freq_technology),SQRT,['word_freq_technology'],0.9434782608695652,-0.0014492753623188692,0.011682271957397461,success,
spambase,SQUARE(word_freq_technology),SQUARE,['word_freq_technology'],0.9434782608695652,-0.0014492753623188692,0.01049351692199707,success,
spambase,ABS(word_freq_technology),ABS,['word_freq_technology'],0.9434782608695652,-0.0014492753623188692,0.01071929931640625,success,
spambase,LOG(word_freq_1999),LOG,['word_freq_1999'],0.9449275362318841,0.0,0.025596141815185547,success,
spambase,SQRT(word_freq_1999),SQRT,['word_freq_1999'],0.9449275362318841,0.0,0.010665178298950195,success,
spambase,SQUARE(word_freq_1999),SQUARE,['word_freq_1999'],0.9449275362318841,0.0,0.013077259063720703,success,
spambase,ABS(word_freq_1999),ABS,['word_freq_1999'],0.9434782608695652,-0.0014492753623188692,0.010746955871582031,success,
spambase,LOG(word_freq_parts),LOG,['word_freq_parts'],0.946376811594203,0.0014492753623188692,0.03392744064331055,success,
spambase,SQRT(word_freq_parts),SQRT,['word_freq_parts'],0.9449275362318841,0.0,0.011012792587280273,success,
spambase,SQUARE(word_freq_parts),SQUARE,['word_freq_parts'],0.9434782608695652,-0.0014492753623188692,0.010362386703491211,success,
spambase,ABS(word_freq_parts),ABS,['word_freq_parts'],0.9449275362318841,0.0,0.010093927383422852,success,
spambase,LOG(word_freq_pm),LOG,['word_freq_pm'],0.9449275362318841,0.0,0.028121471405029297,success,
spambase,SQRT(word_freq_pm),SQRT,['word_freq_pm'],0.9449275362318841,0.0,0.01256251335144043,success,
spambase,SQUARE(word_freq_pm),SQUARE,['word_freq_pm'],0.9449275362318841,0.0,0.011185407638549805,success,
spambase,ABS(word_freq_pm),ABS,['word_freq_pm'],0.946376811594203,0.0014492753623188692,0.010685920715332031,success,
spambase,LOG(word_freq_direct),LOG,['word_freq_direct'],0.9449275362318841,0.0,0.0244901180267334,success,
spambase,SQRT(word_freq_direct),SQRT,['word_freq_direct'],0.9449275362318841,0.0,0.010703563690185547,success,
spambase,SQUARE(word_freq_direct),SQUARE,['word_freq_direct'],0.9434782608695652,-0.0014492753623188692,0.010892152786254883,success,
spambase,ABS(word_freq_direct),ABS,['word_freq_direct'],0.9449275362318841,0.0,0.010317325592041016,success,
spambase,LOG(word_freq_cs),LOG,['word_freq_cs'],0.946376811594203,0.0014492753623188692,0.036934852600097656,success,
spambase,SQRT(word_freq_cs),SQRT,['word_freq_cs'],0.9449275362318841,0.0,0.011803150177001953,success,
spambase,SQUARE(word_freq_cs),SQUARE,['word_freq_cs'],0.9449275362318841,0.0,0.012790441513061523,success,
spambase,ABS(word_freq_cs),ABS,['word_freq_cs'],0.9449275362318841,0.0,0.01108551025390625,success,
spambase,LOG(word_freq_meeting),LOG,['word_freq_meeting'],0.9405797101449276,-0.004347826086956497,0.038884639739990234,success,
spambase,SQRT(word_freq_meeting),SQRT,['word_freq_meeting'],0.9449275362318841,0.0,0.012918472290039062,success,
spambase,SQUARE(word_freq_meeting),SQUARE,['word_freq_meeting'],0.9434782608695652,-0.0014492753623188692,0.011141538619995117,success,
spambase,ABS(word_freq_meeting),ABS,['word_freq_meeting'],0.9449275362318841,0.0,0.010802507400512695,success,
spambase,LOG(word_freq_original),LOG,['word_freq_original'],0.9449275362318841,0.0,0.03177309036254883,success,
spambase,SQRT(word_freq_original),SQRT,['word_freq_original'],0.9449275362318841,0.0,0.011075735092163086,success,
spambase,SQUARE(word_freq_original),SQUARE,['word_freq_original'],0.9449275362318841,0.0,0.01103353500366211,success,
spambase,ABS(word_freq_original),ABS,['word_freq_original'],0.9449275362318841,0.0,0.010668516159057617,success,
spambase,LOG(word_freq_project),LOG,['word_freq_project'],0.9449275362318841,0.0,0.03836321830749512,success,
spambase,SQRT(word_freq_project),SQRT,['word_freq_project'],0.9449275362318841,0.0,0.011698007583618164,success,
spambase,SQUARE(word_freq_project),SQUARE,['word_freq_project'],0.9449275362318841,0.0,0.010847806930541992,success,
spambase,ABS(word_freq_project),ABS,['word_freq_project'],0.9449275362318841,0.0,0.010978221893310547,success,
spambase,LOG(word_freq_re),LOG,['word_freq_re'],0.946376811594203,0.0014492753623188692,0.024168968200683594,success,
spambase,SQRT(word_freq_re),SQRT,['word_freq_re'],0.946376811594203,0.0014492753623188692,0.012614727020263672,success,
spambase,SQUARE(word_freq_re),SQUARE,['word_freq_re'],0.9478260869565217,0.0028985507246376274,0.010950326919555664,success,
spambase,ABS(word_freq_re),ABS,['word_freq_re'],0.9434782608695652,-0.0014492753623188692,0.010519027709960938,success,
spambase,LOG(word_freq_edu),LOG,['word_freq_edu'],0.9478260869565217,0.0028985507246376274,0.030584096908569336,success,
spambase,SQRT(word_freq_edu),SQRT,['word_freq_edu'],0.9449275362318841,0.0,0.01060938835144043,success,
spambase,SQUARE(word_freq_edu),SQUARE,['word_freq_edu'],0.9449275362318841,0.0,0.01509857177734375,success,
spambase,ABS(word_freq_edu),ABS,['word_freq_edu'],0.9449275362318841,0.0,0.012024641036987305,success,
spambase,LOG(word_freq_table),LOG,['word_freq_table'],0.9449275362318841,0.0,0.03648853302001953,success,
spambase,SQRT(word_freq_table),SQRT,['word_freq_table'],0.9449275362318841,0.0,0.011101245880126953,success,
spambase,SQUARE(word_freq_table),SQUARE,['word_freq_table'],0.9449275362318841,0.0,0.011368036270141602,success,
spambase,ABS(word_freq_table),ABS,['word_freq_table'],0.9449275362318841,0.0,0.010458707809448242,success,
spambase,LOG(word_freq_conference),LOG,['word_freq_conference'],0.9449275362318841,0.0,0.03704476356506348,success,
spambase,SQRT(word_freq_conference),SQRT,['word_freq_conference'],0.9449275362318841,0.0,0.01129603385925293,success,
spambase,SQUARE(word_freq_conference),SQUARE,['word_freq_conference'],0.9449275362318841,0.0,0.011199951171875,success,
spambase,ABS(word_freq_conference),ABS,['word_freq_conference'],0.9449275362318841,0.0,0.010964393615722656,success,
spambase,LOG(char_freq_%3B),LOG,['char_freq_%3B'],0.9420289855072463,-0.0028985507246377384,0.021810054779052734,success,
spambase,SQRT(char_freq_%3B),SQRT,['char_freq_%3B'],0.9420289855072463,-0.0028985507246377384,0.010412931442260742,success,
spambase,SQUARE(char_freq_%3B),SQUARE,['char_freq_%3B'],0.9434782608695652,-0.0014492753623188692,0.012618780136108398,success,
spambase,ABS(char_freq_%3B),ABS,['char_freq_%3B'],0.9434782608695652,-0.0014492753623188692,0.010483264923095703,success,
spambase,LOG(char_freq_%28),LOG,['char_freq_%28'],0.9449275362318841,0.0,0.023356199264526367,success,
spambase,SQRT(char_freq_%28),SQRT,['char_freq_%28'],0.9434782608695652,-0.0014492753623188692,0.011394023895263672,success,
spambase,SQUARE(char_freq_%28),SQUARE,['char_freq_%28'],0.9449275362318841,0.0,0.02344655990600586,success,
spambase,ABS(char_freq_%28),ABS,['char_freq_%28'],0.946376811594203,0.0014492753623188692,0.010688543319702148,success,
spambase,LOG(char_freq_%5B),LOG,['char_freq_%5B'],0.9434782608695652,-0.0014492753623188692,0.02192211151123047,success,
spambase,SQRT(char_freq_%5B),SQRT,['char_freq_%5B'],0.9449275362318841,0.0,0.011494636535644531,success,
spambase,SQUARE(char_freq_%5B),SQUARE,['char_freq_%5B'],0.9449275362318841,0.0,0.013698577880859375,success,
spambase,ABS(char_freq_%5B),ABS,['char_freq_%5B'],0.9449275362318841,0.0,0.012046337127685547,success,
spambase,LOG(char_freq_%21),LOG,['char_freq_%21'],0.946376811594203,0.0014492753623188692,0.021608352661132812,success,
spambase,SQRT(char_freq_%21),SQRT,['char_freq_%21'],0.9565217391304348,0.011594202898550732,0.010731220245361328,success,
spambase,SQUARE(char_freq_%21),SQUARE,['char_freq_%21'],0.9521739130434783,0.007246376811594235,0.013135671615600586,success,
spambase,ABS(char_freq_%21),ABS,['char_freq_%21'],0.9434782608695652,-0.0014492753623188692,0.01175999641418457,success,
spambase,LOG(char_freq_%24),LOG,['char_freq_%24'],0.9376811594202898,-0.007246376811594235,0.02131819725036621,success,
spambase,SQRT(char_freq_%24),SQRT,['char_freq_%24'],0.9420289855072463,-0.0028985507246377384,0.012109994888305664,success,
spambase,SQUARE(char_freq_%24),SQUARE,['char_freq_%24'],0.9449275362318841,0.0,0.02126932144165039,success,
spambase,ABS(char_freq_%24),ABS,['char_freq_%24'],0.9434782608695652,-0.0014492753623188692,0.010064125061035156,success,
spambase,LOG(char_freq_%23),LOG,['char_freq_%23'],0.9434782608695652,-0.0014492753623188692,0.019090890884399414,success,
spambase,SQRT(char_freq_%23),SQRT,['char_freq_%23'],0.9449275362318841,0.0,0.011017322540283203,success,
spambase,SQUARE(char_freq_%23),SQUARE,['char_freq_%23'],0.9449275362318841,0.0,0.011934041976928711,success,
spambase,ABS(char_freq_%23),ABS,['char_freq_%23'],0.9449275362318841,0.0,0.010469675064086914,success,
spambase,LOG(capital_run_length_average),LOG,['capital_run_length_average'],0.9492753623188406,0.004347826086956497,0.0186614990234375,success,
spambase,SQRT(capital_run_length_average),SQRT,['capital_run_length_average'],0.946376811594203,0.0014492753623188692,0.010995149612426758,success,
spambase,SQUARE(capital_run_length_average),SQUARE,['capital_run_length_average'],0.9434782608695652,-0.0014492753623188692,0.024175643920898438,success,
spambase,ABS(capital_run_length_average),ABS,['capital_run_length_average'],0.9550724637681159,0.010144927536231862,0.013112306594848633,success,
spambase,LOG(capital_run_length_longest),LOG,['capital_run_length_longest'],0.9507246376811594,0.005797101449275366,0.028778076171875,success,
spambase,SQRT(capital_run_length_longest),SQRT,['capital_run_length_longest'],0.9449275362318841,0.0,0.011213302612304688,success,
spambase,SQUARE(capital_run_length_longest),SQUARE,['capital_run_length_longest'],0.9449275362318841,0.0,0.0317997932434082,success,
spambase,ABS(capital_run_length_longest),ABS,['capital_run_length_longest'],0.9565217391304348,0.011594202898550732,0.01123952865600586,success,
spambase,LOG(capital_run_length_total),LOG,['capital_run_length_total'],0.9478260869565217,0.0028985507246376274,0.019861221313476562,success,
spambase,SQRT(capital_run_length_total),SQRT,['capital_run_length_total'],0.946376811594203,0.0014492753623188692,0.010667562484741211,success,
spambase,SQUARE(capital_run_length_total),SQUARE,['capital_run_length_total'],0.9478260869565217,0.0028985507246376274,0.023247241973876953,success,
spambase,ABS(capital_run_length_total),ABS,['capital_run_length_total'],0.9434782608695652,-0.0014492753623188692,0.010394573211669922,success,
spambase,"ADD(word_freq_make,word_freq_address)",ADD,"['word_freq_make', 'word_freq_address']",0.9449275362318841,0.0,0.010678529739379883,success,
spambase,"SUB(word_freq_make,word_freq_address)",SUB,"['word_freq_make', 'word_freq_address']",0.9449275362318841,0.0,0.010683536529541016,success,
spambase,"MUL(word_freq_make,word_freq_address)",MUL,"['word_freq_make', 'word_freq_address']",0.9449275362318841,0.0,0.010572433471679688,success,
spambase,"DIV(word_freq_make,word_freq_address)",DIV,"['word_freq_make', 'word_freq_address']",0.9449275362318841,0.0,0.03128552436828613,success,
spambase,"ADD(word_freq_make,word_freq_all)",ADD,"['word_freq_make', 'word_freq_all']",0.9449275362318841,0.0,0.011391162872314453,success,
spambase,"SUB(word_freq_make,word_freq_all)",SUB,"['word_freq_make', 'word_freq_all']",0.9449275362318841,0.0,0.01122593879699707,success,
spambase,"MUL(word_freq_make,word_freq_all)",MUL,"['word_freq_make', 'word_freq_all']",0.9449275362318841,0.0,0.010828495025634766,success,
spambase,"DIV(word_freq_make,word_freq_all)",DIV,"['word_freq_make', 'word_freq_all']",0.9449275362318841,0.0,0.013792753219604492,success,
spambase,"ADD(word_freq_make,word_freq_3d)",ADD,"['word_freq_make', 'word_freq_3d']",0.9449275362318841,0.0,0.010173797607421875,success,
spambase,"SUB(word_freq_make,word_freq_3d)",SUB,"['word_freq_make', 'word_freq_3d']",0.9449275362318841,0.0,0.010545730590820312,success,
spambase,"MUL(word_freq_make,word_freq_3d)",MUL,"['word_freq_make', 'word_freq_3d']",0.9449275362318841,0.0,0.010489463806152344,success,
spambase,"DIV(word_freq_make,word_freq_3d)",DIV,"['word_freq_make', 'word_freq_3d']",0.9449275362318841,0.0,0.04883170127868652,success,
spambase,"ADD(word_freq_make,word_freq_our)",ADD,"['word_freq_make', 'word_freq_our']",0.9449275362318841,0.0,0.010235786437988281,success,
spambase,"SUB(word_freq_make,word_freq_our)",SUB,"['word_freq_make', 'word_freq_our']",0.9449275362318841,0.0,0.010388612747192383,success,
spambase,"MUL(word_freq_make,word_freq_our)",MUL,"['word_freq_make', 'word_freq_our']",0.9434782608695652,-0.0014492753623188692,0.010670661926269531,success,
spambase,"DIV(word_freq_make,word_freq_our)",DIV,"['word_freq_make', 'word_freq_our']",0.9492753623188406,0.004347826086956497,0.015415191650390625,success,
spambase,"ADD(word_freq_make,word_freq_over)",ADD,"['word_freq_make', 'word_freq_over']",0.9449275362318841,0.0,0.011356592178344727,success,
spambase,"SUB(word_freq_make,word_freq_over)",SUB,"['word_freq_make', 'word_freq_over']",0.9449275362318841,0.0,0.011017799377441406,success,
spambase,"MUL(word_freq_make,word_freq_over)",MUL,"['word_freq_make', 'word_freq_over']",0.9420289855072463,-0.0028985507246377384,0.010442733764648438,success,
spambase,"DIV(word_freq_make,word_freq_over)",DIV,"['word_freq_make', 'word_freq_over']",0.9449275362318841,0.0,0.01208043098449707,success,
spambase,"ADD(word_freq_make,word_freq_remove)",ADD,"['word_freq_make', 'word_freq_remove']",0.9449275362318841,0.0,0.010386228561401367,success,
spambase,"SUB(word_freq_make,word_freq_remove)",SUB,"['word_freq_make', 'word_freq_remove']",0.9449275362318841,0.0,0.01085209846496582,success,
spambase,"MUL(word_freq_make,word_freq_remove)",MUL,"['word_freq_make', 'word_freq_remove']",0.9449275362318841,0.0,0.010493278503417969,success,
spambase,"DIV(word_freq_make,word_freq_remove)",DIV,"['word_freq_make', 'word_freq_remove']",0.9449275362318841,0.0,0.013713836669921875,success,
spambase,"ADD(word_freq_make,word_freq_internet)",ADD,"['word_freq_make', 'word_freq_internet']",0.9449275362318841,0.0,0.010399341583251953,success,
spambase,"SUB(word_freq_make,word_freq_internet)",SUB,"['word_freq_make', 'word_freq_internet']",0.9449275362318841,0.0,0.011483192443847656,success,
spambase,"MUL(word_freq_make,word_freq_internet)",MUL,"['word_freq_make', 'word_freq_internet']",0.9449275362318841,0.0,0.010494709014892578,success,
spambase,"DIV(word_freq_make,word_freq_internet)",DIV,"['word_freq_make', 'word_freq_internet']",0.9449275362318841,0.0,0.012881278991699219,success,
spambase,"ADD(word_freq_make,word_freq_order)",ADD,"['word_freq_make', 'word_freq_order']",0.9449275362318841,0.0,0.01118779182434082,success,
spambase,"SUB(word_freq_make,word_freq_order)",SUB,"['word_freq_make', 'word_freq_order']",0.9449275362318841,0.0,0.01091313362121582,success,
spambase,"MUL(word_freq_make,word_freq_order)",MUL,"['word_freq_make', 'word_freq_order']",0.946376811594203,0.0014492753623188692,0.011171817779541016,success,
spambase,"DIV(word_freq_make,word_freq_order)",DIV,"['word_freq_make', 'word_freq_order']",0.9434782608695652,-0.0014492753623188692,0.014971017837524414,success,
spambase,"ADD(word_freq_make,word_freq_mail)",ADD,"['word_freq_make', 'word_freq_mail']",0.9449275362318841,0.0,0.011197566986083984,success,
spambase,"SUB(word_freq_make,word_freq_mail)",SUB,"['word_freq_make', 'word_freq_mail']",0.9449275362318841,0.0,0.011168718338012695,success,
spambase,"MUL(word_freq_make,word_freq_mail)",MUL,"['word_freq_make', 'word_freq_mail']",0.9434782608695652,-0.0014492753623188692,0.011079549789428711,success,
spambase,"DIV(word_freq_make,word_freq_mail)",DIV,"['word_freq_make', 'word_freq_mail']",0.9449275362318841,0.0,0.015827417373657227,success,
spambase,"ADD(word_freq_make,word_freq_receive)",ADD,"['word_freq_make', 'word_freq_receive']",0.9449275362318841,0.0,0.011512279510498047,success,
spambase,"SUB(word_freq_make,word_freq_receive)",SUB,"['word_freq_make', 'word_freq_receive']",0.9449275362318841,0.0,0.010836362838745117,success,
spambase,"MUL(word_freq_make,word_freq_receive)",MUL,"['word_freq_make', 'word_freq_receive']",0.9405797101449276,-0.004347826086956497,0.011222362518310547,success,
spambase,"DIV(word_freq_make,word_freq_receive)",DIV,"['word_freq_make', 'word_freq_receive']",0.9449275362318841,0.0,0.013765573501586914,success,
spambase,"ADD(word_freq_make,word_freq_will)",ADD,"['word_freq_make', 'word_freq_will']",0.9449275362318841,0.0,0.010825634002685547,success,
spambase,"SUB(word_freq_make,word_freq_will)",SUB,"['word_freq_make', 'word_freq_will']",0.9449275362318841,0.0,0.010101795196533203,success,
spambase,"MUL(word_freq_make,word_freq_will)",MUL,"['word_freq_make', 'word_freq_will']",0.9420289855072463,-0.0028985507246377384,0.011449098587036133,success,
spambase,"DIV(word_freq_make,word_freq_will)",DIV,"['word_freq_make', 'word_freq_will']",0.9449275362318841,0.0,0.017125844955444336,success,
spambase,"ADD(word_freq_make,word_freq_people)",ADD,"['word_freq_make', 'word_freq_people']",0.9449275362318841,0.0,0.010868072509765625,success,
spambase,"SUB(word_freq_make,word_freq_people)",SUB,"['word_freq_make', 'word_freq_people']",0.9449275362318841,0.0,0.010353565216064453,success,
spambase,"MUL(word_freq_make,word_freq_people)",MUL,"['word_freq_make', 'word_freq_people']",0.9449275362318841,0.0,0.01017451286315918,success,
spambase,"DIV(word_freq_make,word_freq_people)",DIV,"['word_freq_make', 'word_freq_people']",0.9449275362318841,0.0,0.012049674987792969,success,
spambase,"ADD(word_freq_make,word_freq_report)",ADD,"['word_freq_make', 'word_freq_report']",0.9449275362318841,0.0,0.010575294494628906,success,
spambase,"SUB(word_freq_make,word_freq_report)",SUB,"['word_freq_make', 'word_freq_report']",0.9449275362318841,0.0,0.011695623397827148,success,
spambase,"MUL(word_freq_make,word_freq_report)",MUL,"['word_freq_make', 'word_freq_report']",0.9434782608695652,-0.0014492753623188692,0.01039266586303711,success,
spambase,"DIV(word_freq_make,word_freq_report)",DIV,"['word_freq_make', 'word_freq_report']",0.9449275362318841,0.0,0.013631343841552734,success,
spambase,"ADD(word_freq_make,word_freq_addresses)",ADD,"['word_freq_make', 'word_freq_addresses']",0.9449275362318841,0.0,0.010244369506835938,success,
spambase,"SUB(word_freq_make,word_freq_addresses)",SUB,"['word_freq_make', 'word_freq_addresses']",0.9449275362318841,0.0,0.011830568313598633,success,
spambase,"MUL(word_freq_make,word_freq_addresses)",MUL,"['word_freq_make', 'word_freq_addresses']",0.9449275362318841,0.0,0.010568857192993164,success,
spambase,"DIV(word_freq_make,word_freq_addresses)",DIV,"['word_freq_make', 'word_freq_addresses']",0.9449275362318841,0.0,0.014962911605834961,success,
spambase,"ADD(word_freq_make,word_freq_free)",ADD,"['word_freq_make', 'word_freq_free']",0.9449275362318841,0.0,0.010637044906616211,success,
spambase,"SUB(word_freq_make,word_freq_free)",SUB,"['word_freq_make', 'word_freq_free']",0.9449275362318841,0.0,0.01098179817199707,success,
spambase,"MUL(word_freq_make,word_freq_free)",MUL,"['word_freq_make', 'word_freq_free']",0.9449275362318841,0.0,0.010406017303466797,success,
spambase,"DIV(word_freq_make,word_freq_free)",DIV,"['word_freq_make', 'word_freq_free']",0.9449275362318841,0.0,0.01820659637451172,success,
spambase,"ADD(word_freq_make,word_freq_business)",ADD,"['word_freq_make', 'word_freq_business']",0.9449275362318841,0.0,0.010946512222290039,success,
spambase,"SUB(word_freq_make,word_freq_business)",SUB,"['word_freq_make', 'word_freq_business']",0.9449275362318841,0.0,0.01098179817199707,success,
spambase,"MUL(word_freq_make,word_freq_business)",MUL,"['word_freq_make', 'word_freq_business']",0.946376811594203,0.0014492753623188692,0.011079072952270508,success,
spambase,"DIV(word_freq_make,word_freq_business)",DIV,"['word_freq_make', 'word_freq_business']",0.9434782608695652,-0.0014492753623188692,0.017858028411865234,success,
spambase,"ADD(word_freq_make,word_freq_email)",ADD,"['word_freq_make', 'word_freq_email']",0.9449275362318841,0.0,0.01076364517211914,success,
spambase,"SUB(word_freq_make,word_freq_email)",SUB,"['word_freq_make', 'word_freq_email']",0.9449275362318841,0.0,0.011277914047241211,success,
spambase,"MUL(word_freq_make,word_freq_email)",MUL,"['word_freq_make', 'word_freq_email']",0.9434782608695652,-0.0014492753623188692,0.010596036911010742,success,
spambase,"DIV(word_freq_make,word_freq_email)",DIV,"['word_freq_make', 'word_freq_email']",0.9449275362318841,0.0,0.02135467529296875,success,
spambase,"ADD(word_freq_make,word_freq_you)",ADD,"['word_freq_make', 'word_freq_you']",0.9449275362318841,0.0,0.010579347610473633,success,
spambase,"SUB(word_freq_make,word_freq_you)",SUB,"['word_freq_make', 'word_freq_you']",0.9449275362318841,0.0,0.011048078536987305,success,
spambase,"MUL(word_freq_make,word_freq_you)",MUL,"['word_freq_make', 'word_freq_you']",0.9434782608695652,-0.0014492753623188692,0.010415792465209961,success,
spambase,"DIV(word_freq_make,word_freq_you)",DIV,"['word_freq_make', 'word_freq_you']",0.9449275362318841,0.0,0.05551409721374512,success,
spambase,"ADD(word_freq_make,word_freq_credit)",ADD,"['word_freq_make', 'word_freq_credit']",0.9449275362318841,0.0,0.010958671569824219,success,
spambase,"SUB(word_freq_make,word_freq_credit)",SUB,"['word_freq_make', 'word_freq_credit']",0.9449275362318841,0.0,0.010519742965698242,success,
spambase,"MUL(word_freq_make,word_freq_credit)",MUL,"['word_freq_make', 'word_freq_credit']",0.9449275362318841,0.0,0.010091304779052734,success,
spambase,"DIV(word_freq_make,word_freq_credit)",DIV,"['word_freq_make', 'word_freq_credit']",0.9434782608695652,-0.0014492753623188692,0.015513420104980469,success,
spambase,"ADD(word_freq_address,word_freq_all)",ADD,"['word_freq_address', 'word_freq_all']",0.9449275362318841,0.0,0.010732173919677734,success,
spambase,"SUB(word_freq_address,word_freq_all)",SUB,"['word_freq_address', 'word_freq_all']",0.9449275362318841,0.0,0.011720418930053711,success,
spambase,"MUL(word_freq_address,word_freq_all)",MUL,"['word_freq_address', 'word_freq_all']",0.946376811594203,0.0014492753623188692,0.01147150993347168,success,
spambase,"DIV(word_freq_address,word_freq_all)",DIV,"['word_freq_address', 'word_freq_all']",0.9449275362318841,0.0,0.011843442916870117,success,
spambase,"ADD(word_freq_address,word_freq_3d)",ADD,"['word_freq_address', 'word_freq_3d']",0.9449275362318841,0.0,0.010421276092529297,success,
spambase,"SUB(word_freq_address,word_freq_3d)",SUB,"['word_freq_address', 'word_freq_3d']",0.9449275362318841,0.0,0.010262250900268555,success,
spambase,"MUL(word_freq_address,word_freq_3d)",MUL,"['word_freq_address', 'word_freq_3d']",0.9449275362318841,0.0,0.01062631607055664,success,
spambase,"DIV(word_freq_address,word_freq_3d)",DIV,"['word_freq_address', 'word_freq_3d']",0.9449275362318841,0.0,0.02963995933532715,success,
spambase,"ADD(word_freq_address,word_freq_our)",ADD,"['word_freq_address', 'word_freq_our']",0.9449275362318841,0.0,0.01032710075378418,success,
spambase,"SUB(word_freq_address,word_freq_our)",SUB,"['word_freq_address', 'word_freq_our']",0.9449275362318841,0.0,0.009862184524536133,success,
spambase,"MUL(word_freq_address,word_freq_our)",MUL,"['word_freq_address', 'word_freq_our']",0.9449275362318841,0.0,0.009931564331054688,success,
spambase,"DIV(word_freq_address,word_freq_our)",DIV,"['word_freq_address', 'word_freq_our']",0.9478260869565217,0.0028985507246376274,0.011487245559692383,success,
spambase,"ADD(word_freq_address,word_freq_over)",ADD,"['word_freq_address', 'word_freq_over']",0.9449275362318841,0.0,0.010569095611572266,success,
spambase,"SUB(word_freq_address,word_freq_over)",SUB,"['word_freq_address', 'word_freq_over']",0.9449275362318841,0.0,0.010289669036865234,success,
spambase,"MUL(word_freq_address,word_freq_over)",MUL,"['word_freq_address', 'word_freq_over']",0.9449275362318841,0.0,0.010023117065429688,success,
spambase,"DIV(word_freq_address,word_freq_over)",DIV,"['word_freq_address', 'word_freq_over']",0.9449275362318841,0.0,0.011101007461547852,success,
spambase,"ADD(word_freq_address,word_freq_remove)",ADD,"['word_freq_address', 'word_freq_remove']",0.9449275362318841,0.0,0.010419845581054688,success,
spambase,"SUB(word_freq_address,word_freq_remove)",SUB,"['word_freq_address', 'word_freq_remove']",0.9449275362318841,0.0,0.010441303253173828,success,
spambase,"MUL(word_freq_address,word_freq_remove)",MUL,"['word_freq_address', 'word_freq_remove']",0.9449275362318841,0.0,0.01089024543762207,success,
spambase,"DIV(word_freq_address,word_freq_remove)",DIV,"['word_freq_address', 'word_freq_remove']",0.9449275362318841,0.0,0.011600017547607422,success,
spambase,"ADD(word_freq_address,word_freq_internet)",ADD,"['word_freq_address', 'word_freq_internet']",0.9449275362318841,0.0,0.010932683944702148,success,
spambase,"SUB(word_freq_address,word_freq_internet)",SUB,"['word_freq_address', 'word_freq_internet']",0.9449275362318841,0.0,0.010236024856567383,success,
spambase,"MUL(word_freq_address,word_freq_internet)",MUL,"['word_freq_address', 'word_freq_internet']",0.9434782608695652,-0.0014492753623188692,0.010567903518676758,success,
spambase,"DIV(word_freq_address,word_freq_internet)",DIV,"['word_freq_address', 'word_freq_internet']",0.9449275362318841,0.0,0.011081695556640625,success,
spambase,"ADD(word_freq_address,word_freq_order)",ADD,"['word_freq_address', 'word_freq_order']",0.9449275362318841,0.0,0.010175228118896484,success,
spambase,"SUB(word_freq_address,word_freq_order)",SUB,"['word_freq_address', 'word_freq_order']",0.9449275362318841,0.0,0.010841846466064453,success,
spambase,"MUL(word_freq_address,word_freq_order)",MUL,"['word_freq_address', 'word_freq_order']",0.946376811594203,0.0014492753623188692,0.010445117950439453,success,
spambase,"DIV(word_freq_address,word_freq_order)",DIV,"['word_freq_address', 'word_freq_order']",0.9449275362318841,0.0,0.011647939682006836,success,
spambase,"ADD(word_freq_address,word_freq_mail)",ADD,"['word_freq_address', 'word_freq_mail']",0.9449275362318841,0.0,0.010448932647705078,success,
spambase,"SUB(word_freq_address,word_freq_mail)",SUB,"['word_freq_address', 'word_freq_mail']",0.9449275362318841,0.0,0.011406183242797852,success,
spambase,"MUL(word_freq_address,word_freq_mail)",MUL,"['word_freq_address', 'word_freq_mail']",0.9449275362318841,0.0,0.009953737258911133,success,
spambase,"DIV(word_freq_address,word_freq_mail)",DIV,"['word_freq_address', 'word_freq_mail']",0.9420289855072463,-0.0028985507246377384,0.010615110397338867,success,
spambase,"ADD(word_freq_address,word_freq_receive)",ADD,"['word_freq_address', 'word_freq_receive']",0.9449275362318841,0.0,0.011569023132324219,success,
spambase,"SUB(word_freq_address,word_freq_receive)",SUB,"['word_freq_address', 'word_freq_receive']",0.9449275362318841,0.0,0.010839462280273438,success,
spambase,"MUL(word_freq_address,word_freq_receive)",MUL,"['word_freq_address', 'word_freq_receive']",0.9449275362318841,0.0,0.010443687438964844,success,
spambase,"DIV(word_freq_address,word_freq_receive)",DIV,"['word_freq_address', 'word_freq_receive']",0.9449275362318841,0.0,0.011385440826416016,success,
spambase,"ADD(word_freq_address,word_freq_will)",ADD,"['word_freq_address', 'word_freq_will']",0.9449275362318841,0.0,0.010524511337280273,success,
spambase,"SUB(word_freq_address,word_freq_will)",SUB,"['word_freq_address', 'word_freq_will']",0.9449275362318841,0.0,0.013232946395874023,success,
spambase,"MUL(word_freq_address,word_freq_will)",MUL,"['word_freq_address', 'word_freq_will']",0.946376811594203,0.0014492753623188692,0.012121915817260742,success,
spambase,"DIV(word_freq_address,word_freq_will)",DIV,"['word_freq_address', 'word_freq_will']",0.9449275362318841,0.0,0.012441873550415039,success,
spambase,"ADD(word_freq_address,word_freq_people)",ADD,"['word_freq_address', 'word_freq_people']",0.9449275362318841,0.0,0.01084280014038086,success,
spambase,"SUB(word_freq_address,word_freq_people)",SUB,"['word_freq_address', 'word_freq_people']",0.9449275362318841,0.0,0.010761022567749023,success,
spambase,"MUL(word_freq_address,word_freq_people)",MUL,"['word_freq_address', 'word_freq_people']",0.9434782608695652,-0.0014492753623188692,0.01033473014831543,success,
spambase,"DIV(word_freq_address,word_freq_people)",DIV,"['word_freq_address', 'word_freq_people']",0.9449275362318841,0.0,0.011141538619995117,success,
spambase,"ADD(word_freq_address,word_freq_report)",ADD,"['word_freq_address', 'word_freq_report']",0.9449275362318841,0.0,0.010658502578735352,success,
spambase,"SUB(word_freq_address,word_freq_report)",SUB,"['word_freq_address', 'word_freq_report']",0.9449275362318841,0.0,0.011150121688842773,success,
spambase,"MUL(word_freq_address,word_freq_report)",MUL,"['word_freq_address', 'word_freq_report']",0.9449275362318841,0.0,0.010055065155029297,success,
spambase,"DIV(word_freq_address,word_freq_report)",DIV,"['word_freq_address', 'word_freq_report']",0.9434782608695652,-0.0014492753623188692,0.013677120208740234,success,
spambase,"ADD(word_freq_address,word_freq_addresses)",ADD,"['word_freq_address', 'word_freq_addresses']",0.9449275362318841,0.0,0.010152578353881836,success,
spambase,"SUB(word_freq_address,word_freq_addresses)",SUB,"['word_freq_address', 'word_freq_addresses']",0.9449275362318841,0.0,0.010297060012817383,success,
spambase,"MUL(word_freq_address,word_freq_addresses)",MUL,"['word_freq_address', 'word_freq_addresses']",0.9449275362318841,0.0,0.010644674301147461,success,
spambase,"DIV(word_freq_address,word_freq_addresses)",DIV,"['word_freq_address', 'word_freq_addresses']",0.9449275362318841,0.0,0.012357234954833984,success,
spambase,"ADD(word_freq_address,word_freq_free)",ADD,"['word_freq_address', 'word_freq_free']",0.9449275362318841,0.0,0.010268688201904297,success,
spambase,"SUB(word_freq_address,word_freq_free)",SUB,"['word_freq_address', 'word_freq_free']",0.9449275362318841,0.0,0.011017560958862305,success,
spambase,"MUL(word_freq_address,word_freq_free)",MUL,"['word_freq_address', 'word_freq_free']",0.9449275362318841,0.0,0.011198282241821289,success,
spambase,"DIV(word_freq_address,word_freq_free)",DIV,"['word_freq_address', 'word_freq_free']",0.946376811594203,0.0014492753623188692,0.016974210739135742,success,
spambase,"ADD(word_freq_address,word_freq_business)",ADD,"['word_freq_address', 'word_freq_business']",0.9449275362318841,0.0,0.010556459426879883,success,
spambase,"SUB(word_freq_address,word_freq_business)",SUB,"['word_freq_address', 'word_freq_business']",0.9449275362318841,0.0,0.010534286499023438,success,
spambase,"MUL(word_freq_address,word_freq_business)",MUL,"['word_freq_address', 'word_freq_business']",0.946376811594203,0.0014492753623188692,0.01111459732055664,success,
spambase,"DIV(word_freq_address,word_freq_business)",DIV,"['word_freq_address', 'word_freq_business']",0.9434782608695652,-0.0014492753623188692,0.013425350189208984,success,
spambase,"ADD(word_freq_address,word_freq_email)",ADD,"['word_freq_address', 'word_freq_email']",0.9449275362318841,0.0,0.010760784149169922,success,
spambase,"SUB(word_freq_address,word_freq_email)",SUB,"['word_freq_address', 'word_freq_email']",0.9449275362318841,0.0,0.012427091598510742,success,
spambase,"MUL(word_freq_address,word_freq_email)",MUL,"['word_freq_address', 'word_freq_email']",0.9521739130434783,0.007246376811594235,0.010753393173217773,success,
spambase,"DIV(word_freq_address,word_freq_email)",DIV,"['word_freq_address', 'word_freq_email']",0.9449275362318841,0.0,0.03715252876281738,success,
spambase,"ADD(word_freq_address,word_freq_you)",ADD,"['word_freq_address', 'word_freq_you']",0.9449275362318841,0.0,0.010231494903564453,success,
spambase,"SUB(word_freq_address,word_freq_you)",SUB,"['word_freq_address', 'word_freq_you']",0.9449275362318841,0.0,0.010063409805297852,success,
spambase,"MUL(word_freq_address,word_freq_you)",MUL,"['word_freq_address', 'word_freq_you']",0.9449275362318841,0.0,0.011530637741088867,success,
spambase,"DIV(word_freq_address,word_freq_you)",DIV,"['word_freq_address', 'word_freq_you']",0.946376811594203,0.0014492753623188692,0.02393054962158203,success,
spambase,"ADD(word_freq_address,word_freq_credit)",ADD,"['word_freq_address', 'word_freq_credit']",0.9449275362318841,0.0,0.010536432266235352,success,
spambase,"SUB(word_freq_address,word_freq_credit)",SUB,"['word_freq_address', 'word_freq_credit']",0.9449275362318841,0.0,0.010584354400634766,success,
spambase,"MUL(word_freq_address,word_freq_credit)",MUL,"['word_freq_address', 'word_freq_credit']",0.9434782608695652,-0.0014492753623188692,0.012679338455200195,success,
spambase,"DIV(word_freq_address,word_freq_credit)",DIV,"['word_freq_address', 'word_freq_credit']",0.9449275362318841,0.0,0.01396632194519043,success,
spambase,"ADD(word_freq_all,word_freq_3d)",ADD,"['word_freq_all', 'word_freq_3d']",0.9449275362318841,0.0,0.01099395751953125,success,
spambase,"SUB(word_freq_all,word_freq_3d)",SUB,"['word_freq_all', 'word_freq_3d']",0.9449275362318841,0.0,0.010941267013549805,success,
spambase,"MUL(word_freq_all,word_freq_3d)",MUL,"['word_freq_all', 'word_freq_3d']",0.9449275362318841,0.0,0.010957002639770508,success,
spambase,"DIV(word_freq_all,word_freq_3d)",DIV,"['word_freq_all', 'word_freq_3d']",0.9449275362318841,0.0,0.053916215896606445,success,
spambase,"ADD(word_freq_all,word_freq_our)",ADD,"['word_freq_all', 'word_freq_our']",0.9449275362318841,0.0,0.010559320449829102,success,
spambase,"SUB(word_freq_all,word_freq_our)",SUB,"['word_freq_all', 'word_freq_our']",0.9449275362318841,0.0,0.010803461074829102,success,
spambase,"MUL(word_freq_all,word_freq_our)",MUL,"['word_freq_all', 'word_freq_our']",0.9449275362318841,0.0,0.010344982147216797,success,
spambase,"DIV(word_freq_all,word_freq_our)",DIV,"['word_freq_all', 'word_freq_our']",0.9492753623188406,0.004347826086956497,0.024384737014770508,success,
spambase,"ADD(word_freq_all,word_freq_over)",ADD,"['word_freq_all', 'word_freq_over']",0.9449275362318841,0.0,0.010974407196044922,success,
spambase,"SUB(word_freq_all,word_freq_over)",SUB,"['word_freq_all', 'word_freq_over']",0.9449275362318841,0.0,0.010604381561279297,success,
spambase,"MUL(word_freq_all,word_freq_over)",MUL,"['word_freq_all', 'word_freq_over']",0.9449275362318841,0.0,0.010252952575683594,success,
spambase,"DIV(word_freq_all,word_freq_over)",DIV,"['word_freq_all', 'word_freq_over']",0.9449275362318841,0.0,0.014149188995361328,success,
spambase,"ADD(word_freq_all,word_freq_remove)",ADD,"['word_freq_all', 'word_freq_remove']",0.9449275362318841,0.0,0.010883808135986328,success,
spambase,"SUB(word_freq_all,word_freq_remove)",SUB,"['word_freq_all', 'word_freq_remove']",0.9449275362318841,0.0,0.010085821151733398,success,
spambase,"MUL(word_freq_all,word_freq_remove)",MUL,"['word_freq_all', 'word_freq_remove']",0.9449275362318841,0.0,0.010672807693481445,success,
spambase,"DIV(word_freq_all,word_freq_remove)",DIV,"['word_freq_all', 'word_freq_remove']",0.9449275362318841,0.0,0.01376485824584961,success,
spambase,"ADD(word_freq_all,word_freq_internet)",ADD,"['word_freq_all', 'word_freq_internet']",0.9449275362318841,0.0,0.011223793029785156,success,
spambase,"SUB(word_freq_all,word_freq_internet)",SUB,"['word_freq_all', 'word_freq_internet']",0.9449275362318841,0.0,0.010549306869506836,success,
spambase,"MUL(word_freq_all,word_freq_internet)",MUL,"['word_freq_all', 'word_freq_internet']",0.9449275362318841,0.0,0.010495901107788086,success,
spambase,"DIV(word_freq_all,word_freq_internet)",DIV,"['word_freq_all', 'word_freq_internet']",0.9449275362318841,0.0,0.01459646224975586,success,
spambase,"ADD(word_freq_all,word_freq_order)",ADD,"['word_freq_all', 'word_freq_order']",0.9449275362318841,0.0,0.010863304138183594,success,
spambase,"SUB(word_freq_all,word_freq_order)",SUB,"['word_freq_all', 'word_freq_order']",0.9449275362318841,0.0,0.010902881622314453,success,
spambase,"MUL(word_freq_all,word_freq_order)",MUL,"['word_freq_all', 'word_freq_order']",0.9391304347826087,-0.005797101449275366,0.010463714599609375,success,
spambase,"DIV(word_freq_all,word_freq_order)",DIV,"['word_freq_all', 'word_freq_order']",0.946376811594203,0.0014492753623188692,0.013331413269042969,success,
spambase,"ADD(word_freq_all,word_freq_mail)",ADD,"['word_freq_all', 'word_freq_mail']",0.9449275362318841,0.0,0.010930776596069336,success,
spambase,"SUB(word_freq_all,word_freq_mail)",SUB,"['word_freq_all', 'word_freq_mail']",0.9449275362318841,0.0,0.011701583862304688,success,
spambase,"MUL(word_freq_all,word_freq_mail)",MUL,"['word_freq_all', 'word_freq_mail']",0.9449275362318841,0.0,0.010381698608398438,success,
spambase,"DIV(word_freq_all,word_freq_mail)",DIV,"['word_freq_all', 'word_freq_mail']",0.9449275362318841,0.0,0.015075922012329102,success,
spambase,"ADD(word_freq_all,word_freq_receive)",ADD,"['word_freq_all', 'word_freq_receive']",0.9449275362318841,0.0,0.010649919509887695,success,
spambase,"SUB(word_freq_all,word_freq_receive)",SUB,"['word_freq_all', 'word_freq_receive']",0.9449275362318841,0.0,0.011404275894165039,success,
spambase,"MUL(word_freq_all,word_freq_receive)",MUL,"['word_freq_all', 'word_freq_receive']",0.9449275362318841,0.0,0.01039886474609375,success,
spambase,"DIV(word_freq_all,word_freq_receive)",DIV,"['word_freq_all', 'word_freq_receive']",0.9449275362318841,0.0,0.012812137603759766,success,
spambase,"ADD(word_freq_all,word_freq_will)",ADD,"['word_freq_all', 'word_freq_will']",0.9449275362318841,0.0,0.011797666549682617,success,
spambase,"SUB(word_freq_all,word_freq_will)",SUB,"['word_freq_all', 'word_freq_will']",0.9449275362318841,0.0,0.012100458145141602,success,
spambase,"MUL(word_freq_all,word_freq_will)",MUL,"['word_freq_all', 'word_freq_will']",0.9434782608695652,-0.0014492753623188692,0.009899139404296875,success,
spambase,"DIV(word_freq_all,word_freq_will)",DIV,"['word_freq_all', 'word_freq_will']",0.9449275362318841,0.0,0.02099776268005371,success,
spambase,"ADD(word_freq_all,word_freq_people)",ADD,"['word_freq_all', 'word_freq_people']",0.9449275362318841,0.0,0.010948896408081055,success,
spambase,"SUB(word_freq_all,word_freq_people)",SUB,"['word_freq_all', 'word_freq_people']",0.9449275362318841,0.0,0.011309146881103516,success,
spambase,"MUL(word_freq_all,word_freq_people)",MUL,"['word_freq_all', 'word_freq_people']",0.9449275362318841,0.0,0.010530948638916016,success,
spambase,"DIV(word_freq_all,word_freq_people)",DIV,"['word_freq_all', 'word_freq_people']",0.9449275362318841,0.0,0.01503443717956543,success,
spambase,"ADD(word_freq_all,word_freq_report)",ADD,"['word_freq_all', 'word_freq_report']",0.9449275362318841,0.0,0.010836124420166016,success,
spambase,"SUB(word_freq_all,word_freq_report)",SUB,"['word_freq_all', 'word_freq_report']",0.9449275362318841,0.0,0.010952949523925781,success,
spambase,"MUL(word_freq_all,word_freq_report)",MUL,"['word_freq_all', 'word_freq_report']",0.9449275362318841,0.0,0.010982275009155273,success,
spambase,"DIV(word_freq_all,word_freq_report)",DIV,"['word_freq_all', 'word_freq_report']",0.9449275362318841,0.0,0.017598390579223633,success,
spambase,"ADD(word_freq_all,word_freq_addresses)",ADD,"['word_freq_all', 'word_freq_addresses']",0.9449275362318841,0.0,0.011751413345336914,success,
spambase,"SUB(word_freq_all,word_freq_addresses)",SUB,"['word_freq_all', 'word_freq_addresses']",0.9449275362318841,0.0,0.010676383972167969,success,
spambase,"MUL(word_freq_all,word_freq_addresses)",MUL,"['word_freq_all', 'word_freq_addresses']",0.9434782608695652,-0.0014492753623188692,0.010061979293823242,success,
spambase,"DIV(word_freq_all,word_freq_addresses)",DIV,"['word_freq_all', 'word_freq_addresses']",0.9434782608695652,-0.0014492753623188692,0.014081478118896484,success,
spambase,"ADD(word_freq_all,word_freq_free)",ADD,"['word_freq_all', 'word_freq_free']",0.9449275362318841,0.0,0.010532140731811523,success,
spambase,"SUB(word_freq_all,word_freq_free)",SUB,"['word_freq_all', 'word_freq_free']",0.9449275362318841,0.0,0.01151275634765625,success,
spambase,"MUL(word_freq_all,word_freq_free)",MUL,"['word_freq_all', 'word_freq_free']",0.9478260869565217,0.0028985507246376274,0.010809183120727539,success,
spambase,"DIV(word_freq_all,word_freq_free)",DIV,"['word_freq_all', 'word_freq_free']",0.9449275362318841,0.0,0.017546653747558594,success,
spambase,"ADD(word_freq_all,word_freq_business)",ADD,"['word_freq_all', 'word_freq_business']",0.9449275362318841,0.0,0.011258840560913086,success,
spambase,"SUB(word_freq_all,word_freq_business)",SUB,"['word_freq_all', 'word_freq_business']",0.9449275362318841,0.0,0.010339736938476562,success,
spambase,"MUL(word_freq_all,word_freq_business)",MUL,"['word_freq_all', 'word_freq_business']",0.9434782608695652,-0.0014492753623188692,0.011118173599243164,success,
spambase,"DIV(word_freq_all,word_freq_business)",DIV,"['word_freq_all', 'word_freq_business']",0.9434782608695652,-0.0014492753623188692,0.020066261291503906,success,
spambase,"ADD(word_freq_all,word_freq_email)",ADD,"['word_freq_all', 'word_freq_email']",0.9449275362318841,0.0,0.01119852066040039,success,
spambase,"SUB(word_freq_all,word_freq_email)",SUB,"['word_freq_all', 'word_freq_email']",0.9449275362318841,0.0,0.011304140090942383,success,
spambase,"MUL(word_freq_all,word_freq_email)",MUL,"['word_freq_all', 'word_freq_email']",0.9449275362318841,0.0,0.010683298110961914,success,
spambase,"DIV(word_freq_all,word_freq_email)",DIV,"['word_freq_all', 'word_freq_email']",0.9449275362318841,0.0,0.025752782821655273,success,
spambase,"ADD(word_freq_all,word_freq_you)",ADD,"['word_freq_all', 'word_freq_you']",0.9449275362318841,0.0,0.010981321334838867,success,
spambase,"SUB(word_freq_all,word_freq_you)",SUB,"['word_freq_all', 'word_freq_you']",0.9449275362318841,0.0,0.011217117309570312,success,
spambase,"MUL(word_freq_all,word_freq_you)",MUL,"['word_freq_all', 'word_freq_you']",0.9434782608695652,-0.0014492753623188692,0.010418176651000977,success,
spambase,"DIV(word_freq_all,word_freq_you)",DIV,"['word_freq_all', 'word_freq_you']",0.9434782608695652,-0.0014492753623188692,0.06071615219116211,success,
spambase,"ADD(word_freq_all,word_freq_credit)",ADD,"['word_freq_all', 'word_freq_credit']",0.9449275362318841,0.0,0.011424541473388672,success,
spambase,"SUB(word_freq_all,word_freq_credit)",SUB,"['word_freq_all', 'word_freq_credit']",0.9449275362318841,0.0,0.010467529296875,success,
spambase,"MUL(word_freq_all,word_freq_credit)",MUL,"['word_freq_all', 'word_freq_credit']",0.9449275362318841,0.0,0.010027170181274414,success,
spambase,"DIV(word_freq_all,word_freq_credit)",DIV,"['word_freq_all', 'word_freq_credit']",0.9449275362318841,0.0,0.015444278717041016,success,
spambase,"ADD(word_freq_3d,word_freq_our)",ADD,"['word_freq_3d', 'word_freq_our']",0.9449275362318841,0.0,0.010072946548461914,success,
spambase,"SUB(word_freq_3d,word_freq_our)",SUB,"['word_freq_3d', 'word_freq_our']",0.9449275362318841,0.0,0.011237621307373047,success,
spambase,"MUL(word_freq_3d,word_freq_our)",MUL,"['word_freq_3d', 'word_freq_our']",0.9449275362318841,0.0,0.010095596313476562,success,
spambase,"DIV(word_freq_3d,word_freq_our)",DIV,"['word_freq_3d', 'word_freq_our']",0.9478260869565217,0.0028985507246376274,0.010189533233642578,success,
spambase,"ADD(word_freq_3d,word_freq_over)",ADD,"['word_freq_3d', 'word_freq_over']",0.9449275362318841,0.0,0.010629653930664062,success,
spambase,"SUB(word_freq_3d,word_freq_over)",SUB,"['word_freq_3d', 'word_freq_over']",0.9449275362318841,0.0,0.010306835174560547,success,
spambase,"MUL(word_freq_3d,word_freq_over)",MUL,"['word_freq_3d', 'word_freq_over']",0.9449275362318841,0.0,0.010201215744018555,success,
spambase,"DIV(word_freq_3d,word_freq_over)",DIV,"['word_freq_3d', 'word_freq_over']",0.9449275362318841,0.0,0.010675907135009766,success,
spambase,"ADD(word_freq_3d,word_freq_remove)",ADD,"['word_freq_3d', 'word_freq_remove']",0.9449275362318841,0.0,0.010149955749511719,success,
spambase,"SUB(word_freq_3d,word_freq_remove)",SUB,"['word_freq_3d', 'word_freq_remove']",0.9449275362318841,0.0,0.010983467102050781,success,
spambase,"MUL(word_freq_3d,word_freq_remove)",MUL,"['word_freq_3d', 'word_freq_remove']",0.9449275362318841,0.0,0.010745525360107422,success,
spambase,"DIV(word_freq_3d,word_freq_remove)",DIV,"['word_freq_3d', 'word_freq_remove']",0.9449275362318841,0.0,0.01178598403930664,success,
spambase,"ADD(word_freq_3d,word_freq_internet)",ADD,"['word_freq_3d', 'word_freq_internet']",0.9449275362318841,0.0,0.01068425178527832,success,
spambase,"SUB(word_freq_3d,word_freq_internet)",SUB,"['word_freq_3d', 'word_freq_internet']",0.9449275362318841,0.0,0.011197328567504883,success,
spambase,"MUL(word_freq_3d,word_freq_internet)",MUL,"['word_freq_3d', 'word_freq_internet']",0.9449275362318841,0.0,0.010139942169189453,success,
spambase,"DIV(word_freq_3d,word_freq_internet)",DIV,"['word_freq_3d', 'word_freq_internet']",0.9449275362318841,0.0,0.010564088821411133,success,
spambase,"ADD(word_freq_3d,word_freq_order)",ADD,"['word_freq_3d', 'word_freq_order']",0.9449275362318841,0.0,0.010098934173583984,success,
spambase,"SUB(word_freq_3d,word_freq_order)",SUB,"['word_freq_3d', 'word_freq_order']",0.9449275362318841,0.0,0.010109663009643555,success,
spambase,"MUL(word_freq_3d,word_freq_order)",MUL,"['word_freq_3d', 'word_freq_order']",0.9449275362318841,0.0,0.010226964950561523,success,
spambase,"DIV(word_freq_3d,word_freq_order)",DIV,"['word_freq_3d', 'word_freq_order']",0.9449275362318841,0.0,0.010350227355957031,success,
spambase,"ADD(word_freq_3d,word_freq_mail)",ADD,"['word_freq_3d', 'word_freq_mail']",0.9449275362318841,0.0,0.011096000671386719,success,
spambase,"SUB(word_freq_3d,word_freq_mail)",SUB,"['word_freq_3d', 'word_freq_mail']",0.9449275362318841,0.0,0.01029515266418457,success,
spambase,"MUL(word_freq_3d,word_freq_mail)",MUL,"['word_freq_3d', 'word_freq_mail']",0.9449275362318841,0.0,0.011313676834106445,success,
spambase,"DIV(word_freq_3d,word_freq_mail)",DIV,"['word_freq_3d', 'word_freq_mail']",0.9434782608695652,-0.0014492753623188692,0.012336254119873047,success,
spambase,"ADD(word_freq_3d,word_freq_receive)",ADD,"['word_freq_3d', 'word_freq_receive']",0.9449275362318841,0.0,0.010291337966918945,success,
spambase,"SUB(word_freq_3d,word_freq_receive)",SUB,"['word_freq_3d', 'word_freq_receive']",0.9449275362318841,0.0,0.010720968246459961,success,
spambase,"MUL(word_freq_3d,word_freq_receive)",MUL,"['word_freq_3d', 'word_freq_receive']",0.9449275362318841,0.0,0.010688543319702148,success,
spambase,"DIV(word_freq_3d,word_freq_receive)",DIV,"['word_freq_3d', 'word_freq_receive']",0.9434782608695652,-0.0014492753623188692,0.010303735733032227,success,
spambase,"ADD(word_freq_3d,word_freq_will)",ADD,"['word_freq_3d', 'word_freq_will']",0.9449275362318841,0.0,0.010982036590576172,success,
spambase,"SUB(word_freq_3d,word_freq_will)",SUB,"['word_freq_3d', 'word_freq_will']",0.9449275362318841,0.0,0.011103630065917969,success,
spambase,"MUL(word_freq_3d,word_freq_will)",MUL,"['word_freq_3d', 'word_freq_will']",0.9449275362318841,0.0,0.010654687881469727,success,
spambase,"DIV(word_freq_3d,word_freq_will)",DIV,"['word_freq_3d', 'word_freq_will']",0.9434782608695652,-0.0014492753623188692,0.011980295181274414,success,
spambase,"ADD(word_freq_3d,word_freq_people)",ADD,"['word_freq_3d', 'word_freq_people']",0.9449275362318841,0.0,0.01007390022277832,success,
spambase,"SUB(word_freq_3d,word_freq_people)",SUB,"['word_freq_3d', 'word_freq_people']",0.9449275362318841,0.0,0.01039743423461914,success,
spambase,"MUL(word_freq_3d,word_freq_people)",MUL,"['word_freq_3d', 'word_freq_people']",0.9449275362318841,0.0,0.010253429412841797,success,
spambase,"DIV(word_freq_3d,word_freq_people)",DIV,"['word_freq_3d', 'word_freq_people']",0.9449275362318841,0.0,0.011471033096313477,success,
spambase,"ADD(word_freq_3d,word_freq_report)",ADD,"['word_freq_3d', 'word_freq_report']",0.9449275362318841,0.0,0.012075424194335938,success,
spambase,"SUB(word_freq_3d,word_freq_report)",SUB,"['word_freq_3d', 'word_freq_report']",0.9449275362318841,0.0,0.011748552322387695,success,
spambase,"MUL(word_freq_3d,word_freq_report)",MUL,"['word_freq_3d', 'word_freq_report']",0.9449275362318841,0.0,0.010354280471801758,success,
spambase,"DIV(word_freq_3d,word_freq_report)",DIV,"['word_freq_3d', 'word_freq_report']",0.9449275362318841,0.0,0.010208606719970703,success,
spambase,"ADD(word_freq_3d,word_freq_addresses)",ADD,"['word_freq_3d', 'word_freq_addresses']",0.9449275362318841,0.0,0.010024785995483398,success,
spambase,"SUB(word_freq_3d,word_freq_addresses)",SUB,"['word_freq_3d', 'word_freq_addresses']",0.9449275362318841,0.0,0.009970903396606445,success,
spambase,"MUL(word_freq_3d,word_freq_addresses)",MUL,"['word_freq_3d', 'word_freq_addresses']",0.9449275362318841,0.0,0.010263681411743164,success,
spambase,"DIV(word_freq_3d,word_freq_addresses)",DIV,"['word_freq_3d', 'word_freq_addresses']",0.9449275362318841,0.0,0.010389328002929688,success,
spambase,"ADD(word_freq_3d,word_freq_free)",ADD,"['word_freq_3d', 'word_freq_free']",0.9449275362318841,0.0,0.01049494743347168,success,
spambase,"SUB(word_freq_3d,word_freq_free)",SUB,"['word_freq_3d', 'word_freq_free']",0.9449275362318841,0.0,0.010631799697875977,success,
spambase,"MUL(word_freq_3d,word_freq_free)",MUL,"['word_freq_3d', 'word_freq_free']",0.9449275362318841,0.0,0.01000833511352539,success,
spambase,"DIV(word_freq_3d,word_freq_free)",DIV,"['word_freq_3d', 'word_freq_free']",0.9449275362318841,0.0,0.010627031326293945,success,
spambase,"ADD(word_freq_3d,word_freq_business)",ADD,"['word_freq_3d', 'word_freq_business']",0.9449275362318841,0.0,0.010759353637695312,success,
spambase,"SUB(word_freq_3d,word_freq_business)",SUB,"['word_freq_3d', 'word_freq_business']",0.9449275362318841,0.0,0.010227680206298828,success,
spambase,"MUL(word_freq_3d,word_freq_business)",MUL,"['word_freq_3d', 'word_freq_business']",0.9449275362318841,0.0,0.010440826416015625,success,
spambase,"DIV(word_freq_3d,word_freq_business)",DIV,"['word_freq_3d', 'word_freq_business']",0.9449275362318841,0.0,0.010783910751342773,success,
spambase,"ADD(word_freq_3d,word_freq_email)",ADD,"['word_freq_3d', 'word_freq_email']",0.9449275362318841,0.0,0.010749578475952148,success,
spambase,"SUB(word_freq_3d,word_freq_email)",SUB,"['word_freq_3d', 'word_freq_email']",0.9449275362318841,0.0,0.010868310928344727,success,
spambase,"MUL(word_freq_3d,word_freq_email)",MUL,"['word_freq_3d', 'word_freq_email']",0.9449275362318841,0.0,0.010322809219360352,success,
spambase,"DIV(word_freq_3d,word_freq_email)",DIV,"['word_freq_3d', 'word_freq_email']",0.9449275362318841,0.0,0.015127182006835938,success,
spambase,"ADD(word_freq_3d,word_freq_you)",ADD,"['word_freq_3d', 'word_freq_you']",0.9449275362318841,0.0,0.011341094970703125,success,
spambase,"SUB(word_freq_3d,word_freq_you)",SUB,"['word_freq_3d', 'word_freq_you']",0.9449275362318841,0.0,0.011296272277832031,success,
spambase,"MUL(word_freq_3d,word_freq_you)",MUL,"['word_freq_3d', 'word_freq_you']",0.9449275362318841,0.0,0.010937690734863281,success,
spambase,"DIV(word_freq_3d,word_freq_you)",DIV,"['word_freq_3d', 'word_freq_you']",0.9434782608695652,-0.0014492753623188692,0.013300418853759766,success,
spambase,"ADD(word_freq_3d,word_freq_credit)",ADD,"['word_freq_3d', 'word_freq_credit']",0.9449275362318841,0.0,0.010889768600463867,success,
spambase,"SUB(word_freq_3d,word_freq_credit)",SUB,"['word_freq_3d', 'word_freq_credit']",0.9449275362318841,0.0,0.010578155517578125,success,
spambase,"MUL(word_freq_3d,word_freq_credit)",MUL,"['word_freq_3d', 'word_freq_credit']",0.9449275362318841,0.0,0.010336160659790039,success,
spambase,"DIV(word_freq_3d,word_freq_credit)",DIV,"['word_freq_3d', 'word_freq_credit']",0.9449275362318841,0.0,0.010158538818359375,success,
spambase,"ADD(word_freq_our,word_freq_over)",ADD,"['word_freq_our', 'word_freq_over']",0.9449275362318841,0.0,0.011112213134765625,success,
spambase,"SUB(word_freq_our,word_freq_over)",SUB,"['word_freq_our', 'word_freq_over']",0.9449275362318841,0.0,0.01099395751953125,success,
spambase,"MUL(word_freq_our,word_freq_over)",MUL,"['word_freq_our', 'word_freq_over']",0.9449275362318841,0.0,0.010340452194213867,success,
spambase,"DIV(word_freq_our,word_freq_over)",DIV,"['word_freq_our', 'word_freq_over']",0.9449275362318841,0.0,0.012889862060546875,success,
spambase,"ADD(word_freq_our,word_freq_remove)",ADD,"['word_freq_our', 'word_freq_remove']",0.9449275362318841,0.0,0.010596513748168945,success,
spambase,"SUB(word_freq_our,word_freq_remove)",SUB,"['word_freq_our', 'word_freq_remove']",0.9449275362318841,0.0,0.010015726089477539,success,
spambase,"MUL(word_freq_our,word_freq_remove)",MUL,"['word_freq_our', 'word_freq_remove']",0.9449275362318841,0.0,0.011041879653930664,success,
spambase,"DIV(word_freq_our,word_freq_remove)",DIV,"['word_freq_our', 'word_freq_remove']",0.9434782608695652,-0.0014492753623188692,0.01382756233215332,success,
spambase,"ADD(word_freq_our,word_freq_internet)",ADD,"['word_freq_our', 'word_freq_internet']",0.9449275362318841,0.0,0.011076211929321289,success,
spambase,"SUB(word_freq_our,word_freq_internet)",SUB,"['word_freq_our', 'word_freq_internet']",0.9449275362318841,0.0,0.011044740676879883,success,
spambase,"MUL(word_freq_our,word_freq_internet)",MUL,"['word_freq_our', 'word_freq_internet']",0.9449275362318841,0.0,0.010658979415893555,success,
spambase,"DIV(word_freq_our,word_freq_internet)",DIV,"['word_freq_our', 'word_freq_internet']",0.9434782608695652,-0.0014492753623188692,0.014669179916381836,success,
spambase,"ADD(word_freq_our,word_freq_order)",ADD,"['word_freq_our', 'word_freq_order']",0.9449275362318841,0.0,0.010295867919921875,success,
spambase,"SUB(word_freq_our,word_freq_order)",SUB,"['word_freq_our', 'word_freq_order']",0.9449275362318841,0.0,0.010769844055175781,success,
spambase,"MUL(word_freq_our,word_freq_order)",MUL,"['word_freq_our', 'word_freq_order']",0.9405797101449276,-0.004347826086956497,0.010729312896728516,success,
spambase,"DIV(word_freq_our,word_freq_order)",DIV,"['word_freq_our', 'word_freq_order']",0.9449275362318841,0.0,0.016597747802734375,success,
spambase,"ADD(word_freq_our,word_freq_mail)",ADD,"['word_freq_our', 'word_freq_mail']",0.9449275362318841,0.0,0.011118888854980469,success,
spambase,"SUB(word_freq_our,word_freq_mail)",SUB,"['word_freq_our', 'word_freq_mail']",0.9449275362318841,0.0,0.011597394943237305,success,
spambase,"MUL(word_freq_our,word_freq_mail)",MUL,"['word_freq_our', 'word_freq_mail']",0.9449275362318841,0.0,0.010569095611572266,success,
spambase,"DIV(word_freq_our,word_freq_mail)",DIV,"['word_freq_our', 'word_freq_mail']",0.9449275362318841,0.0,0.014835596084594727,success,
spambase,"ADD(word_freq_our,word_freq_receive)",ADD,"['word_freq_our', 'word_freq_receive']",0.9449275362318841,0.0,0.010738849639892578,success,
spambase,"SUB(word_freq_our,word_freq_receive)",SUB,"['word_freq_our', 'word_freq_receive']",0.9449275362318841,0.0,0.011824369430541992,success,
spambase,"MUL(word_freq_our,word_freq_receive)",MUL,"['word_freq_our', 'word_freq_receive']",0.946376811594203,0.0014492753623188692,0.011365890502929688,success,
spambase,"DIV(word_freq_our,word_freq_receive)",DIV,"['word_freq_our', 'word_freq_receive']",0.9449275362318841,0.0,0.014455080032348633,success,
spambase,"ADD(word_freq_our,word_freq_will)",ADD,"['word_freq_our', 'word_freq_will']",0.9449275362318841,0.0,0.011811971664428711,success,
spambase,"SUB(word_freq_our,word_freq_will)",SUB,"['word_freq_our', 'word_freq_will']",0.9449275362318841,0.0,0.011401891708374023,success,
spambase,"MUL(word_freq_our,word_freq_will)",MUL,"['word_freq_our', 'word_freq_will']",0.9449275362318841,0.0,0.010344743728637695,success,
spambase,"DIV(word_freq_our,word_freq_will)",DIV,"['word_freq_our', 'word_freq_will']",0.9449275362318841,0.0,0.018585681915283203,success,
spambase,"ADD(word_freq_our,word_freq_people)",ADD,"['word_freq_our', 'word_freq_people']",0.9449275362318841,0.0,0.01069188117980957,success,
spambase,"SUB(word_freq_our,word_freq_people)",SUB,"['word_freq_our', 'word_freq_people']",0.9449275362318841,0.0,0.011453628540039062,success,
spambase,"MUL(word_freq_our,word_freq_people)",MUL,"['word_freq_our', 'word_freq_people']",0.9449275362318841,0.0,0.010638952255249023,success,
spambase,"DIV(word_freq_our,word_freq_people)",DIV,"['word_freq_our', 'word_freq_people']",0.9449275362318841,0.0,0.012965202331542969,success,
spambase,"ADD(word_freq_our,word_freq_report)",ADD,"['word_freq_our', 'word_freq_report']",0.9434782608695652,-0.0014492753623188692,0.011234521865844727,success,
spambase,"SUB(word_freq_our,word_freq_report)",SUB,"['word_freq_our', 'word_freq_report']",0.9449275362318841,0.0,0.010940790176391602,success,
spambase,"MUL(word_freq_our,word_freq_report)",MUL,"['word_freq_our', 'word_freq_report']",0.9449275362318841,0.0,0.01034998893737793,success,
spambase,"DIV(word_freq_our,word_freq_report)",DIV,"['word_freq_our', 'word_freq_report']",0.9449275362318841,0.0,0.011959075927734375,success,
spambase,"ADD(word_freq_our,word_freq_addresses)",ADD,"['word_freq_our', 'word_freq_addresses']",0.9449275362318841,0.0,0.010172367095947266,success,
spambase,"SUB(word_freq_our,word_freq_addresses)",SUB,"['word_freq_our', 'word_freq_addresses']",0.9449275362318841,0.0,0.010503768920898438,success,
spambase,"MUL(word_freq_our,word_freq_addresses)",MUL,"['word_freq_our', 'word_freq_addresses']",0.9449275362318841,0.0,0.010287046432495117,success,
spambase,"DIV(word_freq_our,word_freq_addresses)",DIV,"['word_freq_our', 'word_freq_addresses']",0.9449275362318841,0.0,0.016960859298706055,success,
spambase,"ADD(word_freq_our,word_freq_free)",ADD,"['word_freq_our', 'word_freq_free']",0.9449275362318841,0.0,0.010478019714355469,success,
spambase,"SUB(word_freq_our,word_freq_free)",SUB,"['word_freq_our', 'word_freq_free']",0.9449275362318841,0.0,0.013591289520263672,success,
spambase,"MUL(word_freq_our,word_freq_free)",MUL,"['word_freq_our', 'word_freq_free']",0.9449275362318841,0.0,0.014674186706542969,success,
spambase,"DIV(word_freq_our,word_freq_free)",DIV,"['word_freq_our', 'word_freq_free']",0.9449275362318841,0.0,0.017824649810791016,success,
spambase,"ADD(word_freq_our,word_freq_business)",ADD,"['word_freq_our', 'word_freq_business']",0.9449275362318841,0.0,0.01123666763305664,success,
spambase,"SUB(word_freq_our,word_freq_business)",SUB,"['word_freq_our', 'word_freq_business']",0.9449275362318841,0.0,0.010472297668457031,success,
spambase,"MUL(word_freq_our,word_freq_business)",MUL,"['word_freq_our', 'word_freq_business']",0.9449275362318841,0.0,0.010271787643432617,success,
spambase,"DIV(word_freq_our,word_freq_business)",DIV,"['word_freq_our', 'word_freq_business']",0.9434782608695652,-0.0014492753623188692,0.018819093704223633,success,
spambase,"ADD(word_freq_our,word_freq_email)",ADD,"['word_freq_our', 'word_freq_email']",0.9449275362318841,0.0,0.010637998580932617,success,
spambase,"SUB(word_freq_our,word_freq_email)",SUB,"['word_freq_our', 'word_freq_email']",0.9449275362318841,0.0,0.011236190795898438,success,
spambase,"MUL(word_freq_our,word_freq_email)",MUL,"['word_freq_our', 'word_freq_email']",0.9449275362318841,0.0,0.0103912353515625,success,
spambase,"DIV(word_freq_our,word_freq_email)",DIV,"['word_freq_our', 'word_freq_email']",0.9449275362318841,0.0,0.027791500091552734,success,
spambase,"ADD(word_freq_our,word_freq_you)",ADD,"['word_freq_our', 'word_freq_you']",0.9449275362318841,0.0,0.010874748229980469,success,
spambase,"SUB(word_freq_our,word_freq_you)",SUB,"['word_freq_our', 'word_freq_you']",0.9449275362318841,0.0,0.011553049087524414,success,
spambase,"MUL(word_freq_our,word_freq_you)",MUL,"['word_freq_our', 'word_freq_you']",0.946376811594203,0.0014492753623188692,0.011113166809082031,success,
spambase,"DIV(word_freq_our,word_freq_you)",DIV,"['word_freq_our', 'word_freq_you']",0.9449275362318841,0.0,0.04721689224243164,success,
spambase,"ADD(word_freq_our,word_freq_credit)",ADD,"['word_freq_our', 'word_freq_credit']",0.9449275362318841,0.0,0.011385440826416016,success,
spambase,"SUB(word_freq_our,word_freq_credit)",SUB,"['word_freq_our', 'word_freq_credit']",0.9449275362318841,0.0,0.010443449020385742,success,
spambase,"MUL(word_freq_our,word_freq_credit)",MUL,"['word_freq_our', 'word_freq_credit']",0.9449275362318841,0.0,0.010263681411743164,success,
spambase,"DIV(word_freq_our,word_freq_credit)",DIV,"['word_freq_our', 'word_freq_credit']",0.9449275362318841,0.0,0.01285552978515625,success,
spambase,"ADD(word_freq_over,word_freq_remove)",ADD,"['word_freq_over', 'word_freq_remove']",0.9449275362318841,0.0,0.011551856994628906,success,
spambase,"SUB(word_freq_over,word_freq_remove)",SUB,"['word_freq_over', 'word_freq_remove']",0.9449275362318841,0.0,0.011523008346557617,success,
spambase,"MUL(word_freq_over,word_freq_remove)",MUL,"['word_freq_over', 'word_freq_remove']",0.9449275362318841,0.0,0.010198831558227539,success,
spambase,"DIV(word_freq_over,word_freq_remove)",DIV,"['word_freq_over', 'word_freq_remove']",0.9449275362318841,0.0,0.012909889221191406,success,
spambase,"ADD(word_freq_over,word_freq_internet)",ADD,"['word_freq_over', 'word_freq_internet']",0.9449275362318841,0.0,0.01101374626159668,success,
spambase,"SUB(word_freq_over,word_freq_internet)",SUB,"['word_freq_over', 'word_freq_internet']",0.9449275362318841,0.0,0.01056218147277832,success,
spambase,"MUL(word_freq_over,word_freq_internet)",MUL,"['word_freq_over', 'word_freq_internet']",0.9449275362318841,0.0,0.010147333145141602,success,
spambase,"DIV(word_freq_over,word_freq_internet)",DIV,"['word_freq_over', 'word_freq_internet']",0.9449275362318841,0.0,0.021772384643554688,success,
spambase,"ADD(word_freq_over,word_freq_order)",ADD,"['word_freq_over', 'word_freq_order']",0.9449275362318841,0.0,0.014637947082519531,success,
spambase,"SUB(word_freq_over,word_freq_order)",SUB,"['word_freq_over', 'word_freq_order']",0.9449275362318841,0.0,0.013319730758666992,success,
spambase,"MUL(word_freq_over,word_freq_order)",MUL,"['word_freq_over', 'word_freq_order']",0.9449275362318841,0.0,0.0135955810546875,success,
spambase,"DIV(word_freq_over,word_freq_order)",DIV,"['word_freq_over', 'word_freq_order']",0.9449275362318841,0.0,0.014765262603759766,success,
spambase,"ADD(word_freq_over,word_freq_mail)",ADD,"['word_freq_over', 'word_freq_mail']",0.9449275362318841,0.0,0.011469602584838867,success,
spambase,"SUB(word_freq_over,word_freq_mail)",SUB,"['word_freq_over', 'word_freq_mail']",0.9449275362318841,0.0,0.011467933654785156,success,
spambase,"MUL(word_freq_over,word_freq_mail)",MUL,"['word_freq_over', 'word_freq_mail']",0.9449275362318841,0.0,0.011553049087524414,success,
spambase,"DIV(word_freq_over,word_freq_mail)",DIV,"['word_freq_over', 'word_freq_mail']",0.9434782608695652,-0.0014492753623188692,0.015366792678833008,success,
spambase,"ADD(word_freq_over,word_freq_receive)",ADD,"['word_freq_over', 'word_freq_receive']",0.9449275362318841,0.0,0.010770320892333984,success,
spambase,"SUB(word_freq_over,word_freq_receive)",SUB,"['word_freq_over', 'word_freq_receive']",0.9449275362318841,0.0,0.011678218841552734,success,
spambase,"MUL(word_freq_over,word_freq_receive)",MUL,"['word_freq_over', 'word_freq_receive']",0.9449275362318841,0.0,0.011431217193603516,success,
spambase,"DIV(word_freq_over,word_freq_receive)",DIV,"['word_freq_over', 'word_freq_receive']",0.9449275362318841,0.0,0.01643681526184082,success,
spambase,"ADD(word_freq_over,word_freq_will)",ADD,"['word_freq_over', 'word_freq_will']",0.9449275362318841,0.0,0.011716604232788086,success,
spambase,"SUB(word_freq_over,word_freq_will)",SUB,"['word_freq_over', 'word_freq_will']",0.9449275362318841,0.0,0.010683298110961914,success,
spambase,"MUL(word_freq_over,word_freq_will)",MUL,"['word_freq_over', 'word_freq_will']",0.9449275362318841,0.0,0.011384248733520508,success,
spambase,"DIV(word_freq_over,word_freq_will)",DIV,"['word_freq_over', 'word_freq_will']",0.9434782608695652,-0.0014492753623188692,0.020699024200439453,success,
spambase,"ADD(word_freq_over,word_freq_people)",ADD,"['word_freq_over', 'word_freq_people']",0.9449275362318841,0.0,0.011954784393310547,success,
spambase,"SUB(word_freq_over,word_freq_people)",SUB,"['word_freq_over', 'word_freq_people']",0.9449275362318841,0.0,0.010442018508911133,success,
spambase,"MUL(word_freq_over,word_freq_people)",MUL,"['word_freq_over', 'word_freq_people']",0.9449275362318841,0.0,0.010701179504394531,success,
spambase,"DIV(word_freq_over,word_freq_people)",DIV,"['word_freq_over', 'word_freq_people']",0.9449275362318841,0.0,0.013229846954345703,success,
spambase,"ADD(word_freq_over,word_freq_report)",ADD,"['word_freq_over', 'word_freq_report']",0.9449275362318841,0.0,0.01168370246887207,success,
spambase,"SUB(word_freq_over,word_freq_report)",SUB,"['word_freq_over', 'word_freq_report']",0.9449275362318841,0.0,0.010540962219238281,success,
spambase,"MUL(word_freq_over,word_freq_report)",MUL,"['word_freq_over', 'word_freq_report']",0.9449275362318841,0.0,0.010593652725219727,success,
spambase,"DIV(word_freq_over,word_freq_report)",DIV,"['word_freq_over', 'word_freq_report']",0.9449275362318841,0.0,0.014836311340332031,success,
spambase,"ADD(word_freq_over,word_freq_addresses)",ADD,"['word_freq_over', 'word_freq_addresses']",0.9449275362318841,0.0,0.01094818115234375,success,
spambase,"SUB(word_freq_over,word_freq_addresses)",SUB,"['word_freq_over', 'word_freq_addresses']",0.9449275362318841,0.0,0.010539054870605469,success,
spambase,"MUL(word_freq_over,word_freq_addresses)",MUL,"['word_freq_over', 'word_freq_addresses']",0.9449275362318841,0.0,0.010499000549316406,success,
spambase,"DIV(word_freq_over,word_freq_addresses)",DIV,"['word_freq_over', 'word_freq_addresses']",0.9449275362318841,0.0,0.014916181564331055,success,
spambase,"ADD(word_freq_over,word_freq_free)",ADD,"['word_freq_over', 'word_freq_free']",0.9449275362318841,0.0,0.010133028030395508,success,
spambase,"SUB(word_freq_over,word_freq_free)",SUB,"['word_freq_over', 'word_freq_free']",0.9449275362318841,0.0,0.01086735725402832,success,
spambase,"MUL(word_freq_over,word_freq_free)",MUL,"['word_freq_over', 'word_freq_free']",0.9449275362318841,0.0,0.011038780212402344,success,
spambase,"DIV(word_freq_over,word_freq_free)",DIV,"['word_freq_over', 'word_freq_free']",0.9449275362318841,0.0,0.018897533416748047,success,
spambase,"ADD(word_freq_over,word_freq_business)",ADD,"['word_freq_over', 'word_freq_business']",0.9449275362318841,0.0,0.011602163314819336,success,
spambase,"SUB(word_freq_over,word_freq_business)",SUB,"['word_freq_over', 'word_freq_business']",0.9449275362318841,0.0,0.010767221450805664,success,
spambase,"MUL(word_freq_over,word_freq_business)",MUL,"['word_freq_over', 'word_freq_business']",0.9420289855072463,-0.0028985507246377384,0.010946512222290039,success,
spambase,"DIV(word_freq_over,word_freq_business)",DIV,"['word_freq_over', 'word_freq_business']",0.9449275362318841,0.0,0.019371747970581055,success,
spambase,"ADD(word_freq_over,word_freq_email)",ADD,"['word_freq_over', 'word_freq_email']",0.9434782608695652,-0.0014492753623188692,0.011536836624145508,success,
spambase,"SUB(word_freq_over,word_freq_email)",SUB,"['word_freq_over', 'word_freq_email']",0.9449275362318841,0.0,0.010452747344970703,success,
spambase,"MUL(word_freq_over,word_freq_email)",MUL,"['word_freq_over', 'word_freq_email']",0.9449275362318841,0.0,0.010827302932739258,success,
spambase,"DIV(word_freq_over,word_freq_email)",DIV,"['word_freq_over', 'word_freq_email']",0.9449275362318841,0.0,0.05603647232055664,success,
spambase,"ADD(word_freq_over,word_freq_you)",ADD,"['word_freq_over', 'word_freq_you']",0.9449275362318841,0.0,0.01025533676147461,success,
spambase,"SUB(word_freq_over,word_freq_you)",SUB,"['word_freq_over', 'word_freq_you']",0.9449275362318841,0.0,0.01140141487121582,success,
spambase,"MUL(word_freq_over,word_freq_you)",MUL,"['word_freq_over', 'word_freq_you']",0.9449275362318841,0.0,0.010417461395263672,success,
spambase,"DIV(word_freq_over,word_freq_you)",DIV,"['word_freq_over', 'word_freq_you']",0.9434782608695652,-0.0014492753623188692,0.05616879463195801,success,
spambase,"ADD(word_freq_over,word_freq_credit)",ADD,"['word_freq_over', 'word_freq_credit']",0.9449275362318841,0.0,0.010204792022705078,success,
spambase,"SUB(word_freq_over,word_freq_credit)",SUB,"['word_freq_over', 'word_freq_credit']",0.9449275362318841,0.0,0.011393070220947266,success,
spambase,"MUL(word_freq_over,word_freq_credit)",MUL,"['word_freq_over', 'word_freq_credit']",0.9449275362318841,0.0,0.010406017303466797,success,
spambase,"DIV(word_freq_over,word_freq_credit)",DIV,"['word_freq_over', 'word_freq_credit']",0.9449275362318841,0.0,0.01676630973815918,success,
spambase,"ADD(word_freq_remove,word_freq_internet)",ADD,"['word_freq_remove', 'word_freq_internet']",0.9449275362318841,0.0,0.010859966278076172,success,
spambase,"SUB(word_freq_remove,word_freq_internet)",SUB,"['word_freq_remove', 'word_freq_internet']",0.9449275362318841,0.0,0.01098179817199707,success,
spambase,"MUL(word_freq_remove,word_freq_internet)",MUL,"['word_freq_remove', 'word_freq_internet']",0.9449275362318841,0.0,0.01047515869140625,success,
spambase,"DIV(word_freq_remove,word_freq_internet)",DIV,"['word_freq_remove', 'word_freq_internet']",0.9434782608695652,-0.0014492753623188692,0.01288604736328125,success,
spambase,"ADD(word_freq_remove,word_freq_order)",ADD,"['word_freq_remove', 'word_freq_order']",0.9449275362318841,0.0,0.010227203369140625,success,
spambase,"SUB(word_freq_remove,word_freq_order)",SUB,"['word_freq_remove', 'word_freq_order']",0.9449275362318841,0.0,0.009818077087402344,success,
spambase,"MUL(word_freq_remove,word_freq_order)",MUL,"['word_freq_remove', 'word_freq_order']",0.946376811594203,0.0014492753623188692,0.009827852249145508,success,
spambase,"DIV(word_freq_remove,word_freq_order)",DIV,"['word_freq_remove', 'word_freq_order']",0.9449275362318841,0.0,0.01183629035949707,success,
spambase,"ADD(word_freq_remove,word_freq_mail)",ADD,"['word_freq_remove', 'word_freq_mail']",0.9449275362318841,0.0,0.010511159896850586,success,
spambase,"SUB(word_freq_remove,word_freq_mail)",SUB,"['word_freq_remove', 'word_freq_mail']",0.9449275362318841,0.0,0.01006317138671875,success,
spambase,"MUL(word_freq_remove,word_freq_mail)",MUL,"['word_freq_remove', 'word_freq_mail']",0.9449275362318841,0.0,0.009929418563842773,success,
spambase,"DIV(word_freq_remove,word_freq_mail)",DIV,"['word_freq_remove', 'word_freq_mail']",0.9434782608695652,-0.0014492753623188692,0.012349128723144531,success,
spambase,"ADD(word_freq_remove,word_freq_receive)",ADD,"['word_freq_remove', 'word_freq_receive']",0.9449275362318841,0.0,0.010661125183105469,success,
spambase,"SUB(word_freq_remove,word_freq_receive)",SUB,"['word_freq_remove', 'word_freq_receive']",0.9449275362318841,0.0,0.011517763137817383,success,
spambase,"MUL(word_freq_remove,word_freq_receive)",MUL,"['word_freq_remove', 'word_freq_receive']",0.946376811594203,0.0014492753623188692,0.010167598724365234,success,
spambase,"DIV(word_freq_remove,word_freq_receive)",DIV,"['word_freq_remove', 'word_freq_receive']",0.9449275362318841,0.0,0.011224746704101562,success,
spambase,"ADD(word_freq_remove,word_freq_will)",ADD,"['word_freq_remove', 'word_freq_will']",0.9449275362318841,0.0,0.010030508041381836,success,
spambase,"SUB(word_freq_remove,word_freq_will)",SUB,"['word_freq_remove', 'word_freq_will']",0.9449275362318841,0.0,0.011020898818969727,success,
spambase,"MUL(word_freq_remove,word_freq_will)",MUL,"['word_freq_remove', 'word_freq_will']",0.9434782608695652,-0.0014492753623188692,0.010801315307617188,success,
spambase,"DIV(word_freq_remove,word_freq_will)",DIV,"['word_freq_remove', 'word_freq_will']",0.9449275362318841,0.0,0.027678966522216797,success,
spambase,"ADD(word_freq_remove,word_freq_people)",ADD,"['word_freq_remove', 'word_freq_people']",0.9449275362318841,0.0,0.010703325271606445,success,
spambase,"SUB(word_freq_remove,word_freq_people)",SUB,"['word_freq_remove', 'word_freq_people']",0.9449275362318841,0.0,0.01022648811340332,success,
spambase,"MUL(word_freq_remove,word_freq_people)",MUL,"['word_freq_remove', 'word_freq_people']",0.9434782608695652,-0.0014492753623188692,0.010953187942504883,success,
spambase,"DIV(word_freq_remove,word_freq_people)",DIV,"['word_freq_remove', 'word_freq_people']",0.9449275362318841,0.0,0.010799407958984375,success,
spambase,"ADD(word_freq_remove,word_freq_report)",ADD,"['word_freq_remove', 'word_freq_report']",0.9449275362318841,0.0,0.01006627082824707,success,
spambase,"SUB(word_freq_remove,word_freq_report)",SUB,"['word_freq_remove', 'word_freq_report']",0.9449275362318841,0.0,0.01027679443359375,success,
spambase,"MUL(word_freq_remove,word_freq_report)",MUL,"['word_freq_remove', 'word_freq_report']",0.9449275362318841,0.0,0.011519432067871094,success,
spambase,"DIV(word_freq_remove,word_freq_report)",DIV,"['word_freq_remove', 'word_freq_report']",0.9449275362318841,0.0,0.013059377670288086,success,
spambase,"ADD(word_freq_remove,word_freq_addresses)",ADD,"['word_freq_remove', 'word_freq_addresses']",0.9449275362318841,0.0,0.009954214096069336,success,
spambase,"SUB(word_freq_remove,word_freq_addresses)",SUB,"['word_freq_remove', 'word_freq_addresses']",0.9449275362318841,0.0,0.011335134506225586,success,
spambase,"MUL(word_freq_remove,word_freq_addresses)",MUL,"['word_freq_remove', 'word_freq_addresses']",0.9449275362318841,0.0,0.010629653930664062,success,
spambase,"DIV(word_freq_remove,word_freq_addresses)",DIV,"['word_freq_remove', 'word_freq_addresses']",0.9449275362318841,0.0,0.012398958206176758,success,
spambase,"ADD(word_freq_remove,word_freq_free)",ADD,"['word_freq_remove', 'word_freq_free']",0.9449275362318841,0.0,0.010944843292236328,success,
spambase,"SUB(word_freq_remove,word_freq_free)",SUB,"['word_freq_remove', 'word_freq_free']",0.9449275362318841,0.0,0.010022401809692383,success,
spambase,"MUL(word_freq_remove,word_freq_free)",MUL,"['word_freq_remove', 'word_freq_free']",0.9434782608695652,-0.0014492753623188692,0.010229110717773438,success,
spambase,"DIV(word_freq_remove,word_freq_free)",DIV,"['word_freq_remove', 'word_freq_free']",0.9434782608695652,-0.0014492753623188692,0.01679062843322754,success,
spambase,"ADD(word_freq_remove,word_freq_business)",ADD,"['word_freq_remove', 'word_freq_business']",0.9449275362318841,0.0,0.010981082916259766,success,
spambase,"SUB(word_freq_remove,word_freq_business)",SUB,"['word_freq_remove', 'word_freq_business']",0.9449275362318841,0.0,0.010633468627929688,success,
spambase,"MUL(word_freq_remove,word_freq_business)",MUL,"['word_freq_remove', 'word_freq_business']",0.946376811594203,0.0014492753623188692,0.011100292205810547,success,
spambase,"DIV(word_freq_remove,word_freq_business)",DIV,"['word_freq_remove', 'word_freq_business']",0.9449275362318841,0.0,0.019205331802368164,success,
spambase,"ADD(word_freq_remove,word_freq_email)",ADD,"['word_freq_remove', 'word_freq_email']",0.9449275362318841,0.0,0.010332584381103516,success,
spambase,"SUB(word_freq_remove,word_freq_email)",SUB,"['word_freq_remove', 'word_freq_email']",0.9434782608695652,-0.0014492753623188692,0.01093912124633789,success,
spambase,"MUL(word_freq_remove,word_freq_email)",MUL,"['word_freq_remove', 'word_freq_email']",0.9434782608695652,-0.0014492753623188692,0.01044774055480957,success,
spambase,"DIV(word_freq_remove,word_freq_email)",DIV,"['word_freq_remove', 'word_freq_email']",0.9449275362318841,0.0,0.05351114273071289,success,
spambase,"ADD(word_freq_remove,word_freq_you)",ADD,"['word_freq_remove', 'word_freq_you']",0.9449275362318841,0.0,0.01073598861694336,success,
spambase,"SUB(word_freq_remove,word_freq_you)",SUB,"['word_freq_remove', 'word_freq_you']",0.9449275362318841,0.0,0.011112451553344727,success,
spambase,"MUL(word_freq_remove,word_freq_you)",MUL,"['word_freq_remove', 'word_freq_you']",0.9449275362318841,0.0,0.01056981086730957,success,
spambase,"DIV(word_freq_remove,word_freq_you)",DIV,"['word_freq_remove', 'word_freq_you']",0.9449275362318841,0.0,0.0358271598815918,success,
spambase,"ADD(word_freq_remove,word_freq_credit)",ADD,"['word_freq_remove', 'word_freq_credit']",0.9434782608695652,-0.0014492753623188692,0.010698556900024414,success,
spambase,"SUB(word_freq_remove,word_freq_credit)",SUB,"['word_freq_remove', 'word_freq_credit']",0.9449275362318841,0.0,0.010770320892333984,success,
spambase,"MUL(word_freq_remove,word_freq_credit)",MUL,"['word_freq_remove', 'word_freq_credit']",0.9449275362318841,0.0,0.011465787887573242,success,
spambase,"DIV(word_freq_remove,word_freq_credit)",DIV,"['word_freq_remove', 'word_freq_credit']",0.9434782608695652,-0.0014492753623188692,0.013968706130981445,success,
spambase,"ADD(word_freq_internet,word_freq_order)",ADD,"['word_freq_internet', 'word_freq_order']",0.9449275362318841,0.0,0.010729551315307617,success,
spambase,"SUB(word_freq_internet,word_freq_order)",SUB,"['word_freq_internet', 'word_freq_order']",0.9449275362318841,0.0,0.010403156280517578,success,
spambase,"MUL(word_freq_internet,word_freq_order)",MUL,"['word_freq_internet', 'word_freq_order']",0.9449275362318841,0.0,0.010670900344848633,success,
spambase,"DIV(word_freq_internet,word_freq_order)",DIV,"['word_freq_internet', 'word_freq_order']",0.9449275362318841,0.0,0.013823509216308594,success,
spambase,"ADD(word_freq_internet,word_freq_mail)",ADD,"['word_freq_internet', 'word_freq_mail']",0.9449275362318841,0.0,0.011326313018798828,success,
spambase,"SUB(word_freq_internet,word_freq_mail)",SUB,"['word_freq_internet', 'word_freq_mail']",0.9449275362318841,0.0,0.011301279067993164,success,
spambase,"MUL(word_freq_internet,word_freq_mail)",MUL,"['word_freq_internet', 'word_freq_mail']",0.9449275362318841,0.0,0.011384248733520508,success,
spambase,"DIV(word_freq_internet,word_freq_mail)",DIV,"['word_freq_internet', 'word_freq_mail']",0.9449275362318841,0.0,0.019144296646118164,success,
spambase,"ADD(word_freq_internet,word_freq_receive)",ADD,"['word_freq_internet', 'word_freq_receive']",0.9449275362318841,0.0,0.010657548904418945,success,
spambase,"SUB(word_freq_internet,word_freq_receive)",SUB,"['word_freq_internet', 'word_freq_receive']",0.9449275362318841,0.0,0.010775566101074219,success,
spambase,"MUL(word_freq_internet,word_freq_receive)",MUL,"['word_freq_internet', 'word_freq_receive']",0.9449275362318841,0.0,0.010471582412719727,success,
spambase,"DIV(word_freq_internet,word_freq_receive)",DIV,"['word_freq_internet', 'word_freq_receive']",0.9449275362318841,0.0,0.012420654296875,success,
spambase,"ADD(word_freq_internet,word_freq_will)",ADD,"['word_freq_internet', 'word_freq_will']",0.9449275362318841,0.0,0.010025739669799805,success,
spambase,"SUB(word_freq_internet,word_freq_will)",SUB,"['word_freq_internet', 'word_freq_will']",0.9449275362318841,0.0,0.010119438171386719,success,
spambase,"MUL(word_freq_internet,word_freq_will)",MUL,"['word_freq_internet', 'word_freq_will']",0.946376811594203,0.0014492753623188692,0.010174036026000977,success,
spambase,"DIV(word_freq_internet,word_freq_will)",DIV,"['word_freq_internet', 'word_freq_will']",0.9449275362318841,0.0,0.017896175384521484,success,
spambase,"ADD(word_freq_internet,word_freq_people)",ADD,"['word_freq_internet', 'word_freq_people']",0.9449275362318841,0.0,0.010979890823364258,success,
spambase,"SUB(word_freq_internet,word_freq_people)",SUB,"['word_freq_internet', 'word_freq_people']",0.9449275362318841,0.0,0.011324405670166016,success,
spambase,"MUL(word_freq_internet,word_freq_people)",MUL,"['word_freq_internet', 'word_freq_people']",0.9449275362318841,0.0,0.010277271270751953,success,
spambase,"DIV(word_freq_internet,word_freq_people)",DIV,"['word_freq_internet', 'word_freq_people']",0.9449275362318841,0.0,0.012851953506469727,success,
spambase,"ADD(word_freq_internet,word_freq_report)",ADD,"['word_freq_internet', 'word_freq_report']",0.9449275362318841,0.0,0.01073002815246582,success,
spambase,"SUB(word_freq_internet,word_freq_report)",SUB,"['word_freq_internet', 'word_freq_report']",0.9449275362318841,0.0,0.010625600814819336,success,
spambase,"MUL(word_freq_internet,word_freq_report)",MUL,"['word_freq_internet', 'word_freq_report']",0.9434782608695652,-0.0014492753623188692,0.009725093841552734,success,
spambase,"DIV(word_freq_internet,word_freq_report)",DIV,"['word_freq_internet', 'word_freq_report']",0.9434782608695652,-0.0014492753623188692,0.015080928802490234,success,
spambase,"ADD(word_freq_internet,word_freq_addresses)",ADD,"['word_freq_internet', 'word_freq_addresses']",0.9449275362318841,0.0,0.011214017868041992,success,
spambase,"SUB(word_freq_internet,word_freq_addresses)",SUB,"['word_freq_internet', 'word_freq_addresses']",0.9449275362318841,0.0,0.010896444320678711,success,
spambase,"MUL(word_freq_internet,word_freq_addresses)",MUL,"['word_freq_internet', 'word_freq_addresses']",0.9449275362318841,0.0,0.010431528091430664,success,
spambase,"DIV(word_freq_internet,word_freq_addresses)",DIV,"['word_freq_internet', 'word_freq_addresses']",0.9449275362318841,0.0,0.011558771133422852,success,
spambase,"ADD(word_freq_internet,word_freq_free)",ADD,"['word_freq_internet', 'word_freq_free']",0.9449275362318841,0.0,0.010490655899047852,success,
spambase,"SUB(word_freq_internet,word_freq_free)",SUB,"['word_freq_internet', 'word_freq_free']",0.9449275362318841,0.0,0.010478496551513672,success,
spambase,"MUL(word_freq_internet,word_freq_free)",MUL,"['word_freq_internet', 'word_freq_free']",0.9449275362318841,0.0,0.01000523567199707,success,
spambase,"DIV(word_freq_internet,word_freq_free)",DIV,"['word_freq_internet', 'word_freq_free']",0.9478260869565217,0.0028985507246376274,0.015547752380371094,success,
spambase,"ADD(word_freq_internet,word_freq_business)",ADD,"['word_freq_internet', 'word_freq_business']",0.9449275362318841,0.0,0.010897397994995117,success,
spambase,"SUB(word_freq_internet,word_freq_business)",SUB,"['word_freq_internet', 'word_freq_business']",0.9449275362318841,0.0,0.010980844497680664,success,
spambase,"MUL(word_freq_internet,word_freq_business)",MUL,"['word_freq_internet', 'word_freq_business']",0.9434782608695652,-0.0014492753623188692,0.011870384216308594,success,
spambase,"DIV(word_freq_internet,word_freq_business)",DIV,"['word_freq_internet', 'word_freq_business']",0.9449275362318841,0.0,0.021142244338989258,success,
spambase,"ADD(word_freq_internet,word_freq_email)",ADD,"['word_freq_internet', 'word_freq_email']",0.9449275362318841,0.0,0.010751008987426758,success,
spambase,"SUB(word_freq_internet,word_freq_email)",SUB,"['word_freq_internet', 'word_freq_email']",0.9449275362318841,0.0,0.010645866394042969,success,
spambase,"MUL(word_freq_internet,word_freq_email)",MUL,"['word_freq_internet', 'word_freq_email']",0.9449275362318841,0.0,0.01014566421508789,success,
spambase,"DIV(word_freq_internet,word_freq_email)",DIV,"['word_freq_internet', 'word_freq_email']",0.9449275362318841,0.0,0.05137324333190918,success,
spambase,"ADD(word_freq_internet,word_freq_you)",ADD,"['word_freq_internet', 'word_freq_you']",0.9449275362318841,0.0,0.010616540908813477,success,
spambase,"SUB(word_freq_internet,word_freq_you)",SUB,"['word_freq_internet', 'word_freq_you']",0.9449275362318841,0.0,0.010571956634521484,success,
spambase,"MUL(word_freq_internet,word_freq_you)",MUL,"['word_freq_internet', 'word_freq_you']",0.946376811594203,0.0014492753623188692,0.010915517807006836,success,
spambase,"DIV(word_freq_internet,word_freq_you)",DIV,"['word_freq_internet', 'word_freq_you']",0.9449275362318841,0.0,0.05003190040588379,success,
spambase,"ADD(word_freq_internet,word_freq_credit)",ADD,"['word_freq_internet', 'word_freq_credit']",0.9449275362318841,0.0,0.009698152542114258,success,
spambase,"SUB(word_freq_internet,word_freq_credit)",SUB,"['word_freq_internet', 'word_freq_credit']",0.9449275362318841,0.0,0.009822607040405273,success,
spambase,"MUL(word_freq_internet,word_freq_credit)",MUL,"['word_freq_internet', 'word_freq_credit']",0.9449275362318841,0.0,0.010282754898071289,success,
spambase,"DIV(word_freq_internet,word_freq_credit)",DIV,"['word_freq_internet', 'word_freq_credit']",0.9449275362318841,0.0,0.013701677322387695,success,
spambase,"ADD(word_freq_order,word_freq_mail)",ADD,"['word_freq_order', 'word_freq_mail']",0.9449275362318841,0.0,0.010602712631225586,success,
spambase,"SUB(word_freq_order,word_freq_mail)",SUB,"['word_freq_order', 'word_freq_mail']",0.9449275362318841,0.0,0.010746955871582031,success,
spambase,"MUL(word_freq_order,word_freq_mail)",MUL,"['word_freq_order', 'word_freq_mail']",0.9420289855072463,-0.0028985507246377384,0.010060548782348633,success,
spambase,"DIV(word_freq_order,word_freq_mail)",DIV,"['word_freq_order', 'word_freq_mail']",0.9449275362318841,0.0,0.014557600021362305,success,
spambase,"ADD(word_freq_order,word_freq_receive)",ADD,"['word_freq_order', 'word_freq_receive']",0.9449275362318841,0.0,0.010996341705322266,success,
spambase,"SUB(word_freq_order,word_freq_receive)",SUB,"['word_freq_order', 'word_freq_receive']",0.9449275362318841,0.0,0.010938167572021484,success,
spambase,"MUL(word_freq_order,word_freq_receive)",MUL,"['word_freq_order', 'word_freq_receive']",0.946376811594203,0.0014492753623188692,0.00965118408203125,success,
spambase,"DIV(word_freq_order,word_freq_receive)",DIV,"['word_freq_order', 'word_freq_receive']",0.9449275362318841,0.0,0.01302194595336914,success,
spambase,"ADD(word_freq_order,word_freq_will)",ADD,"['word_freq_order', 'word_freq_will']",0.9449275362318841,0.0,0.01141047477722168,success,
spambase,"SUB(word_freq_order,word_freq_will)",SUB,"['word_freq_order', 'word_freq_will']",0.9449275362318841,0.0,0.010836601257324219,success,
spambase,"MUL(word_freq_order,word_freq_will)",MUL,"['word_freq_order', 'word_freq_will']",0.9420289855072463,-0.0028985507246377384,0.010292530059814453,success,
spambase,"DIV(word_freq_order,word_freq_will)",DIV,"['word_freq_order', 'word_freq_will']",0.9449275362318841,0.0,0.015146970748901367,success,
spambase,"ADD(word_freq_order,word_freq_people)",ADD,"['word_freq_order', 'word_freq_people']",0.9449275362318841,0.0,0.009837150573730469,success,
spambase,"SUB(word_freq_order,word_freq_people)",SUB,"['word_freq_order', 'word_freq_people']",0.9449275362318841,0.0,0.010797500610351562,success,
spambase,"MUL(word_freq_order,word_freq_people)",MUL,"['word_freq_order', 'word_freq_people']",0.9449275362318841,0.0,0.010319948196411133,success,
spambase,"DIV(word_freq_order,word_freq_people)",DIV,"['word_freq_order', 'word_freq_people']",0.9449275362318841,0.0,0.014224529266357422,success,
spambase,"ADD(word_freq_order,word_freq_report)",ADD,"['word_freq_order', 'word_freq_report']",0.9449275362318841,0.0,0.010670185089111328,success,
spambase,"SUB(word_freq_order,word_freq_report)",SUB,"['word_freq_order', 'word_freq_report']",0.9449275362318841,0.0,0.010589122772216797,success,
spambase,"MUL(word_freq_order,word_freq_report)",MUL,"['word_freq_order', 'word_freq_report']",0.9449275362318841,0.0,0.00980830192565918,success,
spambase,"DIV(word_freq_order,word_freq_report)",DIV,"['word_freq_order', 'word_freq_report']",0.9449275362318841,0.0,0.015241622924804688,success,
spambase,"ADD(word_freq_order,word_freq_addresses)",ADD,"['word_freq_order', 'word_freq_addresses']",0.9449275362318841,0.0,0.011012792587280273,success,
spambase,"SUB(word_freq_order,word_freq_addresses)",SUB,"['word_freq_order', 'word_freq_addresses']",0.9449275362318841,0.0,0.010056018829345703,success,
spambase,"MUL(word_freq_order,word_freq_addresses)",MUL,"['word_freq_order', 'word_freq_addresses']",0.9449275362318841,0.0,0.010070085525512695,success,
spambase,"DIV(word_freq_order,word_freq_addresses)",DIV,"['word_freq_order', 'word_freq_addresses']",0.9449275362318841,0.0,0.014580965042114258,success,
spambase,"ADD(word_freq_order,word_freq_free)",ADD,"['word_freq_order', 'word_freq_free']",0.9449275362318841,0.0,0.011163949966430664,success,
spambase,"SUB(word_freq_order,word_freq_free)",SUB,"['word_freq_order', 'word_freq_free']",0.9449275362318841,0.0,0.011333703994750977,success,
spambase,"MUL(word_freq_order,word_freq_free)",MUL,"['word_freq_order', 'word_freq_free']",0.946376811594203,0.0014492753623188692,0.010325908660888672,success,
spambase,"DIV(word_freq_order,word_freq_free)",DIV,"['word_freq_order', 'word_freq_free']",0.9449275362318841,0.0,0.02114248275756836,success,
spambase,"ADD(word_freq_order,word_freq_business)",ADD,"['word_freq_order', 'word_freq_business']",0.9449275362318841,0.0,0.010471582412719727,success,
spambase,"SUB(word_freq_order,word_freq_business)",SUB,"['word_freq_order', 'word_freq_business']",0.9449275362318841,0.0,0.010412931442260742,success,
spambase,"MUL(word_freq_order,word_freq_business)",MUL,"['word_freq_order', 'word_freq_business']",0.9405797101449276,-0.004347826086956497,0.012757301330566406,success,
spambase,"DIV(word_freq_order,word_freq_business)",DIV,"['word_freq_order', 'word_freq_business']",0.9434782608695652,-0.0014492753623188692,0.020112276077270508,success,
spambase,"ADD(word_freq_order,word_freq_email)",ADD,"['word_freq_order', 'word_freq_email']",0.9449275362318841,0.0,0.010764837265014648,success,
spambase,"SUB(word_freq_order,word_freq_email)",SUB,"['word_freq_order', 'word_freq_email']",0.9449275362318841,0.0,0.011759281158447266,success,
spambase,"MUL(word_freq_order,word_freq_email)",MUL,"['word_freq_order', 'word_freq_email']",0.946376811594203,0.0014492753623188692,0.011276483535766602,success,
spambase,"DIV(word_freq_order,word_freq_email)",DIV,"['word_freq_order', 'word_freq_email']",0.9434782608695652,-0.0014492753623188692,0.02474808692932129,success,
spambase,"ADD(word_freq_order,word_freq_you)",ADD,"['word_freq_order', 'word_freq_you']",0.9449275362318841,0.0,0.012209415435791016,success,
spambase,"SUB(word_freq_order,word_freq_you)",SUB,"['word_freq_order', 'word_freq_you']",0.9449275362318841,0.0,0.010947227478027344,success,
spambase,"MUL(word_freq_order,word_freq_you)",MUL,"['word_freq_order', 'word_freq_you']",0.9449275362318841,0.0,0.01023101806640625,success,
spambase,"DIV(word_freq_order,word_freq_you)",DIV,"['word_freq_order', 'word_freq_you']",0.9449275362318841,0.0,0.03947710990905762,success,
spambase,"ADD(word_freq_order,word_freq_credit)",ADD,"['word_freq_order', 'word_freq_credit']",0.9449275362318841,0.0,0.010640144348144531,success,
spambase,"SUB(word_freq_order,word_freq_credit)",SUB,"['word_freq_order', 'word_freq_credit']",0.9449275362318841,0.0,0.010585308074951172,success,
spambase,"MUL(word_freq_order,word_freq_credit)",MUL,"['word_freq_order', 'word_freq_credit']",0.9449275362318841,0.0,0.010709047317504883,success,
spambase,"DIV(word_freq_order,word_freq_credit)",DIV,"['word_freq_order', 'word_freq_credit']",0.9434782608695652,-0.0014492753623188692,0.01600193977355957,success,
spambase,"ADD(word_freq_mail,word_freq_receive)",ADD,"['word_freq_mail', 'word_freq_receive']",0.9449275362318841,0.0,0.01168060302734375,success,
spambase,"SUB(word_freq_mail,word_freq_receive)",SUB,"['word_freq_mail', 'word_freq_receive']",0.9449275362318841,0.0,0.011594057083129883,success,
spambase,"MUL(word_freq_mail,word_freq_receive)",MUL,"['word_freq_mail', 'word_freq_receive']",0.9434782608695652,-0.0014492753623188692,0.009556055068969727,success,
spambase,"DIV(word_freq_mail,word_freq_receive)",DIV,"['word_freq_mail', 'word_freq_receive']",0.9449275362318841,0.0,0.013955116271972656,success,
spambase,"ADD(word_freq_mail,word_freq_will)",ADD,"['word_freq_mail', 'word_freq_will']",0.9449275362318841,0.0,0.01085972785949707,success,
spambase,"SUB(word_freq_mail,word_freq_will)",SUB,"['word_freq_mail', 'word_freq_will']",0.9449275362318841,0.0,0.011533021926879883,success,
spambase,"MUL(word_freq_mail,word_freq_will)",MUL,"['word_freq_mail', 'word_freq_will']",0.9449275362318841,0.0,0.010495185852050781,success,
spambase,"DIV(word_freq_mail,word_freq_will)",DIV,"['word_freq_mail', 'word_freq_will']",0.9434782608695652,-0.0014492753623188692,0.014484882354736328,success,
spambase,"ADD(word_freq_mail,word_freq_people)",ADD,"['word_freq_mail', 'word_freq_people']",0.9449275362318841,0.0,0.010843276977539062,success,
spambase,"SUB(word_freq_mail,word_freq_people)",SUB,"['word_freq_mail', 'word_freq_people']",0.9449275362318841,0.0,0.010710000991821289,success,
spambase,"MUL(word_freq_mail,word_freq_people)",MUL,"['word_freq_mail', 'word_freq_people']",0.9434782608695652,-0.0014492753623188692,0.010909080505371094,success,
spambase,"DIV(word_freq_mail,word_freq_people)",DIV,"['word_freq_mail', 'word_freq_people']",0.9449275362318841,0.0,0.01551508903503418,success,
spambase,"ADD(word_freq_mail,word_freq_report)",ADD,"['word_freq_mail', 'word_freq_report']",0.9449275362318841,0.0,0.010981082916259766,success,
spambase,"SUB(word_freq_mail,word_freq_report)",SUB,"['word_freq_mail', 'word_freq_report']",0.9449275362318841,0.0,0.010886907577514648,success,
spambase,"MUL(word_freq_mail,word_freq_report)",MUL,"['word_freq_mail', 'word_freq_report']",0.9434782608695652,-0.0014492753623188692,0.010297775268554688,success,
spambase,"DIV(word_freq_mail,word_freq_report)",DIV,"['word_freq_mail', 'word_freq_report']",0.9449275362318841,0.0,0.018035411834716797,success,
spambase,"ADD(word_freq_mail,word_freq_addresses)",ADD,"['word_freq_mail', 'word_freq_addresses']",0.9434782608695652,-0.0014492753623188692,0.011366605758666992,success,
spambase,"SUB(word_freq_mail,word_freq_addresses)",SUB,"['word_freq_mail', 'word_freq_addresses']",0.9449275362318841,0.0,0.010297775268554688,success,
spambase,"MUL(word_freq_mail,word_freq_addresses)",MUL,"['word_freq_mail', 'word_freq_addresses']",0.9449275362318841,0.0,0.01089620590209961,success,
spambase,"DIV(word_freq_mail,word_freq_addresses)",DIV,"['word_freq_mail', 'word_freq_addresses']",0.9449275362318841,0.0,0.019711017608642578,success,
spambase,"ADD(word_freq_mail,word_freq_free)",ADD,"['word_freq_mail', 'word_freq_free']",0.9449275362318841,0.0,0.010878324508666992,success,
spambase,"SUB(word_freq_mail,word_freq_free)",SUB,"['word_freq_mail', 'word_freq_free']",0.9449275362318841,0.0,0.011525392532348633,success,
spambase,"MUL(word_freq_mail,word_freq_free)",MUL,"['word_freq_mail', 'word_freq_free']",0.9434782608695652,-0.0014492753623188692,0.010733604431152344,success,
spambase,"DIV(word_freq_mail,word_freq_free)",DIV,"['word_freq_mail', 'word_freq_free']",0.9449275362318841,0.0,0.029024362564086914,success,
spambase,"ADD(word_freq_mail,word_freq_business)",ADD,"['word_freq_mail', 'word_freq_business']",0.9449275362318841,0.0,0.01073145866394043,success,
spambase,"SUB(word_freq_mail,word_freq_business)",SUB,"['word_freq_mail', 'word_freq_business']",0.9449275362318841,0.0,0.011171817779541016,success,
spambase,"MUL(word_freq_mail,word_freq_business)",MUL,"['word_freq_mail', 'word_freq_business']",0.9449275362318841,0.0,0.010097742080688477,success,
spambase,"DIV(word_freq_mail,word_freq_business)",DIV,"['word_freq_mail', 'word_freq_business']",0.9449275362318841,0.0,0.013981103897094727,success,
spambase,"ADD(word_freq_mail,word_freq_email)",ADD,"['word_freq_mail', 'word_freq_email']",0.9449275362318841,0.0,0.010288476943969727,success,
spambase,"SUB(word_freq_mail,word_freq_email)",SUB,"['word_freq_mail', 'word_freq_email']",0.9449275362318841,0.0,0.011219024658203125,success,
spambase,"MUL(word_freq_mail,word_freq_email)",MUL,"['word_freq_mail', 'word_freq_email']",0.946376811594203,0.0014492753623188692,0.010804414749145508,success,
spambase,"DIV(word_freq_mail,word_freq_email)",DIV,"['word_freq_mail', 'word_freq_email']",0.9420289855072463,-0.0028985507246377384,0.016986846923828125,success,
spambase,"ADD(word_freq_mail,word_freq_you)",ADD,"['word_freq_mail', 'word_freq_you']",0.9449275362318841,0.0,0.012193918228149414,success,
spambase,"SUB(word_freq_mail,word_freq_you)",SUB,"['word_freq_mail', 'word_freq_you']",0.9449275362318841,0.0,0.010553598403930664,success,
spambase,"MUL(word_freq_mail,word_freq_you)",MUL,"['word_freq_mail', 'word_freq_you']",0.9449275362318841,0.0,0.011102914810180664,success,
spambase,"DIV(word_freq_mail,word_freq_you)",DIV,"['word_freq_mail', 'word_freq_you']",0.9434782608695652,-0.0014492753623188692,0.041510581970214844,success,
spambase,"ADD(word_freq_mail,word_freq_credit)",ADD,"['word_freq_mail', 'word_freq_credit']",0.9449275362318841,0.0,0.011363744735717773,success,
spambase,"SUB(word_freq_mail,word_freq_credit)",SUB,"['word_freq_mail', 'word_freq_credit']",0.9449275362318841,0.0,0.010864496231079102,success,
spambase,"MUL(word_freq_mail,word_freq_credit)",MUL,"['word_freq_mail', 'word_freq_credit']",0.9449275362318841,0.0,0.010690927505493164,success,
spambase,"DIV(word_freq_mail,word_freq_credit)",DIV,"['word_freq_mail', 'word_freq_credit']",0.9434782608695652,-0.0014492753623188692,0.018687963485717773,success,
spambase,"ADD(word_freq_receive,word_freq_will)",ADD,"['word_freq_receive', 'word_freq_will']",0.9449275362318841,0.0,0.011595726013183594,success,
spambase,"SUB(word_freq_receive,word_freq_will)",SUB,"['word_freq_receive', 'word_freq_will']",0.9449275362318841,0.0,0.012658834457397461,success,
spambase,"MUL(word_freq_receive,word_freq_will)",MUL,"['word_freq_receive', 'word_freq_will']",0.9420289855072463,-0.0028985507246377384,0.011536359786987305,success,
spambase,"DIV(word_freq_receive,word_freq_will)",DIV,"['word_freq_receive', 'word_freq_will']",0.9449275362318841,0.0,0.03731226921081543,success,
spambase,"ADD(word_freq_receive,word_freq_people)",ADD,"['word_freq_receive', 'word_freq_people']",0.9449275362318841,0.0,0.01029825210571289,success,
spambase,"SUB(word_freq_receive,word_freq_people)",SUB,"['word_freq_receive', 'word_freq_people']",0.9449275362318841,0.0,0.010688066482543945,success,
spambase,"MUL(word_freq_receive,word_freq_people)",MUL,"['word_freq_receive', 'word_freq_people']",0.9449275362318841,0.0,0.009924650192260742,success,
spambase,"DIV(word_freq_receive,word_freq_people)",DIV,"['word_freq_receive', 'word_freq_people']",0.9449275362318841,0.0,0.014164924621582031,success,
spambase,"ADD(word_freq_receive,word_freq_report)",ADD,"['word_freq_receive', 'word_freq_report']",0.9449275362318841,0.0,0.010611772537231445,success,
spambase,"SUB(word_freq_receive,word_freq_report)",SUB,"['word_freq_receive', 'word_freq_report']",0.9449275362318841,0.0,0.010644197463989258,success,
spambase,"MUL(word_freq_receive,word_freq_report)",MUL,"['word_freq_receive', 'word_freq_report']",0.9449275362318841,0.0,0.01018524169921875,success,
spambase,"DIV(word_freq_receive,word_freq_report)",DIV,"['word_freq_receive', 'word_freq_report']",0.946376811594203,0.0014492753623188692,0.013728618621826172,success,
spambase,"ADD(word_freq_receive,word_freq_addresses)",ADD,"['word_freq_receive', 'word_freq_addresses']",0.9449275362318841,0.0,0.010898590087890625,success,
spambase,"SUB(word_freq_receive,word_freq_addresses)",SUB,"['word_freq_receive', 'word_freq_addresses']",0.9449275362318841,0.0,0.011793851852416992,success,
spambase,"MUL(word_freq_receive,word_freq_addresses)",MUL,"['word_freq_receive', 'word_freq_addresses']",0.9449275362318841,0.0,0.01136326789855957,success,
spambase,"DIV(word_freq_receive,word_freq_addresses)",DIV,"['word_freq_receive', 'word_freq_addresses']",0.9449275362318841,0.0,0.01732921600341797,success,
spambase,"ADD(word_freq_receive,word_freq_free)",ADD,"['word_freq_receive', 'word_freq_free']",0.9449275362318841,0.0,0.010635137557983398,success,
spambase,"SUB(word_freq_receive,word_freq_free)",SUB,"['word_freq_receive', 'word_freq_free']",0.9449275362318841,0.0,0.01085209846496582,success,
spambase,"MUL(word_freq_receive,word_freq_free)",MUL,"['word_freq_receive', 'word_freq_free']",0.946376811594203,0.0014492753623188692,0.010414838790893555,success,
spambase,"DIV(word_freq_receive,word_freq_free)",DIV,"['word_freq_receive', 'word_freq_free']",0.9449275362318841,0.0,0.023244380950927734,success,
spambase,"ADD(word_freq_receive,word_freq_business)",ADD,"['word_freq_receive', 'word_freq_business']",0.9449275362318841,0.0,0.010772705078125,success,
spambase,"SUB(word_freq_receive,word_freq_business)",SUB,"['word_freq_receive', 'word_freq_business']",0.9449275362318841,0.0,0.010298013687133789,success,
spambase,"MUL(word_freq_receive,word_freq_business)",MUL,"['word_freq_receive', 'word_freq_business']",0.9449275362318841,0.0,0.010186433792114258,success,
spambase,"DIV(word_freq_receive,word_freq_business)",DIV,"['word_freq_receive', 'word_freq_business']",0.9434782608695652,-0.0014492753623188692,0.017738819122314453,success,
spambase,"ADD(word_freq_receive,word_freq_email)",ADD,"['word_freq_receive', 'word_freq_email']",0.9449275362318841,0.0,0.01237940788269043,success,
spambase,"SUB(word_freq_receive,word_freq_email)",SUB,"['word_freq_receive', 'word_freq_email']",0.9449275362318841,0.0,0.011115789413452148,success,
spambase,"MUL(word_freq_receive,word_freq_email)",MUL,"['word_freq_receive', 'word_freq_email']",0.9478260869565217,0.0028985507246376274,0.010912179946899414,success,
spambase,"DIV(word_freq_receive,word_freq_email)",DIV,"['word_freq_receive', 'word_freq_email']",0.9449275362318841,0.0,0.021433115005493164,success,
spambase,"ADD(word_freq_receive,word_freq_you)",ADD,"['word_freq_receive', 'word_freq_you']",0.9449275362318841,0.0,0.01104879379272461,success,
spambase,"SUB(word_freq_receive,word_freq_you)",SUB,"['word_freq_receive', 'word_freq_you']",0.9449275362318841,0.0,0.010653972625732422,success,
spambase,"MUL(word_freq_receive,word_freq_you)",MUL,"['word_freq_receive', 'word_freq_you']",0.9434782608695652,-0.0014492753623188692,0.010733604431152344,success,
spambase,"DIV(word_freq_receive,word_freq_you)",DIV,"['word_freq_receive', 'word_freq_you']",0.9449275362318841,0.0,0.03615880012512207,success,
spambase,"ADD(word_freq_receive,word_freq_credit)",ADD,"['word_freq_receive', 'word_freq_credit']",0.9449275362318841,0.0,0.011602640151977539,success,
spambase,"SUB(word_freq_receive,word_freq_credit)",SUB,"['word_freq_receive', 'word_freq_credit']",0.9449275362318841,0.0,0.010744094848632812,success,
spambase,"MUL(word_freq_receive,word_freq_credit)",MUL,"['word_freq_receive', 'word_freq_credit']",0.9449275362318841,0.0,0.010083675384521484,success,
spambase,"DIV(word_freq_receive,word_freq_credit)",DIV,"['word_freq_receive', 'word_freq_credit']",0.9449275362318841,0.0,0.017736196517944336,success,
spambase,"ADD(word_freq_will,word_freq_people)",ADD,"['word_freq_will', 'word_freq_people']",0.9449275362318841,0.0,0.010712862014770508,success,
spambase,"SUB(word_freq_will,word_freq_people)",SUB,"['word_freq_will', 'word_freq_people']",0.9449275362318841,0.0,0.011265277862548828,success,
spambase,"MUL(word_freq_will,word_freq_people)",MUL,"['word_freq_will', 'word_freq_people']",0.9449275362318841,0.0,0.010764837265014648,success,
spambase,"DIV(word_freq_will,word_freq_people)",DIV,"['word_freq_will', 'word_freq_people']",0.9449275362318841,0.0,0.013611316680908203,success,
spambase,"ADD(word_freq_will,word_freq_report)",ADD,"['word_freq_will', 'word_freq_report']",0.9449275362318841,0.0,0.010821819305419922,success,
spambase,"SUB(word_freq_will,word_freq_report)",SUB,"['word_freq_will', 'word_freq_report']",0.9449275362318841,0.0,0.011777162551879883,success,
spambase,"MUL(word_freq_will,word_freq_report)",MUL,"['word_freq_will', 'word_freq_report']",0.9449275362318841,0.0,0.011221885681152344,success,
spambase,"DIV(word_freq_will,word_freq_report)",DIV,"['word_freq_will', 'word_freq_report']",0.9449275362318841,0.0,0.014283180236816406,success,
spambase,"ADD(word_freq_will,word_freq_addresses)",ADD,"['word_freq_will', 'word_freq_addresses']",0.9449275362318841,0.0,0.010537147521972656,success,
spambase,"SUB(word_freq_will,word_freq_addresses)",SUB,"['word_freq_will', 'word_freq_addresses']",0.9449275362318841,0.0,0.010231733322143555,success,
spambase,"MUL(word_freq_will,word_freq_addresses)",MUL,"['word_freq_will', 'word_freq_addresses']",0.9449275362318841,0.0,0.010136842727661133,success,
spambase,"DIV(word_freq_will,word_freq_addresses)",DIV,"['word_freq_will', 'word_freq_addresses']",0.9449275362318841,0.0,0.014635086059570312,success,
spambase,"ADD(word_freq_will,word_freq_free)",ADD,"['word_freq_will', 'word_freq_free']",0.9449275362318841,0.0,0.010432958602905273,success,
spambase,"SUB(word_freq_will,word_freq_free)",SUB,"['word_freq_will', 'word_freq_free']",0.9449275362318841,0.0,0.01081395149230957,success,
spambase,"MUL(word_freq_will,word_freq_free)",MUL,"['word_freq_will', 'word_freq_free']",0.946376811594203,0.0014492753623188692,0.010772466659545898,success,
spambase,"DIV(word_freq_will,word_freq_free)",DIV,"['word_freq_will', 'word_freq_free']",0.9449275362318841,0.0,0.023280620574951172,success,
spambase,"ADD(word_freq_will,word_freq_business)",ADD,"['word_freq_will', 'word_freq_business']",0.9449275362318841,0.0,0.010884523391723633,success,
spambase,"SUB(word_freq_will,word_freq_business)",SUB,"['word_freq_will', 'word_freq_business']",0.9449275362318841,0.0,0.010402679443359375,success,
spambase,"MUL(word_freq_will,word_freq_business)",MUL,"['word_freq_will', 'word_freq_business']",0.9434782608695652,-0.0014492753623188692,0.010355710983276367,success,
spambase,"DIV(word_freq_will,word_freq_business)",DIV,"['word_freq_will', 'word_freq_business']",0.9449275362318841,0.0,0.03001856803894043,success,
spambase,"ADD(word_freq_will,word_freq_email)",ADD,"['word_freq_will', 'word_freq_email']",0.9449275362318841,0.0,0.011011838912963867,success,
spambase,"SUB(word_freq_will,word_freq_email)",SUB,"['word_freq_will', 'word_freq_email']",0.9449275362318841,0.0,0.010986089706420898,success,
spambase,"MUL(word_freq_will,word_freq_email)",MUL,"['word_freq_will', 'word_freq_email']",0.9449275362318841,0.0,0.010345458984375,success,
spambase,"DIV(word_freq_will,word_freq_email)",DIV,"['word_freq_will', 'word_freq_email']",0.9449275362318841,0.0,0.028844833374023438,success,
spambase,"ADD(word_freq_will,word_freq_you)",ADD,"['word_freq_will', 'word_freq_you']",0.9449275362318841,0.0,0.01056051254272461,success,
spambase,"SUB(word_freq_will,word_freq_you)",SUB,"['word_freq_will', 'word_freq_you']",0.9449275362318841,0.0,0.011439085006713867,success,
spambase,"MUL(word_freq_will,word_freq_you)",MUL,"['word_freq_will', 'word_freq_you']",0.946376811594203,0.0014492753623188692,0.01104283332824707,success,
spambase,"DIV(word_freq_will,word_freq_you)",DIV,"['word_freq_will', 'word_freq_you']",0.9449275362318841,0.0,0.08657646179199219,success,
spambase,"ADD(word_freq_will,word_freq_credit)",ADD,"['word_freq_will', 'word_freq_credit']",0.9449275362318841,0.0,0.011142253875732422,success,
spambase,"SUB(word_freq_will,word_freq_credit)",SUB,"['word_freq_will', 'word_freq_credit']",0.9449275362318841,0.0,0.01025533676147461,success,
spambase,"MUL(word_freq_will,word_freq_credit)",MUL,"['word_freq_will', 'word_freq_credit']",0.9449275362318841,0.0,0.011593103408813477,success,
spambase,"DIV(word_freq_will,word_freq_credit)",DIV,"['word_freq_will', 'word_freq_credit']",0.9405797101449276,-0.004347826086956497,0.01541280746459961,success,
spambase,"ADD(word_freq_people,word_freq_report)",ADD,"['word_freq_people', 'word_freq_report']",0.9449275362318841,0.0,0.011104822158813477,success,
spambase,"SUB(word_freq_people,word_freq_report)",SUB,"['word_freq_people', 'word_freq_report']",0.9449275362318841,0.0,0.011124610900878906,success,
spambase,"MUL(word_freq_people,word_freq_report)",MUL,"['word_freq_people', 'word_freq_report']",0.9449275362318841,0.0,0.011830568313598633,success,
spambase,"DIV(word_freq_people,word_freq_report)",DIV,"['word_freq_people', 'word_freq_report']",0.9449275362318841,0.0,0.013822317123413086,success,
spambase,"ADD(word_freq_people,word_freq_addresses)",ADD,"['word_freq_people', 'word_freq_addresses']",0.9449275362318841,0.0,0.01026463508605957,success,
spambase,"SUB(word_freq_people,word_freq_addresses)",SUB,"['word_freq_people', 'word_freq_addresses']",0.9449275362318841,0.0,0.010267257690429688,success,
spambase,"MUL(word_freq_people,word_freq_addresses)",MUL,"['word_freq_people', 'word_freq_addresses']",0.946376811594203,0.0014492753623188692,0.010969161987304688,success,
spambase,"DIV(word_freq_people,word_freq_addresses)",DIV,"['word_freq_people', 'word_freq_addresses']",0.9449275362318841,0.0,0.016502857208251953,success,
spambase,"ADD(word_freq_people,word_freq_free)",ADD,"['word_freq_people', 'word_freq_free']",0.9449275362318841,0.0,0.010086774826049805,success,
spambase,"SUB(word_freq_people,word_freq_free)",SUB,"['word_freq_people', 'word_freq_free']",0.9449275362318841,0.0,0.011859655380249023,success,
spambase,"MUL(word_freq_people,word_freq_free)",MUL,"['word_freq_people', 'word_freq_free']",0.9449275362318841,0.0,0.011626482009887695,success,
spambase,"DIV(word_freq_people,word_freq_free)",DIV,"['word_freq_people', 'word_freq_free']",0.9434782608695652,-0.0014492753623188692,0.021388769149780273,success,
spambase,"ADD(word_freq_people,word_freq_business)",ADD,"['word_freq_people', 'word_freq_business']",0.9449275362318841,0.0,0.010868072509765625,success,
spambase,"SUB(word_freq_people,word_freq_business)",SUB,"['word_freq_people', 'word_freq_business']",0.9449275362318841,0.0,0.010250329971313477,success,
spambase,"MUL(word_freq_people,word_freq_business)",MUL,"['word_freq_people', 'word_freq_business']",0.9449275362318841,0.0,0.010402441024780273,success,
spambase,"DIV(word_freq_people,word_freq_business)",DIV,"['word_freq_people', 'word_freq_business']",0.9449275362318841,0.0,0.018726110458374023,success,
spambase,"ADD(word_freq_people,word_freq_email)",ADD,"['word_freq_people', 'word_freq_email']",0.9449275362318841,0.0,0.01057577133178711,success,
spambase,"SUB(word_freq_people,word_freq_email)",SUB,"['word_freq_people', 'word_freq_email']",0.9449275362318841,0.0,0.010138750076293945,success,
spambase,"MUL(word_freq_people,word_freq_email)",MUL,"['word_freq_people', 'word_freq_email']",0.9420289855072463,-0.0028985507246377384,0.011054277420043945,success,
spambase,"DIV(word_freq_people,word_freq_email)",DIV,"['word_freq_people', 'word_freq_email']",0.9449275362318841,0.0,0.049280643463134766,success,
spambase,"ADD(word_freq_people,word_freq_you)",ADD,"['word_freq_people', 'word_freq_you']",0.9449275362318841,0.0,0.01090383529663086,success,
spambase,"SUB(word_freq_people,word_freq_you)",SUB,"['word_freq_people', 'word_freq_you']",0.9449275362318841,0.0,0.010916948318481445,success,
spambase,"MUL(word_freq_people,word_freq_you)",MUL,"['word_freq_people', 'word_freq_you']",0.9434782608695652,-0.0014492753623188692,0.01044321060180664,success,
spambase,"DIV(word_freq_people,word_freq_you)",DIV,"['word_freq_people', 'word_freq_you']",0.9449275362318841,0.0,0.06822872161865234,success,
spambase,"ADD(word_freq_people,word_freq_credit)",ADD,"['word_freq_people', 'word_freq_credit']",0.9449275362318841,0.0,0.011020898818969727,success,
spambase,"SUB(word_freq_people,word_freq_credit)",SUB,"['word_freq_people', 'word_freq_credit']",0.9449275362318841,0.0,0.010226726531982422,success,
spambase,"MUL(word_freq_people,word_freq_credit)",MUL,"['word_freq_people', 'word_freq_credit']",0.9434782608695652,-0.0014492753623188692,0.01002359390258789,success,
spambase,"DIV(word_freq_people,word_freq_credit)",DIV,"['word_freq_people', 'word_freq_credit']",0.9449275362318841,0.0,0.014053821563720703,success,
spambase,"ADD(word_freq_report,word_freq_addresses)",ADD,"['word_freq_report', 'word_freq_addresses']",0.9449275362318841,0.0,0.010550260543823242,success,
spambase,"SUB(word_freq_report,word_freq_addresses)",SUB,"['word_freq_report', 'word_freq_addresses']",0.9449275362318841,0.0,0.011043310165405273,success,
spambase,"MUL(word_freq_report,word_freq_addresses)",MUL,"['word_freq_report', 'word_freq_addresses']",0.9449275362318841,0.0,0.009911298751831055,success,
spambase,"DIV(word_freq_report,word_freq_addresses)",DIV,"['word_freq_report', 'word_freq_addresses']",0.9449275362318841,0.0,0.01702713966369629,success,
spambase,"ADD(word_freq_report,word_freq_free)",ADD,"['word_freq_report', 'word_freq_free']",0.9449275362318841,0.0,0.011139154434204102,success,
spambase,"SUB(word_freq_report,word_freq_free)",SUB,"['word_freq_report', 'word_freq_free']",0.9449275362318841,0.0,0.010637044906616211,success,
spambase,"MUL(word_freq_report,word_freq_free)",MUL,"['word_freq_report', 'word_freq_free']",0.9449275362318841,0.0,0.009895086288452148,success,
spambase,"DIV(word_freq_report,word_freq_free)",DIV,"['word_freq_report', 'word_freq_free']",0.9449275362318841,0.0,0.01917743682861328,success,
spambase,"ADD(word_freq_report,word_freq_business)",ADD,"['word_freq_report', 'word_freq_business']",0.9449275362318841,0.0,0.01044917106628418,success,
spambase,"SUB(word_freq_report,word_freq_business)",SUB,"['word_freq_report', 'word_freq_business']",0.9449275362318841,0.0,0.010523796081542969,success,
spambase,"MUL(word_freq_report,word_freq_business)",MUL,"['word_freq_report', 'word_freq_business']",0.9449275362318841,0.0,0.009981632232666016,success,
spambase,"DIV(word_freq_report,word_freq_business)",DIV,"['word_freq_report', 'word_freq_business']",0.9449275362318841,0.0,0.017853260040283203,success,
spambase,"ADD(word_freq_report,word_freq_email)",ADD,"['word_freq_report', 'word_freq_email']",0.9449275362318841,0.0,0.01120138168334961,success,
spambase,"SUB(word_freq_report,word_freq_email)",SUB,"['word_freq_report', 'word_freq_email']",0.9449275362318841,0.0,0.01061868667602539,success,
spambase,"MUL(word_freq_report,word_freq_email)",MUL,"['word_freq_report', 'word_freq_email']",0.9449275362318841,0.0,0.009940385818481445,success,
spambase,"DIV(word_freq_report,word_freq_email)",DIV,"['word_freq_report', 'word_freq_email']",0.9434782608695652,-0.0014492753623188692,0.01277017593383789,success,
spambase,"ADD(word_freq_report,word_freq_you)",ADD,"['word_freq_report', 'word_freq_you']",0.9449275362318841,0.0,0.011240482330322266,success,
spambase,"SUB(word_freq_report,word_freq_you)",SUB,"['word_freq_report', 'word_freq_you']",0.9449275362318841,0.0,0.010902166366577148,success,
spambase,"MUL(word_freq_report,word_freq_you)",MUL,"['word_freq_report', 'word_freq_you']",0.9449275362318841,0.0,0.010846138000488281,success,
spambase,"DIV(word_freq_report,word_freq_you)",DIV,"['word_freq_report', 'word_freq_you']",0.9449275362318841,0.0,0.014467239379882812,success,
spambase,"ADD(word_freq_report,word_freq_credit)",ADD,"['word_freq_report', 'word_freq_credit']",0.9449275362318841,0.0,0.010971307754516602,success,
spambase,"SUB(word_freq_report,word_freq_credit)",SUB,"['word_freq_report', 'word_freq_credit']",0.9449275362318841,0.0,0.010922908782958984,success,
spambase,"MUL(word_freq_report,word_freq_credit)",MUL,"['word_freq_report', 'word_freq_credit']",0.9449275362318841,0.0,0.010571956634521484,success,
spambase,"DIV(word_freq_report,word_freq_credit)",DIV,"['word_freq_report', 'word_freq_credit']",0.9449275362318841,0.0,0.01646709442138672,success,
spambase,"ADD(word_freq_addresses,word_freq_free)",ADD,"['word_freq_addresses', 'word_freq_free']",0.9449275362318841,0.0,0.011414289474487305,success,
spambase,"SUB(word_freq_addresses,word_freq_free)",SUB,"['word_freq_addresses', 'word_freq_free']",0.9449275362318841,0.0,0.01074981689453125,success,
spambase,"MUL(word_freq_addresses,word_freq_free)",MUL,"['word_freq_addresses', 'word_freq_free']",0.9449275362318841,0.0,0.010741472244262695,success,
spambase,"DIV(word_freq_addresses,word_freq_free)",DIV,"['word_freq_addresses', 'word_freq_free']",0.9449275362318841,0.0,0.033057212829589844,success,
spambase,"ADD(word_freq_addresses,word_freq_business)",ADD,"['word_freq_addresses', 'word_freq_business']",0.9449275362318841,0.0,0.010470390319824219,success,
spambase,"SUB(word_freq_addresses,word_freq_business)",SUB,"['word_freq_addresses', 'word_freq_business']",0.9449275362318841,0.0,0.010160684585571289,success,
spambase,"MUL(word_freq_addresses,word_freq_business)",MUL,"['word_freq_addresses', 'word_freq_business']",0.9449275362318841,0.0,0.010622501373291016,success,
spambase,"DIV(word_freq_addresses,word_freq_business)",DIV,"['word_freq_addresses', 'word_freq_business']",0.9449275362318841,0.0,0.013868093490600586,success,
spambase,"ADD(word_freq_addresses,word_freq_email)",ADD,"['word_freq_addresses', 'word_freq_email']",0.9449275362318841,0.0,0.010141372680664062,success,
spambase,"SUB(word_freq_addresses,word_freq_email)",SUB,"['word_freq_addresses', 'word_freq_email']",0.9449275362318841,0.0,0.010100841522216797,success,
spambase,"MUL(word_freq_addresses,word_freq_email)",MUL,"['word_freq_addresses', 'word_freq_email']",0.9478260869565217,0.0028985507246376274,0.010979413986206055,success,
spambase,"DIV(word_freq_addresses,word_freq_email)",DIV,"['word_freq_addresses', 'word_freq_email']",0.9449275362318841,0.0,0.03489375114440918,success,
spambase,"ADD(word_freq_addresses,word_freq_you)",ADD,"['word_freq_addresses', 'word_freq_you']",0.9449275362318841,0.0,0.010176658630371094,success,
spambase,"SUB(word_freq_addresses,word_freq_you)",SUB,"['word_freq_addresses', 'word_freq_you']",0.9449275362318841,0.0,0.010123968124389648,success,
spambase,"MUL(word_freq_addresses,word_freq_you)",MUL,"['word_freq_addresses', 'word_freq_you']",0.9449275362318841,0.0,0.010254144668579102,success,
spambase,"DIV(word_freq_addresses,word_freq_you)",DIV,"['word_freq_addresses', 'word_freq_you']",0.9449275362318841,0.0,0.02928924560546875,success,
spambase,"ADD(word_freq_addresses,word_freq_credit)",ADD,"['word_freq_addresses', 'word_freq_credit']",0.9449275362318841,0.0,0.010812997817993164,success,
spambase,"SUB(word_freq_addresses,word_freq_credit)",SUB,"['word_freq_addresses', 'word_freq_credit']",0.9449275362318841,0.0,0.01009821891784668,success,
spambase,"MUL(word_freq_addresses,word_freq_credit)",MUL,"['word_freq_addresses', 'word_freq_credit']",0.9449275362318841,0.0,0.011832714080810547,success,
spambase,"DIV(word_freq_addresses,word_freq_credit)",DIV,"['word_freq_addresses', 'word_freq_credit']",0.9449275362318841,0.0,0.012707710266113281,success,
spambase,"ADD(word_freq_free,word_freq_business)",ADD,"['word_freq_free', 'word_freq_business']",0.9449275362318841,0.0,0.011021614074707031,success,
spambase,"SUB(word_freq_free,word_freq_business)",SUB,"['word_freq_free', 'word_freq_business']",0.9449275362318841,0.0,0.010460615158081055,success,
spambase,"MUL(word_freq_free,word_freq_business)",MUL,"['word_freq_free', 'word_freq_business']",0.946376811594203,0.0014492753623188692,0.010448694229125977,success,
spambase,"DIV(word_freq_free,word_freq_business)",DIV,"['word_freq_free', 'word_freq_business']",0.9449275362318841,0.0,0.025877714157104492,success,
spambase,"ADD(word_freq_free,word_freq_email)",ADD,"['word_freq_free', 'word_freq_email']",0.9449275362318841,0.0,0.010917901992797852,success,
spambase,"SUB(word_freq_free,word_freq_email)",SUB,"['word_freq_free', 'word_freq_email']",0.9449275362318841,0.0,0.010174989700317383,success,
spambase,"MUL(word_freq_free,word_freq_email)",MUL,"['word_freq_free', 'word_freq_email']",0.9478260869565217,0.0028985507246376274,0.011796236038208008,success,
spambase,"DIV(word_freq_free,word_freq_email)",DIV,"['word_freq_free', 'word_freq_email']",0.9449275362318841,0.0,0.022083044052124023,success,
spambase,"ADD(word_freq_free,word_freq_you)",ADD,"['word_freq_free', 'word_freq_you']",0.9449275362318841,0.0,0.010614871978759766,success,
spambase,"SUB(word_freq_free,word_freq_you)",SUB,"['word_freq_free', 'word_freq_you']",0.9449275362318841,0.0,0.010877847671508789,success,
spambase,"MUL(word_freq_free,word_freq_you)",MUL,"['word_freq_free', 'word_freq_you']",0.9492753623188406,0.004347826086956497,0.010236263275146484,success,
spambase,"DIV(word_freq_free,word_freq_you)",DIV,"['word_freq_free', 'word_freq_you']",0.9434782608695652,-0.0014492753623188692,0.04291415214538574,success,
spambase,"ADD(word_freq_free,word_freq_credit)",ADD,"['word_freq_free', 'word_freq_credit']",0.9449275362318841,0.0,0.010852575302124023,success,
spambase,"SUB(word_freq_free,word_freq_credit)",SUB,"['word_freq_free', 'word_freq_credit']",0.9449275362318841,0.0,0.010404586791992188,success,
spambase,"MUL(word_freq_free,word_freq_credit)",MUL,"['word_freq_free', 'word_freq_credit']",0.9449275362318841,0.0,0.011112451553344727,success,
spambase,"DIV(word_freq_free,word_freq_credit)",DIV,"['word_freq_free', 'word_freq_credit']",0.9434782608695652,-0.0014492753623188692,0.015126705169677734,success,
spambase,"ADD(word_freq_business,word_freq_email)",ADD,"['word_freq_business', 'word_freq_email']",0.9449275362318841,0.0,0.01064157485961914,success,
spambase,"SUB(word_freq_business,word_freq_email)",SUB,"['word_freq_business', 'word_freq_email']",0.9449275362318841,0.0,0.01032567024230957,success,
spambase,"MUL(word_freq_business,word_freq_email)",MUL,"['word_freq_business', 'word_freq_email']",0.9478260869565217,0.0028985507246376274,0.010799646377563477,success,
spambase,"DIV(word_freq_business,word_freq_email)",DIV,"['word_freq_business', 'word_freq_email']",0.9449275362318841,0.0,0.04274797439575195,success,
spambase,"ADD(word_freq_business,word_freq_you)",ADD,"['word_freq_business', 'word_freq_you']",0.9449275362318841,0.0,0.010395050048828125,success,
spambase,"SUB(word_freq_business,word_freq_you)",SUB,"['word_freq_business', 'word_freq_you']",0.9449275362318841,0.0,0.010833263397216797,success,
spambase,"MUL(word_freq_business,word_freq_you)",MUL,"['word_freq_business', 'word_freq_you']",0.946376811594203,0.0014492753623188692,0.011018037796020508,success,
spambase,"DIV(word_freq_business,word_freq_you)",DIV,"['word_freq_business', 'word_freq_you']",0.9449275362318841,0.0,0.06154441833496094,success,
spambase,"ADD(word_freq_business,word_freq_credit)",ADD,"['word_freq_business', 'word_freq_credit']",0.9449275362318841,0.0,0.01222681999206543,success,
spambase,"SUB(word_freq_business,word_freq_credit)",SUB,"['word_freq_business', 'word_freq_credit']",0.9449275362318841,0.0,0.010770082473754883,success,
spambase,"MUL(word_freq_business,word_freq_credit)",MUL,"['word_freq_business', 'word_freq_credit']",0.9449275362318841,0.0,0.01032400131225586,success,
spambase,"DIV(word_freq_business,word_freq_credit)",DIV,"['word_freq_business', 'word_freq_credit']",0.9449275362318841,0.0,0.015878915786743164,success,
spambase,"ADD(word_freq_email,word_freq_you)",ADD,"['word_freq_email', 'word_freq_you']",0.9449275362318841,0.0,0.011428117752075195,success,
spambase,"SUB(word_freq_email,word_freq_you)",SUB,"['word_freq_email', 'word_freq_you']",0.9449275362318841,0.0,0.010367393493652344,success,
spambase,"MUL(word_freq_email,word_freq_you)",MUL,"['word_freq_email', 'word_freq_you']",0.946376811594203,0.0014492753623188692,0.011754989624023438,success,
spambase,"DIV(word_freq_email,word_freq_you)",DIV,"['word_freq_email', 'word_freq_you']",0.946376811594203,0.0014492753623188692,0.04714202880859375,success,
spambase,"ADD(word_freq_email,word_freq_credit)",ADD,"['word_freq_email', 'word_freq_credit']",0.9449275362318841,0.0,0.010288715362548828,success,
spambase,"SUB(word_freq_email,word_freq_credit)",SUB,"['word_freq_email', 'word_freq_credit']",0.9449275362318841,0.0,0.010442733764648438,success,
spambase,"MUL(word_freq_email,word_freq_credit)",MUL,"['word_freq_email', 'word_freq_credit']",0.9449275362318841,0.0,0.01006460189819336,success,
spambase,"DIV(word_freq_email,word_freq_credit)",DIV,"['word_freq_email', 'word_freq_credit']",0.9449275362318841,0.0,0.015038251876831055,success,
spambase,"ADD(word_freq_you,word_freq_credit)",ADD,"['word_freq_you', 'word_freq_credit']",0.9449275362318841,0.0,0.010216712951660156,success,
spambase,"SUB(word_freq_you,word_freq_credit)",SUB,"['word_freq_you', 'word_freq_credit']",0.9449275362318841,0.0,0.011007070541381836,success,
spambase,"MUL(word_freq_you,word_freq_credit)",MUL,"['word_freq_you', 'word_freq_credit']",0.9449275362318841,0.0,0.011464118957519531,success,
spambase,"DIV(word_freq_you,word_freq_credit)",DIV,"['word_freq_you', 'word_freq_credit']",0.9449275362318841,0.0,0.016325712203979492,success,
