dataset,candidate_id,transformation,source_features,validation_score,gain,evaluation_time,status,error
vehicle,LOG(COMPACTNESS),LOG,['COMPACTNESS'],0.84251968503937,0.015748031496062964,0.04706716537475586,success,
vehicle,SQRT(COMPACTNESS),SQRT,['COMPACTNESS'],0.8267716535433071,0.0,0.018585205078125,success,
vehicle,SQUARE(COMPACTNESS),SQUARE,['COMPACTNESS'],0.8346456692913385,0.007874015748031482,0.019756555557250977,success,
vehicle,ABS(COMPACTNESS),ABS,['COMPACTNESS'],0.8267716535433071,0.0,0.019814729690551758,success,
vehicle,LOG(CIRCULARITY),LOG,['CIRCULARITY'],0.84251968503937,0.015748031496062964,0.04332923889160156,success,
vehicle,SQRT(CIRCULARITY),SQRT,['CIRCULARITY'],0.8346456692913385,0.007874015748031482,0.020230531692504883,success,
vehicle,SQUARE(CIRCULARITY),SQUARE,['CIRCULARITY'],0.8267716535433071,0.0,0.019179821014404297,success,
vehicle,ABS(CIRCULARITY),ABS,['CIRCULARITY'],0.8031496062992126,-0.023622047244094446,0.017278194427490234,success,
vehicle,LOG(DISTANCE_CIRCULARITY),LOG,['DISTANCE_CIRCULARITY'],0.8267716535433071,0.0,0.04147005081176758,success,
vehicle,SQRT(DISTANCE_CIRCULARITY),SQRT,['DISTANCE_CIRCULARITY'],0.8267716535433071,0.0,0.01926398277282715,success,
vehicle,SQUARE(DISTANCE_CIRCULARITY),SQUARE,['DISTANCE_CIRCULARITY'],0.8188976377952756,-0.007874015748031482,0.01926398277282715,success,
vehicle,ABS(DISTANCE_CIRCULARITY),ABS,['DISTANCE_CIRCULARITY'],0.8110236220472441,-0.015748031496062964,0.01840376853942871,success,
vehicle,LOG(RADIUS_RATIO),LOG,['RADIUS_RATIO'],0.84251968503937,0.015748031496062964,0.04270792007446289,success,
vehicle,SQRT(RADIUS_RATIO),SQRT,['RADIUS_RATIO'],0.84251968503937,0.015748031496062964,0.017766714096069336,success,
vehicle,SQUARE(RADIUS_RATIO),SQUARE,['RADIUS_RATIO'],0.8346456692913385,0.007874015748031482,0.020510196685791016,success,
vehicle,ABS(RADIUS_RATIO),ABS,['RADIUS_RATIO'],0.8188976377952756,-0.007874015748031482,0.018031835556030273,success,
vehicle,LOG(PR.AXIS_ASPECT_RATIO),LOG,['PR.AXIS_ASPECT_RATIO'],0.8267716535433071,0.0,0.04544329643249512,success,
vehicle,SQRT(PR.AXIS_ASPECT_RATIO),SQRT,['PR.AXIS_ASPECT_RATIO'],0.8188976377952756,-0.007874015748031482,0.01997995376586914,success,
vehicle,SQUARE(PR.AXIS_ASPECT_RATIO),SQUARE,['PR.AXIS_ASPECT_RATIO'],0.8346456692913385,0.007874015748031482,0.022085905075073242,success,
vehicle,ABS(PR.AXIS_ASPECT_RATIO),ABS,['PR.AXIS_ASPECT_RATIO'],0.8267716535433071,0.0,0.018027782440185547,success,
vehicle,LOG(MAX.LENGTH_ASPECT_RATIO),LOG,['MAX.LENGTH_ASPECT_RATIO'],0.8188976377952756,-0.007874015748031482,0.05527520179748535,success,
vehicle,SQRT(MAX.LENGTH_ASPECT_RATIO),SQRT,['MAX.LENGTH_ASPECT_RATIO'],0.8267716535433071,0.0,0.017642974853515625,success,
vehicle,SQUARE(MAX.LENGTH_ASPECT_RATIO),SQUARE,['MAX.LENGTH_ASPECT_RATIO'],0.84251968503937,0.015748031496062964,0.023118972778320312,success,
vehicle,ABS(MAX.LENGTH_ASPECT_RATIO),ABS,['MAX.LENGTH_ASPECT_RATIO'],0.8346456692913385,0.007874015748031482,0.01761007308959961,success,
vehicle,LOG(SCATTER_RATIO),LOG,['SCATTER_RATIO'],0.7952755905511811,-0.03149606299212593,0.0746002197265625,success,
vehicle,SQRT(SCATTER_RATIO),SQRT,['SCATTER_RATIO'],0.8267716535433071,0.0,0.018054485321044922,success,
vehicle,SQUARE(SCATTER_RATIO),SQUARE,['SCATTER_RATIO'],0.8346456692913385,0.007874015748031482,0.019966602325439453,success,
vehicle,ABS(SCATTER_RATIO),ABS,['SCATTER_RATIO'],0.8188976377952756,-0.007874015748031482,0.01892852783203125,success,
vehicle,LOG(ELONGATEDNESS),LOG,['ELONGATEDNESS'],0.8267716535433071,0.0,0.05044722557067871,success,
vehicle,SQRT(ELONGATEDNESS),SQRT,['ELONGATEDNESS'],0.8267716535433071,0.0,0.021346569061279297,success,
vehicle,SQUARE(ELONGATEDNESS),SQUARE,['ELONGATEDNESS'],0.8346456692913385,0.007874015748031482,0.01793527603149414,success,
vehicle,ABS(ELONGATEDNESS),ABS,['ELONGATEDNESS'],0.8267716535433071,0.0,0.017485618591308594,success,
vehicle,LOG(PR.AXIS_RECTANGULARITY),LOG,['PR.AXIS_RECTANGULARITY'],0.7952755905511811,-0.03149606299212593,0.08381032943725586,success,
vehicle,SQRT(PR.AXIS_RECTANGULARITY),SQRT,['PR.AXIS_RECTANGULARITY'],0.8188976377952756,-0.007874015748031482,0.020500659942626953,success,
vehicle,SQUARE(PR.AXIS_RECTANGULARITY),SQUARE,['PR.AXIS_RECTANGULARITY'],0.8267716535433071,0.0,0.02017998695373535,success,
vehicle,ABS(PR.AXIS_RECTANGULARITY),ABS,['PR.AXIS_RECTANGULARITY'],0.8267716535433071,0.0,0.02046990394592285,success,
vehicle,LOG(MAX.LENGTH_RECTANGULARITY),LOG,['MAX.LENGTH_RECTANGULARITY'],0.8110236220472441,-0.015748031496062964,0.0490567684173584,success,
vehicle,SQRT(MAX.LENGTH_RECTANGULARITY),SQRT,['MAX.LENGTH_RECTANGULARITY'],0.8188976377952756,-0.007874015748031482,0.01799297332763672,success,
vehicle,SQUARE(MAX.LENGTH_RECTANGULARITY),SQUARE,['MAX.LENGTH_RECTANGULARITY'],0.84251968503937,0.015748031496062964,0.018143892288208008,success,
vehicle,ABS(MAX.LENGTH_RECTANGULARITY),ABS,['MAX.LENGTH_RECTANGULARITY'],0.8346456692913385,0.007874015748031482,0.018624067306518555,success,
vehicle,LOG(SCALED_VARIANCE_MAJOR),LOG,['SCALED_VARIANCE_MAJOR'],0.8188976377952756,-0.007874015748031482,0.07800483703613281,success,
vehicle,SQRT(SCALED_VARIANCE_MAJOR),SQRT,['SCALED_VARIANCE_MAJOR'],0.8267716535433071,0.0,0.02059006690979004,success,
vehicle,SQUARE(SCALED_VARIANCE_MAJOR),SQUARE,['SCALED_VARIANCE_MAJOR'],0.8346456692913385,0.007874015748031482,0.019203901290893555,success,
vehicle,ABS(SCALED_VARIANCE_MAJOR),ABS,['SCALED_VARIANCE_MAJOR'],0.8267716535433071,0.0,0.021376609802246094,success,
vehicle,LOG(SCALED_VARIANCE_MINOR),LOG,['SCALED_VARIANCE_MINOR'],0.8031496062992126,-0.023622047244094446,0.08083939552307129,success,
vehicle,SQRT(SCALED_VARIANCE_MINOR),SQRT,['SCALED_VARIANCE_MINOR'],0.8110236220472441,-0.015748031496062964,0.01953577995300293,success,
vehicle,SQUARE(SCALED_VARIANCE_MINOR),SQUARE,['SCALED_VARIANCE_MINOR'],0.8346456692913385,0.007874015748031482,0.021787405014038086,success,
vehicle,ABS(SCALED_VARIANCE_MINOR),ABS,['SCALED_VARIANCE_MINOR'],0.8188976377952756,-0.007874015748031482,0.019833087921142578,success,
vehicle,LOG(SCALED_RADIUS_OF_GYRATION),LOG,['SCALED_RADIUS_OF_GYRATION'],0.8267716535433071,0.0,0.047490835189819336,success,
vehicle,SQRT(SCALED_RADIUS_OF_GYRATION),SQRT,['SCALED_RADIUS_OF_GYRATION'],0.8346456692913385,0.007874015748031482,0.01781439781188965,success,
vehicle,SQUARE(SCALED_RADIUS_OF_GYRATION),SQUARE,['SCALED_RADIUS_OF_GYRATION'],0.8267716535433071,0.0,0.01916670799255371,success,
vehicle,ABS(SCALED_RADIUS_OF_GYRATION),ABS,['SCALED_RADIUS_OF_GYRATION'],0.8267716535433071,0.0,0.018159866333007812,success,
vehicle,LOG(SKEWNESS_ABOUT_MAJOR),LOG,['SKEWNESS_ABOUT_MAJOR'],0.8188976377952756,-0.007874015748031482,0.05195021629333496,success,
vehicle,SQRT(SKEWNESS_ABOUT_MAJOR),SQRT,['SKEWNESS_ABOUT_MAJOR'],0.8188976377952756,-0.007874015748031482,0.01909351348876953,success,
vehicle,SQUARE(SKEWNESS_ABOUT_MAJOR),SQUARE,['SKEWNESS_ABOUT_MAJOR'],0.8267716535433071,0.0,0.019248008728027344,success,
vehicle,ABS(SKEWNESS_ABOUT_MAJOR),ABS,['SKEWNESS_ABOUT_MAJOR'],0.8267716535433071,0.0,0.018851518630981445,success,
vehicle,LOG(SKEWNESS_ABOUT_MINOR),LOG,['SKEWNESS_ABOUT_MINOR'],0.84251968503937,0.015748031496062964,0.04410815238952637,success,
vehicle,SQRT(SKEWNESS_ABOUT_MINOR),SQRT,['SKEWNESS_ABOUT_MINOR'],0.8188976377952756,-0.007874015748031482,0.016606807708740234,success,
vehicle,SQUARE(SKEWNESS_ABOUT_MINOR),SQUARE,['SKEWNESS_ABOUT_MINOR'],0.8267716535433071,0.0,0.020671367645263672,success,
vehicle,ABS(SKEWNESS_ABOUT_MINOR),ABS,['SKEWNESS_ABOUT_MINOR'],0.8267716535433071,0.0,0.01978611946105957,success,
vehicle,LOG(KURTOSIS_ABOUT_MAJOR),LOG,['KURTOSIS_ABOUT_MAJOR'],0.8188976377952756,-0.007874015748031482,0.046038150787353516,success,
vehicle,SQRT(KURTOSIS_ABOUT_MAJOR),SQRT,['KURTOSIS_ABOUT_MAJOR'],0.8267716535433071,0.0,0.01879096031188965,success,
vehicle,SQUARE(KURTOSIS_ABOUT_MAJOR),SQUARE,['KURTOSIS_ABOUT_MAJOR'],0.8346456692913385,0.007874015748031482,0.01906132698059082,success,
vehicle,ABS(KURTOSIS_ABOUT_MAJOR),ABS,['KURTOSIS_ABOUT_MAJOR'],0.8503937007874016,0.023622047244094557,0.016774415969848633,success,
vehicle,LOG(KURTOSIS_ABOUT_MINOR),LOG,['KURTOSIS_ABOUT_MINOR'],0.8267716535433071,0.0,0.04400181770324707,success,
vehicle,SQRT(KURTOSIS_ABOUT_MINOR),SQRT,['KURTOSIS_ABOUT_MINOR'],0.8267716535433071,0.0,0.018080711364746094,success,
vehicle,SQUARE(KURTOSIS_ABOUT_MINOR),SQUARE,['KURTOSIS_ABOUT_MINOR'],0.8503937007874016,0.023622047244094557,0.019074201583862305,success,
vehicle,ABS(KURTOSIS_ABOUT_MINOR),ABS,['KURTOSIS_ABOUT_MINOR'],0.84251968503937,0.015748031496062964,0.018924951553344727,success,
vehicle,LOG(HOLLOWS_RATIO),LOG,['HOLLOWS_RATIO'],0.8346456692913385,0.007874015748031482,0.04259777069091797,success,
vehicle,SQRT(HOLLOWS_RATIO),SQRT,['HOLLOWS_RATIO'],0.8346456692913385,0.007874015748031482,0.01935863494873047,success,
vehicle,SQUARE(HOLLOWS_RATIO),SQUARE,['HOLLOWS_RATIO'],0.8110236220472441,-0.015748031496062964,0.019261837005615234,success,
vehicle,ABS(HOLLOWS_RATIO),ABS,['HOLLOWS_RATIO'],0.8267716535433071,0.0,0.016929149627685547,success,
vehicle,"ADD(COMPACTNESS,CIRCULARITY)",ADD,"['COMPACTNESS', 'CIRCULARITY']",0.8267716535433071,0.0,0.019939184188842773,success,
vehicle,"SUB(COMPACTNESS,CIRCULARITY)",SUB,"['COMPACTNESS', 'CIRCULARITY']",0.8346456692913385,0.007874015748031482,0.017557621002197266,success,
vehicle,"MUL(COMPACTNESS,CIRCULARITY)",MUL,"['COMPACTNESS', 'CIRCULARITY']",0.8267716535433071,0.0,0.018964529037475586,success,
vehicle,"DIV(COMPACTNESS,CIRCULARITY)",DIV,"['COMPACTNESS', 'CIRCULARITY']",0.8346456692913385,0.007874015748031482,0.02812480926513672,success,
vehicle,"ADD(COMPACTNESS,DISTANCE_CIRCULARITY)",ADD,"['COMPACTNESS', 'DISTANCE_CIRCULARITY']",0.8346456692913385,0.007874015748031482,0.019605398178100586,success,
vehicle,"SUB(COMPACTNESS,DISTANCE_CIRCULARITY)",SUB,"['COMPACTNESS', 'DISTANCE_CIRCULARITY']",0.8267716535433071,0.0,0.0174102783203125,success,
vehicle,"MUL(COMPACTNESS,DISTANCE_CIRCULARITY)",MUL,"['COMPACTNESS', 'DISTANCE_CIRCULARITY']",0.8188976377952756,-0.007874015748031482,0.0178682804107666,success,
vehicle,"DIV(COMPACTNESS,DISTANCE_CIRCULARITY)",DIV,"['COMPACTNESS', 'DISTANCE_CIRCULARITY']",0.8188976377952756,-0.007874015748031482,0.03147387504577637,success,
vehicle,"ADD(COMPACTNESS,RADIUS_RATIO)",ADD,"['COMPACTNESS', 'RADIUS_RATIO']",0.8346456692913385,0.007874015748031482,0.020760059356689453,success,
vehicle,"SUB(COMPACTNESS,RADIUS_RATIO)",SUB,"['COMPACTNESS', 'RADIUS_RATIO']",0.8267716535433071,0.0,0.018275022506713867,success,
vehicle,"MUL(COMPACTNESS,RADIUS_RATIO)",MUL,"['COMPACTNESS', 'RADIUS_RATIO']",0.8346456692913385,0.007874015748031482,0.017414331436157227,success,
vehicle,"DIV(COMPACTNESS,RADIUS_RATIO)",DIV,"['COMPACTNESS', 'RADIUS_RATIO']",0.8346456692913385,0.007874015748031482,0.031868696212768555,success,
vehicle,"ADD(COMPACTNESS,PR.AXIS_ASPECT_RATIO)",ADD,"['COMPACTNESS', 'PR.AXIS_ASPECT_RATIO']",0.8267716535433071,0.0,0.019745349884033203,success,
vehicle,"SUB(COMPACTNESS,PR.AXIS_ASPECT_RATIO)",SUB,"['COMPACTNESS', 'PR.AXIS_ASPECT_RATIO']",0.8346456692913385,0.007874015748031482,0.01921534538269043,success,
vehicle,"MUL(COMPACTNESS,PR.AXIS_ASPECT_RATIO)",MUL,"['COMPACTNESS', 'PR.AXIS_ASPECT_RATIO']",0.8110236220472441,-0.015748031496062964,0.017802953720092773,success,
vehicle,"DIV(COMPACTNESS,PR.AXIS_ASPECT_RATIO)",DIV,"['COMPACTNESS', 'PR.AXIS_ASPECT_RATIO']",0.8267716535433071,0.0,0.03134489059448242,success,
vehicle,"ADD(COMPACTNESS,MAX.LENGTH_ASPECT_RATIO)",ADD,"['COMPACTNESS', 'MAX.LENGTH_ASPECT_RATIO']",0.8267716535433071,0.0,0.019379138946533203,success,
vehicle,"SUB(COMPACTNESS,MAX.LENGTH_ASPECT_RATIO)",SUB,"['COMPACTNESS', 'MAX.LENGTH_ASPECT_RATIO']",0.8346456692913385,0.007874015748031482,0.017811298370361328,success,
vehicle,"MUL(COMPACTNESS,MAX.LENGTH_ASPECT_RATIO)",MUL,"['COMPACTNESS', 'MAX.LENGTH_ASPECT_RATIO']",0.8582677165354331,0.03149606299212604,0.018551349639892578,success,
vehicle,"DIV(COMPACTNESS,MAX.LENGTH_ASPECT_RATIO)",DIV,"['COMPACTNESS', 'MAX.LENGTH_ASPECT_RATIO']",0.8267716535433071,0.0,0.025223255157470703,success,
vehicle,"ADD(COMPACTNESS,SCATTER_RATIO)",ADD,"['COMPACTNESS', 'SCATTER_RATIO']",0.8346456692913385,0.007874015748031482,0.018428325653076172,success,
vehicle,"SUB(COMPACTNESS,SCATTER_RATIO)",SUB,"['COMPACTNESS', 'SCATTER_RATIO']",0.8346456692913385,0.007874015748031482,0.017885684967041016,success,
vehicle,"MUL(COMPACTNESS,SCATTER_RATIO)",MUL,"['COMPACTNESS', 'SCATTER_RATIO']",0.8267716535433071,0.0,0.016902446746826172,success,
vehicle,"DIV(COMPACTNESS,SCATTER_RATIO)",DIV,"['COMPACTNESS', 'SCATTER_RATIO']",0.8346456692913385,0.007874015748031482,0.034973859786987305,success,
vehicle,"ADD(COMPACTNESS,ELONGATEDNESS)",ADD,"['COMPACTNESS', 'ELONGATEDNESS']",0.8267716535433071,0.0,0.018087387084960938,success,
vehicle,"SUB(COMPACTNESS,ELONGATEDNESS)",SUB,"['COMPACTNESS', 'ELONGATEDNESS']",0.8346456692913385,0.007874015748031482,0.021127700805664062,success,
vehicle,"MUL(COMPACTNESS,ELONGATEDNESS)",MUL,"['COMPACTNESS', 'ELONGATEDNESS']",0.8267716535433071,0.0,0.019678354263305664,success,
vehicle,"DIV(COMPACTNESS,ELONGATEDNESS)",DIV,"['COMPACTNESS', 'ELONGATEDNESS']",0.8346456692913385,0.007874015748031482,0.023995399475097656,success,
vehicle,"ADD(COMPACTNESS,PR.AXIS_RECTANGULARITY)",ADD,"['COMPACTNESS', 'PR.AXIS_RECTANGULARITY']",0.8346456692913385,0.007874015748031482,0.020966529846191406,success,
vehicle,"SUB(COMPACTNESS,PR.AXIS_RECTANGULARITY)",SUB,"['COMPACTNESS', 'PR.AXIS_RECTANGULARITY']",0.8346456692913385,0.007874015748031482,0.01811981201171875,success,
vehicle,"MUL(COMPACTNESS,PR.AXIS_RECTANGULARITY)",MUL,"['COMPACTNESS', 'PR.AXIS_RECTANGULARITY']",0.8346456692913385,0.007874015748031482,0.019272804260253906,success,
vehicle,"DIV(COMPACTNESS,PR.AXIS_RECTANGULARITY)",DIV,"['COMPACTNESS', 'PR.AXIS_RECTANGULARITY']",0.8346456692913385,0.007874015748031482,0.018716096878051758,success,
vehicle,"ADD(COMPACTNESS,MAX.LENGTH_RECTANGULARITY)",ADD,"['COMPACTNESS', 'MAX.LENGTH_RECTANGULARITY']",0.8346456692913385,0.007874015748031482,0.019638538360595703,success,
vehicle,"SUB(COMPACTNESS,MAX.LENGTH_RECTANGULARITY)",SUB,"['COMPACTNESS', 'MAX.LENGTH_RECTANGULARITY']",0.8346456692913385,0.007874015748031482,0.014908790588378906,success,
vehicle,"MUL(COMPACTNESS,MAX.LENGTH_RECTANGULARITY)",MUL,"['COMPACTNESS', 'MAX.LENGTH_RECTANGULARITY']",0.8267716535433071,0.0,0.015828609466552734,success,
vehicle,"DIV(COMPACTNESS,MAX.LENGTH_RECTANGULARITY)",DIV,"['COMPACTNESS', 'MAX.LENGTH_RECTANGULARITY']",0.8346456692913385,0.007874015748031482,0.027617931365966797,success,
vehicle,"ADD(COMPACTNESS,SCALED_VARIANCE_MAJOR)",ADD,"['COMPACTNESS', 'SCALED_VARIANCE_MAJOR']",0.8346456692913385,0.007874015748031482,0.018704891204833984,success,
vehicle,"SUB(COMPACTNESS,SCALED_VARIANCE_MAJOR)",SUB,"['COMPACTNESS', 'SCALED_VARIANCE_MAJOR']",0.8267716535433071,0.0,0.016591548919677734,success,
vehicle,"MUL(COMPACTNESS,SCALED_VARIANCE_MAJOR)",MUL,"['COMPACTNESS', 'SCALED_VARIANCE_MAJOR']",0.8267716535433071,0.0,0.018030405044555664,success,
vehicle,"DIV(COMPACTNESS,SCALED_VARIANCE_MAJOR)",DIV,"['COMPACTNESS', 'SCALED_VARIANCE_MAJOR']",0.8267716535433071,0.0,0.023233890533447266,success,
vehicle,"ADD(COMPACTNESS,SCALED_VARIANCE_MINOR)",ADD,"['COMPACTNESS', 'SCALED_VARIANCE_MINOR']",0.8267716535433071,0.0,0.020823240280151367,success,
vehicle,"SUB(COMPACTNESS,SCALED_VARIANCE_MINOR)",SUB,"['COMPACTNESS', 'SCALED_VARIANCE_MINOR']",0.84251968503937,0.015748031496062964,0.017435073852539062,success,
vehicle,"MUL(COMPACTNESS,SCALED_VARIANCE_MINOR)",MUL,"['COMPACTNESS', 'SCALED_VARIANCE_MINOR']",0.8346456692913385,0.007874015748031482,0.01886725425720215,success,
vehicle,"DIV(COMPACTNESS,SCALED_VARIANCE_MINOR)",DIV,"['COMPACTNESS', 'SCALED_VARIANCE_MINOR']",0.8267716535433071,0.0,0.022785663604736328,success,
vehicle,"ADD(COMPACTNESS,SCALED_RADIUS_OF_GYRATION)",ADD,"['COMPACTNESS', 'SCALED_RADIUS_OF_GYRATION']",0.8267716535433071,0.0,0.0202329158782959,success,
vehicle,"SUB(COMPACTNESS,SCALED_RADIUS_OF_GYRATION)",SUB,"['COMPACTNESS', 'SCALED_RADIUS_OF_GYRATION']",0.8267716535433071,0.0,0.017082691192626953,success,
vehicle,"MUL(COMPACTNESS,SCALED_RADIUS_OF_GYRATION)",MUL,"['COMPACTNESS', 'SCALED_RADIUS_OF_GYRATION']",0.8267716535433071,0.0,0.018047809600830078,success,
vehicle,"DIV(COMPACTNESS,SCALED_RADIUS_OF_GYRATION)",DIV,"['COMPACTNESS', 'SCALED_RADIUS_OF_GYRATION']",0.8267716535433071,0.0,0.05938458442687988,success,
vehicle,"ADD(COMPACTNESS,SKEWNESS_ABOUT_MAJOR)",ADD,"['COMPACTNESS', 'SKEWNESS_ABOUT_MAJOR']",0.8267716535433071,0.0,0.017904043197631836,success,
vehicle,"SUB(COMPACTNESS,SKEWNESS_ABOUT_MAJOR)",SUB,"['COMPACTNESS', 'SKEWNESS_ABOUT_MAJOR']",0.8346456692913385,0.007874015748031482,0.019570589065551758,success,
vehicle,"MUL(COMPACTNESS,SKEWNESS_ABOUT_MAJOR)",MUL,"['COMPACTNESS', 'SKEWNESS_ABOUT_MAJOR']",0.8188976377952756,-0.007874015748031482,0.017848491668701172,success,
vehicle,"DIV(COMPACTNESS,SKEWNESS_ABOUT_MAJOR)",DIV,"['COMPACTNESS', 'SKEWNESS_ABOUT_MAJOR']",0.8188976377952756,-0.007874015748031482,0.04118990898132324,success,
vehicle,"ADD(COMPACTNESS,SKEWNESS_ABOUT_MINOR)",ADD,"['COMPACTNESS', 'SKEWNESS_ABOUT_MINOR']",0.8267716535433071,0.0,0.019395112991333008,success,
vehicle,"SUB(COMPACTNESS,SKEWNESS_ABOUT_MINOR)",SUB,"['COMPACTNESS', 'SKEWNESS_ABOUT_MINOR']",0.8267716535433071,0.0,0.017903804779052734,success,
vehicle,"MUL(COMPACTNESS,SKEWNESS_ABOUT_MINOR)",MUL,"['COMPACTNESS', 'SKEWNESS_ABOUT_MINOR']",0.8267716535433071,0.0,0.018390893936157227,success,
vehicle,"DIV(COMPACTNESS,SKEWNESS_ABOUT_MINOR)",DIV,"['COMPACTNESS', 'SKEWNESS_ABOUT_MINOR']",0.8267716535433071,0.0,0.02571415901184082,success,
vehicle,"ADD(COMPACTNESS,KURTOSIS_ABOUT_MAJOR)",ADD,"['COMPACTNESS', 'KURTOSIS_ABOUT_MAJOR']",0.8267716535433071,0.0,0.02005290985107422,success,
vehicle,"SUB(COMPACTNESS,KURTOSIS_ABOUT_MAJOR)",SUB,"['COMPACTNESS', 'KURTOSIS_ABOUT_MAJOR']",0.8346456692913385,0.007874015748031482,0.0189206600189209,success,
vehicle,"MUL(COMPACTNESS,KURTOSIS_ABOUT_MAJOR)",MUL,"['COMPACTNESS', 'KURTOSIS_ABOUT_MAJOR']",0.8346456692913385,0.007874015748031482,0.016762971878051758,success,
vehicle,"DIV(COMPACTNESS,KURTOSIS_ABOUT_MAJOR)",DIV,"['COMPACTNESS', 'KURTOSIS_ABOUT_MAJOR']",0.8267716535433071,0.0,0.03524184226989746,success,
vehicle,"ADD(COMPACTNESS,KURTOSIS_ABOUT_MINOR)",ADD,"['COMPACTNESS', 'KURTOSIS_ABOUT_MINOR']",0.8267716535433071,0.0,0.01923823356628418,success,
vehicle,"SUB(COMPACTNESS,KURTOSIS_ABOUT_MINOR)",SUB,"['COMPACTNESS', 'KURTOSIS_ABOUT_MINOR']",0.84251968503937,0.015748031496062964,0.017756223678588867,success,
vehicle,"MUL(COMPACTNESS,KURTOSIS_ABOUT_MINOR)",MUL,"['COMPACTNESS', 'KURTOSIS_ABOUT_MINOR']",0.8346456692913385,0.007874015748031482,0.016327857971191406,success,
vehicle,"DIV(COMPACTNESS,KURTOSIS_ABOUT_MINOR)",DIV,"['COMPACTNESS', 'KURTOSIS_ABOUT_MINOR']",0.8267716535433071,0.0,0.16242122650146484,success,
vehicle,"ADD(COMPACTNESS,HOLLOWS_RATIO)",ADD,"['COMPACTNESS', 'HOLLOWS_RATIO']",0.8346456692913385,0.007874015748031482,0.019257545471191406,success,
vehicle,"SUB(COMPACTNESS,HOLLOWS_RATIO)",SUB,"['COMPACTNESS', 'HOLLOWS_RATIO']",0.8267716535433071,0.0,0.01922440528869629,success,
vehicle,"MUL(COMPACTNESS,HOLLOWS_RATIO)",MUL,"['COMPACTNESS', 'HOLLOWS_RATIO']",0.8346456692913385,0.007874015748031482,0.01802349090576172,success,
vehicle,"DIV(COMPACTNESS,HOLLOWS_RATIO)",DIV,"['COMPACTNESS', 'HOLLOWS_RATIO']",0.84251968503937,0.015748031496062964,0.038671255111694336,success,
vehicle,"ADD(CIRCULARITY,DISTANCE_CIRCULARITY)",ADD,"['CIRCULARITY', 'DISTANCE_CIRCULARITY']",0.8346456692913385,0.007874015748031482,0.019135713577270508,success,
vehicle,"SUB(CIRCULARITY,DISTANCE_CIRCULARITY)",SUB,"['CIRCULARITY', 'DISTANCE_CIRCULARITY']",0.8267716535433071,0.0,0.018006086349487305,success,
vehicle,"MUL(CIRCULARITY,DISTANCE_CIRCULARITY)",MUL,"['CIRCULARITY', 'DISTANCE_CIRCULARITY']",0.8346456692913385,0.007874015748031482,0.01956629753112793,success,
vehicle,"DIV(CIRCULARITY,DISTANCE_CIRCULARITY)",DIV,"['CIRCULARITY', 'DISTANCE_CIRCULARITY']",0.8188976377952756,-0.007874015748031482,0.031221389770507812,success,
vehicle,"ADD(CIRCULARITY,RADIUS_RATIO)",ADD,"['CIRCULARITY', 'RADIUS_RATIO']",0.8267716535433071,0.0,0.015834808349609375,success,
vehicle,"SUB(CIRCULARITY,RADIUS_RATIO)",SUB,"['CIRCULARITY', 'RADIUS_RATIO']",0.8267716535433071,0.0,0.013912200927734375,success,
vehicle,"MUL(CIRCULARITY,RADIUS_RATIO)",MUL,"['CIRCULARITY', 'RADIUS_RATIO']",0.8188976377952756,-0.007874015748031482,0.018015623092651367,success,
vehicle,"DIV(CIRCULARITY,RADIUS_RATIO)",DIV,"['CIRCULARITY', 'RADIUS_RATIO']",0.84251968503937,0.015748031496062964,0.04076409339904785,success,
vehicle,"ADD(CIRCULARITY,PR.AXIS_ASPECT_RATIO)",ADD,"['CIRCULARITY', 'PR.AXIS_ASPECT_RATIO']",0.8346456692913385,0.007874015748031482,0.018421173095703125,success,
vehicle,"SUB(CIRCULARITY,PR.AXIS_ASPECT_RATIO)",SUB,"['CIRCULARITY', 'PR.AXIS_ASPECT_RATIO']",0.8346456692913385,0.007874015748031482,0.01815009117126465,success,
vehicle,"MUL(CIRCULARITY,PR.AXIS_ASPECT_RATIO)",MUL,"['CIRCULARITY', 'PR.AXIS_ASPECT_RATIO']",0.8346456692913385,0.007874015748031482,0.017460346221923828,success,
vehicle,"DIV(CIRCULARITY,PR.AXIS_ASPECT_RATIO)",DIV,"['CIRCULARITY', 'PR.AXIS_ASPECT_RATIO']",0.8346456692913385,0.007874015748031482,0.036598920822143555,success,
vehicle,"ADD(CIRCULARITY,MAX.LENGTH_ASPECT_RATIO)",ADD,"['CIRCULARITY', 'MAX.LENGTH_ASPECT_RATIO']",0.8346456692913385,0.007874015748031482,0.01832127571105957,success,
vehicle,"SUB(CIRCULARITY,MAX.LENGTH_ASPECT_RATIO)",SUB,"['CIRCULARITY', 'MAX.LENGTH_ASPECT_RATIO']",0.8267716535433071,0.0,0.01756119728088379,success,
vehicle,"MUL(CIRCULARITY,MAX.LENGTH_ASPECT_RATIO)",MUL,"['CIRCULARITY', 'MAX.LENGTH_ASPECT_RATIO']",0.8582677165354331,0.03149606299212604,0.019292354583740234,success,
vehicle,"DIV(CIRCULARITY,MAX.LENGTH_ASPECT_RATIO)",DIV,"['CIRCULARITY', 'MAX.LENGTH_ASPECT_RATIO']",0.8267716535433071,0.0,0.029568910598754883,success,
vehicle,"ADD(CIRCULARITY,SCATTER_RATIO)",ADD,"['CIRCULARITY', 'SCATTER_RATIO']",0.8346456692913385,0.007874015748031482,0.020903825759887695,success,
vehicle,"SUB(CIRCULARITY,SCATTER_RATIO)",SUB,"['CIRCULARITY', 'SCATTER_RATIO']",0.8267716535433071,0.0,0.016776084899902344,success,
vehicle,"MUL(CIRCULARITY,SCATTER_RATIO)",MUL,"['CIRCULARITY', 'SCATTER_RATIO']",0.8346456692913385,0.007874015748031482,0.01838207244873047,success,
vehicle,"DIV(CIRCULARITY,SCATTER_RATIO)",DIV,"['CIRCULARITY', 'SCATTER_RATIO']",0.8267716535433071,0.0,0.04377460479736328,success,
vehicle,"ADD(CIRCULARITY,ELONGATEDNESS)",ADD,"['CIRCULARITY', 'ELONGATEDNESS']",0.8346456692913385,0.007874015748031482,0.017113685607910156,success,
vehicle,"SUB(CIRCULARITY,ELONGATEDNESS)",SUB,"['CIRCULARITY', 'ELONGATEDNESS']",0.8267716535433071,0.0,0.018417835235595703,success,
vehicle,"MUL(CIRCULARITY,ELONGATEDNESS)",MUL,"['CIRCULARITY', 'ELONGATEDNESS']",0.8346456692913385,0.007874015748031482,0.018688678741455078,success,
vehicle,"DIV(CIRCULARITY,ELONGATEDNESS)",DIV,"['CIRCULARITY', 'ELONGATEDNESS']",0.8188976377952756,-0.007874015748031482,0.02783346176147461,success,
vehicle,"ADD(CIRCULARITY,PR.AXIS_RECTANGULARITY)",ADD,"['CIRCULARITY', 'PR.AXIS_RECTANGULARITY']",0.8346456692913385,0.007874015748031482,0.02061915397644043,success,
vehicle,"SUB(CIRCULARITY,PR.AXIS_RECTANGULARITY)",SUB,"['CIRCULARITY', 'PR.AXIS_RECTANGULARITY']",0.8346456692913385,0.007874015748031482,0.01754307746887207,success,
vehicle,"MUL(CIRCULARITY,PR.AXIS_RECTANGULARITY)",MUL,"['CIRCULARITY', 'PR.AXIS_RECTANGULARITY']",0.8267716535433071,0.0,0.01866769790649414,success,
vehicle,"DIV(CIRCULARITY,PR.AXIS_RECTANGULARITY)",DIV,"['CIRCULARITY', 'PR.AXIS_RECTANGULARITY']",0.8188976377952756,-0.007874015748031482,0.019343137741088867,success,
vehicle,"ADD(CIRCULARITY,MAX.LENGTH_RECTANGULARITY)",ADD,"['CIRCULARITY', 'MAX.LENGTH_RECTANGULARITY']",0.8346456692913385,0.007874015748031482,0.021101713180541992,success,
vehicle,"SUB(CIRCULARITY,MAX.LENGTH_RECTANGULARITY)",SUB,"['CIRCULARITY', 'MAX.LENGTH_RECTANGULARITY']",0.8267716535433071,0.0,0.0170137882232666,success,
vehicle,"MUL(CIRCULARITY,MAX.LENGTH_RECTANGULARITY)",MUL,"['CIRCULARITY', 'MAX.LENGTH_RECTANGULARITY']",0.8346456692913385,0.007874015748031482,0.016901731491088867,success,
vehicle,"DIV(CIRCULARITY,MAX.LENGTH_RECTANGULARITY)",DIV,"['CIRCULARITY', 'MAX.LENGTH_RECTANGULARITY']",0.8346456692913385,0.007874015748031482,0.019748926162719727,success,
vehicle,"ADD(CIRCULARITY,SCALED_VARIANCE_MAJOR)",ADD,"['CIRCULARITY', 'SCALED_VARIANCE_MAJOR']",0.8267716535433071,0.0,0.02188849449157715,success,
vehicle,"SUB(CIRCULARITY,SCALED_VARIANCE_MAJOR)",SUB,"['CIRCULARITY', 'SCALED_VARIANCE_MAJOR']",0.8346456692913385,0.007874015748031482,0.01813197135925293,success,
vehicle,"MUL(CIRCULARITY,SCALED_VARIANCE_MAJOR)",MUL,"['CIRCULARITY', 'SCALED_VARIANCE_MAJOR']",0.8267716535433071,0.0,0.020090818405151367,success,
vehicle,"DIV(CIRCULARITY,SCALED_VARIANCE_MAJOR)",DIV,"['CIRCULARITY', 'SCALED_VARIANCE_MAJOR']",0.8267716535433071,0.0,0.02697157859802246,success,
vehicle,"ADD(CIRCULARITY,SCALED_VARIANCE_MINOR)",ADD,"['CIRCULARITY', 'SCALED_VARIANCE_MINOR']",0.8346456692913385,0.007874015748031482,0.0225069522857666,success,
vehicle,"SUB(CIRCULARITY,SCALED_VARIANCE_MINOR)",SUB,"['CIRCULARITY', 'SCALED_VARIANCE_MINOR']",0.8267716535433071,0.0,0.01909613609313965,success,
vehicle,"MUL(CIRCULARITY,SCALED_VARIANCE_MINOR)",MUL,"['CIRCULARITY', 'SCALED_VARIANCE_MINOR']",0.8346456692913385,0.007874015748031482,0.020670175552368164,success,
vehicle,"DIV(CIRCULARITY,SCALED_VARIANCE_MINOR)",DIV,"['CIRCULARITY', 'SCALED_VARIANCE_MINOR']",0.8346456692913385,0.007874015748031482,0.05499696731567383,success,
vehicle,"ADD(CIRCULARITY,SCALED_RADIUS_OF_GYRATION)",ADD,"['CIRCULARITY', 'SCALED_RADIUS_OF_GYRATION']",0.8267716535433071,0.0,0.019239187240600586,success,
vehicle,"SUB(CIRCULARITY,SCALED_RADIUS_OF_GYRATION)",SUB,"['CIRCULARITY', 'SCALED_RADIUS_OF_GYRATION']",0.8188976377952756,-0.007874015748031482,0.019320964813232422,success,
vehicle,"MUL(CIRCULARITY,SCALED_RADIUS_OF_GYRATION)",MUL,"['CIRCULARITY', 'SCALED_RADIUS_OF_GYRATION']",0.8267716535433071,0.0,0.020163297653198242,success,
vehicle,"DIV(CIRCULARITY,SCALED_RADIUS_OF_GYRATION)",DIV,"['CIRCULARITY', 'SCALED_RADIUS_OF_GYRATION']",0.8267716535433071,0.0,0.026169776916503906,success,
vehicle,"ADD(CIRCULARITY,SKEWNESS_ABOUT_MAJOR)",ADD,"['CIRCULARITY', 'SKEWNESS_ABOUT_MAJOR']",0.84251968503937,0.015748031496062964,0.018893003463745117,success,
vehicle,"SUB(CIRCULARITY,SKEWNESS_ABOUT_MAJOR)",SUB,"['CIRCULARITY', 'SKEWNESS_ABOUT_MAJOR']",0.8188976377952756,-0.007874015748031482,0.019995689392089844,success,
vehicle,"MUL(CIRCULARITY,SKEWNESS_ABOUT_MAJOR)",MUL,"['CIRCULARITY', 'SKEWNESS_ABOUT_MAJOR']",0.8346456692913385,0.007874015748031482,0.019699811935424805,success,
vehicle,"DIV(CIRCULARITY,SKEWNESS_ABOUT_MAJOR)",DIV,"['CIRCULARITY', 'SKEWNESS_ABOUT_MAJOR']",0.8267716535433071,0.0,0.04535245895385742,success,
vehicle,"ADD(CIRCULARITY,SKEWNESS_ABOUT_MINOR)",ADD,"['CIRCULARITY', 'SKEWNESS_ABOUT_MINOR']",0.8188976377952756,-0.007874015748031482,0.02006363868713379,success,
vehicle,"SUB(CIRCULARITY,SKEWNESS_ABOUT_MINOR)",SUB,"['CIRCULARITY', 'SKEWNESS_ABOUT_MINOR']",0.8267716535433071,0.0,0.019042491912841797,success,
vehicle,"MUL(CIRCULARITY,SKEWNESS_ABOUT_MINOR)",MUL,"['CIRCULARITY', 'SKEWNESS_ABOUT_MINOR']",0.8267716535433071,0.0,0.01743483543395996,success,
vehicle,"DIV(CIRCULARITY,SKEWNESS_ABOUT_MINOR)",DIV,"['CIRCULARITY', 'SKEWNESS_ABOUT_MINOR']",0.8267716535433071,0.0,0.02244877815246582,success,
vehicle,"ADD(CIRCULARITY,KURTOSIS_ABOUT_MAJOR)",ADD,"['CIRCULARITY', 'KURTOSIS_ABOUT_MAJOR']",0.8346456692913385,0.007874015748031482,0.01880025863647461,success,
vehicle,"SUB(CIRCULARITY,KURTOSIS_ABOUT_MAJOR)",SUB,"['CIRCULARITY', 'KURTOSIS_ABOUT_MAJOR']",0.8267716535433071,0.0,0.016876697540283203,success,
vehicle,"MUL(CIRCULARITY,KURTOSIS_ABOUT_MAJOR)",MUL,"['CIRCULARITY', 'KURTOSIS_ABOUT_MAJOR']",0.8188976377952756,-0.007874015748031482,0.018220901489257812,success,
vehicle,"DIV(CIRCULARITY,KURTOSIS_ABOUT_MAJOR)",DIV,"['CIRCULARITY', 'KURTOSIS_ABOUT_MAJOR']",0.8346456692913385,0.007874015748031482,0.04266619682312012,success,
vehicle,"ADD(CIRCULARITY,KURTOSIS_ABOUT_MINOR)",ADD,"['CIRCULARITY', 'KURTOSIS_ABOUT_MINOR']",0.8346456692913385,0.007874015748031482,0.01827263832092285,success,
vehicle,"SUB(CIRCULARITY,KURTOSIS_ABOUT_MINOR)",SUB,"['CIRCULARITY', 'KURTOSIS_ABOUT_MINOR']",0.8346456692913385,0.007874015748031482,0.018159866333007812,success,
vehicle,"MUL(CIRCULARITY,KURTOSIS_ABOUT_MINOR)",MUL,"['CIRCULARITY', 'KURTOSIS_ABOUT_MINOR']",0.8110236220472441,-0.015748031496062964,0.01906609535217285,success,
vehicle,"DIV(CIRCULARITY,KURTOSIS_ABOUT_MINOR)",DIV,"['CIRCULARITY', 'KURTOSIS_ABOUT_MINOR']",0.8346456692913385,0.007874015748031482,0.1786046028137207,success,
vehicle,"ADD(CIRCULARITY,HOLLOWS_RATIO)",ADD,"['CIRCULARITY', 'HOLLOWS_RATIO']",0.8346456692913385,0.007874015748031482,0.015967130661010742,success,
vehicle,"SUB(CIRCULARITY,HOLLOWS_RATIO)",SUB,"['CIRCULARITY', 'HOLLOWS_RATIO']",0.8267716535433071,0.0,0.014075517654418945,success,
vehicle,"MUL(CIRCULARITY,HOLLOWS_RATIO)",MUL,"['CIRCULARITY', 'HOLLOWS_RATIO']",0.8267716535433071,0.0,0.015780210494995117,success,
vehicle,"DIV(CIRCULARITY,HOLLOWS_RATIO)",DIV,"['CIRCULARITY', 'HOLLOWS_RATIO']",0.8346456692913385,0.007874015748031482,0.038704872131347656,success,
vehicle,"ADD(DISTANCE_CIRCULARITY,RADIUS_RATIO)",ADD,"['DISTANCE_CIRCULARITY', 'RADIUS_RATIO']",0.8188976377952756,-0.007874015748031482,0.02117466926574707,success,
vehicle,"SUB(DISTANCE_CIRCULARITY,RADIUS_RATIO)",SUB,"['DISTANCE_CIRCULARITY', 'RADIUS_RATIO']",0.8346456692913385,0.007874015748031482,0.020595550537109375,success,
vehicle,"MUL(DISTANCE_CIRCULARITY,RADIUS_RATIO)",MUL,"['DISTANCE_CIRCULARITY', 'RADIUS_RATIO']",0.8188976377952756,-0.007874015748031482,0.019924640655517578,success,
vehicle,"DIV(DISTANCE_CIRCULARITY,RADIUS_RATIO)",DIV,"['DISTANCE_CIRCULARITY', 'RADIUS_RATIO']",0.84251968503937,0.015748031496062964,0.03440523147583008,success,
vehicle,"ADD(DISTANCE_CIRCULARITY,PR.AXIS_ASPECT_RATIO)",ADD,"['DISTANCE_CIRCULARITY', 'PR.AXIS_ASPECT_RATIO']",0.8346456692913385,0.007874015748031482,0.01700758934020996,success,
vehicle,"SUB(DISTANCE_CIRCULARITY,PR.AXIS_ASPECT_RATIO)",SUB,"['DISTANCE_CIRCULARITY', 'PR.AXIS_ASPECT_RATIO']",0.8267716535433071,0.0,0.015310287475585938,success,
vehicle,"MUL(DISTANCE_CIRCULARITY,PR.AXIS_ASPECT_RATIO)",MUL,"['DISTANCE_CIRCULARITY', 'PR.AXIS_ASPECT_RATIO']",0.8503937007874016,0.023622047244094557,0.0164339542388916,success,
vehicle,"DIV(DISTANCE_CIRCULARITY,PR.AXIS_ASPECT_RATIO)",DIV,"['DISTANCE_CIRCULARITY', 'PR.AXIS_ASPECT_RATIO']",0.8267716535433071,0.0,0.026813507080078125,success,
vehicle,"ADD(DISTANCE_CIRCULARITY,MAX.LENGTH_ASPECT_RATIO)",ADD,"['DISTANCE_CIRCULARITY', 'MAX.LENGTH_ASPECT_RATIO']",0.8346456692913385,0.007874015748031482,0.01710343360900879,success,
vehicle,"SUB(DISTANCE_CIRCULARITY,MAX.LENGTH_ASPECT_RATIO)",SUB,"['DISTANCE_CIRCULARITY', 'MAX.LENGTH_ASPECT_RATIO']",0.8346456692913385,0.007874015748031482,0.015007495880126953,success,
vehicle,"MUL(DISTANCE_CIRCULARITY,MAX.LENGTH_ASPECT_RATIO)",MUL,"['DISTANCE_CIRCULARITY', 'MAX.LENGTH_ASPECT_RATIO']",0.8582677165354331,0.03149606299212604,0.015453577041625977,success,
vehicle,"DIV(DISTANCE_CIRCULARITY,MAX.LENGTH_ASPECT_RATIO)",DIV,"['DISTANCE_CIRCULARITY', 'MAX.LENGTH_ASPECT_RATIO']",0.8188976377952756,-0.007874015748031482,0.020544052124023438,success,
vehicle,"ADD(DISTANCE_CIRCULARITY,SCATTER_RATIO)",ADD,"['DISTANCE_CIRCULARITY', 'SCATTER_RATIO']",0.8267716535433071,0.0,0.015074968338012695,success,
vehicle,"SUB(DISTANCE_CIRCULARITY,SCATTER_RATIO)",SUB,"['DISTANCE_CIRCULARITY', 'SCATTER_RATIO']",0.8346456692913385,0.007874015748031482,0.01453399658203125,success,
vehicle,"MUL(DISTANCE_CIRCULARITY,SCATTER_RATIO)",MUL,"['DISTANCE_CIRCULARITY', 'SCATTER_RATIO']",0.8188976377952756,-0.007874015748031482,0.01693248748779297,success,
vehicle,"DIV(DISTANCE_CIRCULARITY,SCATTER_RATIO)",DIV,"['DISTANCE_CIRCULARITY', 'SCATTER_RATIO']",0.8267716535433071,0.0,0.015406608581542969,success,
vehicle,"ADD(DISTANCE_CIRCULARITY,ELONGATEDNESS)",ADD,"['DISTANCE_CIRCULARITY', 'ELONGATEDNESS']",0.8346456692913385,0.007874015748031482,0.012521743774414062,success,
vehicle,"SUB(DISTANCE_CIRCULARITY,ELONGATEDNESS)",SUB,"['DISTANCE_CIRCULARITY', 'ELONGATEDNESS']",0.8346456692913385,0.007874015748031482,0.016846418380737305,success,
vehicle,"MUL(DISTANCE_CIRCULARITY,ELONGATEDNESS)",MUL,"['DISTANCE_CIRCULARITY', 'ELONGATEDNESS']",0.8188976377952756,-0.007874015748031482,0.01339411735534668,success,
vehicle,"DIV(DISTANCE_CIRCULARITY,ELONGATEDNESS)",DIV,"['DISTANCE_CIRCULARITY', 'ELONGATEDNESS']",0.84251968503937,0.015748031496062964,0.01392984390258789,success,
vehicle,"ADD(DISTANCE_CIRCULARITY,PR.AXIS_RECTANGULARITY)",ADD,"['DISTANCE_CIRCULARITY', 'PR.AXIS_RECTANGULARITY']",0.8267716535433071,0.0,0.015270709991455078,success,
vehicle,"SUB(DISTANCE_CIRCULARITY,PR.AXIS_RECTANGULARITY)",SUB,"['DISTANCE_CIRCULARITY', 'PR.AXIS_RECTANGULARITY']",0.8267716535433071,0.0,0.012565374374389648,success,
vehicle,"MUL(DISTANCE_CIRCULARITY,PR.AXIS_RECTANGULARITY)",MUL,"['DISTANCE_CIRCULARITY', 'PR.AXIS_RECTANGULARITY']",0.8188976377952756,-0.007874015748031482,0.012680292129516602,success,
vehicle,"DIV(DISTANCE_CIRCULARITY,PR.AXIS_RECTANGULARITY)",DIV,"['DISTANCE_CIRCULARITY', 'PR.AXIS_RECTANGULARITY']",0.8267716535433071,0.0,0.014568090438842773,success,
vehicle,"ADD(DISTANCE_CIRCULARITY,MAX.LENGTH_RECTANGULARITY)",ADD,"['DISTANCE_CIRCULARITY', 'MAX.LENGTH_RECTANGULARITY']",0.8267716535433071,0.0,0.014418840408325195,success,
vehicle,"SUB(DISTANCE_CIRCULARITY,MAX.LENGTH_RECTANGULARITY)",SUB,"['DISTANCE_CIRCULARITY', 'MAX.LENGTH_RECTANGULARITY']",0.8346456692913385,0.007874015748031482,0.013380289077758789,success,
vehicle,"MUL(DISTANCE_CIRCULARITY,MAX.LENGTH_RECTANGULARITY)",MUL,"['DISTANCE_CIRCULARITY', 'MAX.LENGTH_RECTANGULARITY']",0.8346456692913385,0.007874015748031482,0.013900041580200195,success,
vehicle,"DIV(DISTANCE_CIRCULARITY,MAX.LENGTH_RECTANGULARITY)",DIV,"['DISTANCE_CIRCULARITY', 'MAX.LENGTH_RECTANGULARITY']",0.8267716535433071,0.0,0.02263617515563965,success,
vehicle,"ADD(DISTANCE_CIRCULARITY,SCALED_VARIANCE_MAJOR)",ADD,"['DISTANCE_CIRCULARITY', 'SCALED_VARIANCE_MAJOR']",0.8267716535433071,0.0,0.013503074645996094,success,
vehicle,"SUB(DISTANCE_CIRCULARITY,SCALED_VARIANCE_MAJOR)",SUB,"['DISTANCE_CIRCULARITY', 'SCALED_VARIANCE_MAJOR']",0.8188976377952756,-0.007874015748031482,0.012924432754516602,success,
vehicle,"MUL(DISTANCE_CIRCULARITY,SCALED_VARIANCE_MAJOR)",MUL,"['DISTANCE_CIRCULARITY', 'SCALED_VARIANCE_MAJOR']",0.8188976377952756,-0.007874015748031482,0.012665271759033203,success,
vehicle,"DIV(DISTANCE_CIRCULARITY,SCALED_VARIANCE_MAJOR)",DIV,"['DISTANCE_CIRCULARITY', 'SCALED_VARIANCE_MAJOR']",0.8346456692913385,0.007874015748031482,0.014155387878417969,success,
vehicle,"ADD(DISTANCE_CIRCULARITY,SCALED_VARIANCE_MINOR)",ADD,"['DISTANCE_CIRCULARITY', 'SCALED_VARIANCE_MINOR']",0.84251968503937,0.015748031496062964,0.013452291488647461,success,
vehicle,"SUB(DISTANCE_CIRCULARITY,SCALED_VARIANCE_MINOR)",SUB,"['DISTANCE_CIRCULARITY', 'SCALED_VARIANCE_MINOR']",0.8267716535433071,0.0,0.014045953750610352,success,
vehicle,"MUL(DISTANCE_CIRCULARITY,SCALED_VARIANCE_MINOR)",MUL,"['DISTANCE_CIRCULARITY', 'SCALED_VARIANCE_MINOR']",0.8188976377952756,-0.007874015748031482,0.013213872909545898,success,
vehicle,"DIV(DISTANCE_CIRCULARITY,SCALED_VARIANCE_MINOR)",DIV,"['DISTANCE_CIRCULARITY', 'SCALED_VARIANCE_MINOR']",0.8346456692913385,0.007874015748031482,0.015979528427124023,success,
vehicle,"ADD(DISTANCE_CIRCULARITY,SCALED_RADIUS_OF_GYRATION)",ADD,"['DISTANCE_CIRCULARITY', 'SCALED_RADIUS_OF_GYRATION']",0.8346456692913385,0.007874015748031482,0.016204118728637695,success,
vehicle,"SUB(DISTANCE_CIRCULARITY,SCALED_RADIUS_OF_GYRATION)",SUB,"['DISTANCE_CIRCULARITY', 'SCALED_RADIUS_OF_GYRATION']",0.8267716535433071,0.0,0.013028144836425781,success,
vehicle,"MUL(DISTANCE_CIRCULARITY,SCALED_RADIUS_OF_GYRATION)",MUL,"['DISTANCE_CIRCULARITY', 'SCALED_RADIUS_OF_GYRATION']",0.8267716535433071,0.0,0.012951135635375977,success,
vehicle,"DIV(DISTANCE_CIRCULARITY,SCALED_RADIUS_OF_GYRATION)",DIV,"['DISTANCE_CIRCULARITY', 'SCALED_RADIUS_OF_GYRATION']",0.8267716535433071,0.0,0.03541135787963867,success,
vehicle,"ADD(DISTANCE_CIRCULARITY,SKEWNESS_ABOUT_MAJOR)",ADD,"['DISTANCE_CIRCULARITY', 'SKEWNESS_ABOUT_MAJOR']",0.8267716535433071,0.0,0.014105081558227539,success,
vehicle,"SUB(DISTANCE_CIRCULARITY,SKEWNESS_ABOUT_MAJOR)",SUB,"['DISTANCE_CIRCULARITY', 'SKEWNESS_ABOUT_MAJOR']",0.8188976377952756,-0.007874015748031482,0.015778541564941406,success,
vehicle,"MUL(DISTANCE_CIRCULARITY,SKEWNESS_ABOUT_MAJOR)",MUL,"['DISTANCE_CIRCULARITY', 'SKEWNESS_ABOUT_MAJOR']",0.8346456692913385,0.007874015748031482,0.013021707534790039,success,
vehicle,"DIV(DISTANCE_CIRCULARITY,SKEWNESS_ABOUT_MAJOR)",DIV,"['DISTANCE_CIRCULARITY', 'SKEWNESS_ABOUT_MAJOR']",0.8110236220472441,-0.015748031496062964,0.02512669563293457,success,
vehicle,"ADD(DISTANCE_CIRCULARITY,SKEWNESS_ABOUT_MINOR)",ADD,"['DISTANCE_CIRCULARITY', 'SKEWNESS_ABOUT_MINOR']",0.8346456692913385,0.007874015748031482,0.013602256774902344,success,
vehicle,"SUB(DISTANCE_CIRCULARITY,SKEWNESS_ABOUT_MINOR)",SUB,"['DISTANCE_CIRCULARITY', 'SKEWNESS_ABOUT_MINOR']",0.8267716535433071,0.0,0.013349294662475586,success,
vehicle,"MUL(DISTANCE_CIRCULARITY,SKEWNESS_ABOUT_MINOR)",MUL,"['DISTANCE_CIRCULARITY', 'SKEWNESS_ABOUT_MINOR']",0.8267716535433071,0.0,0.012745380401611328,success,
vehicle,"DIV(DISTANCE_CIRCULARITY,SKEWNESS_ABOUT_MINOR)",DIV,"['DISTANCE_CIRCULARITY', 'SKEWNESS_ABOUT_MINOR']",0.8267716535433071,0.0,0.017952442169189453,success,
vehicle,"ADD(DISTANCE_CIRCULARITY,KURTOSIS_ABOUT_MAJOR)",ADD,"['DISTANCE_CIRCULARITY', 'KURTOSIS_ABOUT_MAJOR']",0.8267716535433071,0.0,0.014203310012817383,success,
vehicle,"SUB(DISTANCE_CIRCULARITY,KURTOSIS_ABOUT_MAJOR)",SUB,"['DISTANCE_CIRCULARITY', 'KURTOSIS_ABOUT_MAJOR']",0.8346456692913385,0.007874015748031482,0.015008926391601562,success,
vehicle,"MUL(DISTANCE_CIRCULARITY,KURTOSIS_ABOUT_MAJOR)",MUL,"['DISTANCE_CIRCULARITY', 'KURTOSIS_ABOUT_MAJOR']",0.84251968503937,0.015748031496062964,0.013257503509521484,success,
vehicle,"DIV(DISTANCE_CIRCULARITY,KURTOSIS_ABOUT_MAJOR)",DIV,"['DISTANCE_CIRCULARITY', 'KURTOSIS_ABOUT_MAJOR']",0.8188976377952756,-0.007874015748031482,0.023736953735351562,success,
vehicle,"ADD(DISTANCE_CIRCULARITY,KURTOSIS_ABOUT_MINOR)",ADD,"['DISTANCE_CIRCULARITY', 'KURTOSIS_ABOUT_MINOR']",0.8346456692913385,0.007874015748031482,0.015394449234008789,success,
vehicle,"SUB(DISTANCE_CIRCULARITY,KURTOSIS_ABOUT_MINOR)",SUB,"['DISTANCE_CIRCULARITY', 'KURTOSIS_ABOUT_MINOR']",0.8346456692913385,0.007874015748031482,0.012890100479125977,success,
vehicle,"MUL(DISTANCE_CIRCULARITY,KURTOSIS_ABOUT_MINOR)",MUL,"['DISTANCE_CIRCULARITY', 'KURTOSIS_ABOUT_MINOR']",0.8267716535433071,0.0,0.013459205627441406,success,
vehicle,"DIV(DISTANCE_CIRCULARITY,KURTOSIS_ABOUT_MINOR)",DIV,"['DISTANCE_CIRCULARITY', 'KURTOSIS_ABOUT_MINOR']",0.8267716535433071,0.0,0.12007451057434082,success,
vehicle,"ADD(DISTANCE_CIRCULARITY,HOLLOWS_RATIO)",ADD,"['DISTANCE_CIRCULARITY', 'HOLLOWS_RATIO']",0.8346456692913385,0.007874015748031482,0.013206958770751953,success,
vehicle,"SUB(DISTANCE_CIRCULARITY,HOLLOWS_RATIO)",SUB,"['DISTANCE_CIRCULARITY', 'HOLLOWS_RATIO']",0.8346456692913385,0.007874015748031482,0.011942386627197266,success,
vehicle,"MUL(DISTANCE_CIRCULARITY,HOLLOWS_RATIO)",MUL,"['DISTANCE_CIRCULARITY', 'HOLLOWS_RATIO']",0.8267716535433071,0.0,0.012906312942504883,success,
vehicle,"DIV(DISTANCE_CIRCULARITY,HOLLOWS_RATIO)",DIV,"['DISTANCE_CIRCULARITY', 'HOLLOWS_RATIO']",0.8267716535433071,0.0,0.028123140335083008,success,
vehicle,"ADD(RADIUS_RATIO,PR.AXIS_ASPECT_RATIO)",ADD,"['RADIUS_RATIO', 'PR.AXIS_ASPECT_RATIO']",0.8346456692913385,0.007874015748031482,0.013056755065917969,success,
vehicle,"SUB(RADIUS_RATIO,PR.AXIS_ASPECT_RATIO)",SUB,"['RADIUS_RATIO', 'PR.AXIS_ASPECT_RATIO']",0.8267716535433071,0.0,0.011956930160522461,success,
vehicle,"MUL(RADIUS_RATIO,PR.AXIS_ASPECT_RATIO)",MUL,"['RADIUS_RATIO', 'PR.AXIS_ASPECT_RATIO']",0.8346456692913385,0.007874015748031482,0.013019561767578125,success,
vehicle,"DIV(RADIUS_RATIO,PR.AXIS_ASPECT_RATIO)",DIV,"['RADIUS_RATIO', 'PR.AXIS_ASPECT_RATIO']",0.8267716535433071,0.0,0.01893901824951172,success,
vehicle,"ADD(RADIUS_RATIO,MAX.LENGTH_ASPECT_RATIO)",ADD,"['RADIUS_RATIO', 'MAX.LENGTH_ASPECT_RATIO']",0.8267716535433071,0.0,0.013184070587158203,success,
vehicle,"SUB(RADIUS_RATIO,MAX.LENGTH_ASPECT_RATIO)",SUB,"['RADIUS_RATIO', 'MAX.LENGTH_ASPECT_RATIO']",0.8346456692913385,0.007874015748031482,0.012751340866088867,success,
vehicle,"MUL(RADIUS_RATIO,MAX.LENGTH_ASPECT_RATIO)",MUL,"['RADIUS_RATIO', 'MAX.LENGTH_ASPECT_RATIO']",0.8582677165354331,0.03149606299212604,0.013053655624389648,success,
vehicle,"DIV(RADIUS_RATIO,MAX.LENGTH_ASPECT_RATIO)",DIV,"['RADIUS_RATIO', 'MAX.LENGTH_ASPECT_RATIO']",0.8346456692913385,0.007874015748031482,0.0200350284576416,success,
vehicle,"ADD(RADIUS_RATIO,SCATTER_RATIO)",ADD,"['RADIUS_RATIO', 'SCATTER_RATIO']",0.8346456692913385,0.007874015748031482,0.012967824935913086,success,
vehicle,"SUB(RADIUS_RATIO,SCATTER_RATIO)",SUB,"['RADIUS_RATIO', 'SCATTER_RATIO']",0.8267716535433071,0.0,0.012443065643310547,success,
vehicle,"MUL(RADIUS_RATIO,SCATTER_RATIO)",MUL,"['RADIUS_RATIO', 'SCATTER_RATIO']",0.8188976377952756,-0.007874015748031482,0.01217961311340332,success,
vehicle,"DIV(RADIUS_RATIO,SCATTER_RATIO)",DIV,"['RADIUS_RATIO', 'SCATTER_RATIO']",0.8346456692913385,0.007874015748031482,0.02153491973876953,success,
vehicle,"ADD(RADIUS_RATIO,ELONGATEDNESS)",ADD,"['RADIUS_RATIO', 'ELONGATEDNESS']",0.8346456692913385,0.007874015748031482,0.013368844985961914,success,
vehicle,"SUB(RADIUS_RATIO,ELONGATEDNESS)",SUB,"['RADIUS_RATIO', 'ELONGATEDNESS']",0.8346456692913385,0.007874015748031482,0.01370549201965332,success,
vehicle,"MUL(RADIUS_RATIO,ELONGATEDNESS)",MUL,"['RADIUS_RATIO', 'ELONGATEDNESS']",0.8267716535433071,0.0,0.012652158737182617,success,
vehicle,"DIV(RADIUS_RATIO,ELONGATEDNESS)",DIV,"['RADIUS_RATIO', 'ELONGATEDNESS']",0.8267716535433071,0.0,0.014005184173583984,success,
vehicle,"ADD(RADIUS_RATIO,PR.AXIS_RECTANGULARITY)",ADD,"['RADIUS_RATIO', 'PR.AXIS_RECTANGULARITY']",0.8346456692913385,0.007874015748031482,0.014287710189819336,success,
vehicle,"SUB(RADIUS_RATIO,PR.AXIS_RECTANGULARITY)",SUB,"['RADIUS_RATIO', 'PR.AXIS_RECTANGULARITY']",0.8267716535433071,0.0,0.012907266616821289,success,
vehicle,"MUL(RADIUS_RATIO,PR.AXIS_RECTANGULARITY)",MUL,"['RADIUS_RATIO', 'PR.AXIS_RECTANGULARITY']",0.8188976377952756,-0.007874015748031482,0.013084650039672852,success,
vehicle,"DIV(RADIUS_RATIO,PR.AXIS_RECTANGULARITY)",DIV,"['RADIUS_RATIO', 'PR.AXIS_RECTANGULARITY']",0.8346456692913385,0.007874015748031482,0.013727188110351562,success,
vehicle,"ADD(RADIUS_RATIO,MAX.LENGTH_RECTANGULARITY)",ADD,"['RADIUS_RATIO', 'MAX.LENGTH_RECTANGULARITY']",0.8267716535433071,0.0,0.013579607009887695,success,
vehicle,"SUB(RADIUS_RATIO,MAX.LENGTH_RECTANGULARITY)",SUB,"['RADIUS_RATIO', 'MAX.LENGTH_RECTANGULARITY']",0.8346456692913385,0.007874015748031482,0.012537002563476562,success,
vehicle,"MUL(RADIUS_RATIO,MAX.LENGTH_RECTANGULARITY)",MUL,"['RADIUS_RATIO', 'MAX.LENGTH_RECTANGULARITY']",0.8188976377952756,-0.007874015748031482,0.014258146286010742,success,
vehicle,"DIV(RADIUS_RATIO,MAX.LENGTH_RECTANGULARITY)",DIV,"['RADIUS_RATIO', 'MAX.LENGTH_RECTANGULARITY']",0.8267716535433071,0.0,0.023109912872314453,success,
vehicle,"ADD(RADIUS_RATIO,SCALED_VARIANCE_MAJOR)",ADD,"['RADIUS_RATIO', 'SCALED_VARIANCE_MAJOR']",0.8267716535433071,0.0,0.013801813125610352,success,
vehicle,"SUB(RADIUS_RATIO,SCALED_VARIANCE_MAJOR)",SUB,"['RADIUS_RATIO', 'SCALED_VARIANCE_MAJOR']",0.8267716535433071,0.0,0.013511180877685547,success,
vehicle,"MUL(RADIUS_RATIO,SCALED_VARIANCE_MAJOR)",MUL,"['RADIUS_RATIO', 'SCALED_VARIANCE_MAJOR']",0.84251968503937,0.015748031496062964,0.012754678726196289,success,
vehicle,"DIV(RADIUS_RATIO,SCALED_VARIANCE_MAJOR)",DIV,"['RADIUS_RATIO', 'SCALED_VARIANCE_MAJOR']",0.8267716535433071,0.0,0.01614832878112793,success,
vehicle,"ADD(RADIUS_RATIO,SCALED_VARIANCE_MINOR)",ADD,"['RADIUS_RATIO', 'SCALED_VARIANCE_MINOR']",0.8346456692913385,0.007874015748031482,0.014848470687866211,success,
vehicle,"SUB(RADIUS_RATIO,SCALED_VARIANCE_MINOR)",SUB,"['RADIUS_RATIO', 'SCALED_VARIANCE_MINOR']",0.8346456692913385,0.007874015748031482,0.013176202774047852,success,
vehicle,"MUL(RADIUS_RATIO,SCALED_VARIANCE_MINOR)",MUL,"['RADIUS_RATIO', 'SCALED_VARIANCE_MINOR']",0.8188976377952756,-0.007874015748031482,0.012938261032104492,success,
vehicle,"DIV(RADIUS_RATIO,SCALED_VARIANCE_MINOR)",DIV,"['RADIUS_RATIO', 'SCALED_VARIANCE_MINOR']",0.8267716535433071,0.0,0.020969629287719727,success,
vehicle,"ADD(RADIUS_RATIO,SCALED_RADIUS_OF_GYRATION)",ADD,"['RADIUS_RATIO', 'SCALED_RADIUS_OF_GYRATION']",0.8267716535433071,0.0,0.014984846115112305,success,
vehicle,"SUB(RADIUS_RATIO,SCALED_RADIUS_OF_GYRATION)",SUB,"['RADIUS_RATIO', 'SCALED_RADIUS_OF_GYRATION']",0.8267716535433071,0.0,0.01302647590637207,success,
vehicle,"MUL(RADIUS_RATIO,SCALED_RADIUS_OF_GYRATION)",MUL,"['RADIUS_RATIO', 'SCALED_RADIUS_OF_GYRATION']",0.8267716535433071,0.0,0.013397216796875,success,
vehicle,"DIV(RADIUS_RATIO,SCALED_RADIUS_OF_GYRATION)",DIV,"['RADIUS_RATIO', 'SCALED_RADIUS_OF_GYRATION']",0.8267716535433071,0.0,0.03904223442077637,success,
vehicle,"ADD(RADIUS_RATIO,SKEWNESS_ABOUT_MAJOR)",ADD,"['RADIUS_RATIO', 'SKEWNESS_ABOUT_MAJOR']",0.8346456692913385,0.007874015748031482,0.013614654541015625,success,
vehicle,"SUB(RADIUS_RATIO,SKEWNESS_ABOUT_MAJOR)",SUB,"['RADIUS_RATIO', 'SKEWNESS_ABOUT_MAJOR']",0.8267716535433071,0.0,0.014367341995239258,success,
vehicle,"MUL(RADIUS_RATIO,SKEWNESS_ABOUT_MAJOR)",MUL,"['RADIUS_RATIO', 'SKEWNESS_ABOUT_MAJOR']",0.8267716535433071,0.0,0.013285636901855469,success,
vehicle,"DIV(RADIUS_RATIO,SKEWNESS_ABOUT_MAJOR)",DIV,"['RADIUS_RATIO', 'SKEWNESS_ABOUT_MAJOR']",0.8267716535433071,0.0,0.02803325653076172,success,
vehicle,"ADD(RADIUS_RATIO,SKEWNESS_ABOUT_MINOR)",ADD,"['RADIUS_RATIO', 'SKEWNESS_ABOUT_MINOR']",0.8346456692913385,0.007874015748031482,0.014681339263916016,success,
vehicle,"SUB(RADIUS_RATIO,SKEWNESS_ABOUT_MINOR)",SUB,"['RADIUS_RATIO', 'SKEWNESS_ABOUT_MINOR']",0.8346456692913385,0.007874015748031482,0.013937711715698242,success,
vehicle,"MUL(RADIUS_RATIO,SKEWNESS_ABOUT_MINOR)",MUL,"['RADIUS_RATIO', 'SKEWNESS_ABOUT_MINOR']",0.8346456692913385,0.007874015748031482,0.013343095779418945,success,
vehicle,"DIV(RADIUS_RATIO,SKEWNESS_ABOUT_MINOR)",DIV,"['RADIUS_RATIO', 'SKEWNESS_ABOUT_MINOR']",0.8346456692913385,0.007874015748031482,0.017487287521362305,success,
vehicle,"ADD(RADIUS_RATIO,KURTOSIS_ABOUT_MAJOR)",ADD,"['RADIUS_RATIO', 'KURTOSIS_ABOUT_MAJOR']",0.8346456692913385,0.007874015748031482,0.01303863525390625,success,
vehicle,"SUB(RADIUS_RATIO,KURTOSIS_ABOUT_MAJOR)",SUB,"['RADIUS_RATIO', 'KURTOSIS_ABOUT_MAJOR']",0.8346456692913385,0.007874015748031482,0.013060569763183594,success,
vehicle,"MUL(RADIUS_RATIO,KURTOSIS_ABOUT_MAJOR)",MUL,"['RADIUS_RATIO', 'KURTOSIS_ABOUT_MAJOR']",0.84251968503937,0.015748031496062964,0.013221263885498047,success,
vehicle,"DIV(RADIUS_RATIO,KURTOSIS_ABOUT_MAJOR)",DIV,"['RADIUS_RATIO', 'KURTOSIS_ABOUT_MAJOR']",0.8267716535433071,0.0,0.021366596221923828,success,
vehicle,"ADD(RADIUS_RATIO,KURTOSIS_ABOUT_MINOR)",ADD,"['RADIUS_RATIO', 'KURTOSIS_ABOUT_MINOR']",0.8346456692913385,0.007874015748031482,0.015238046646118164,success,
vehicle,"SUB(RADIUS_RATIO,KURTOSIS_ABOUT_MINOR)",SUB,"['RADIUS_RATIO', 'KURTOSIS_ABOUT_MINOR']",0.8346456692913385,0.007874015748031482,0.012357473373413086,success,
vehicle,"MUL(RADIUS_RATIO,KURTOSIS_ABOUT_MINOR)",MUL,"['RADIUS_RATIO', 'KURTOSIS_ABOUT_MINOR']",0.8267716535433071,0.0,0.0126800537109375,success,
vehicle,"DIV(RADIUS_RATIO,KURTOSIS_ABOUT_MINOR)",DIV,"['RADIUS_RATIO', 'KURTOSIS_ABOUT_MINOR']",0.8346456692913385,0.007874015748031482,0.10330915451049805,success,
vehicle,"ADD(RADIUS_RATIO,HOLLOWS_RATIO)",ADD,"['RADIUS_RATIO', 'HOLLOWS_RATIO']",0.8346456692913385,0.007874015748031482,0.01350712776184082,success,
vehicle,"SUB(RADIUS_RATIO,HOLLOWS_RATIO)",SUB,"['RADIUS_RATIO', 'HOLLOWS_RATIO']",0.8267716535433071,0.0,0.01309347152709961,success,
vehicle,"MUL(RADIUS_RATIO,HOLLOWS_RATIO)",MUL,"['RADIUS_RATIO', 'HOLLOWS_RATIO']",0.8110236220472441,-0.015748031496062964,0.012892007827758789,success,
vehicle,"DIV(RADIUS_RATIO,HOLLOWS_RATIO)",DIV,"['RADIUS_RATIO', 'HOLLOWS_RATIO']",0.8267716535433071,0.0,0.024789094924926758,success,
vehicle,"ADD(PR.AXIS_ASPECT_RATIO,MAX.LENGTH_ASPECT_RATIO)",ADD,"['PR.AXIS_ASPECT_RATIO', 'MAX.LENGTH_ASPECT_RATIO']",0.84251968503937,0.015748031496062964,0.012259960174560547,success,
vehicle,"SUB(PR.AXIS_ASPECT_RATIO,MAX.LENGTH_ASPECT_RATIO)",SUB,"['PR.AXIS_ASPECT_RATIO', 'MAX.LENGTH_ASPECT_RATIO']",0.8346456692913385,0.007874015748031482,0.014142036437988281,success,
vehicle,"MUL(PR.AXIS_ASPECT_RATIO,MAX.LENGTH_ASPECT_RATIO)",MUL,"['PR.AXIS_ASPECT_RATIO', 'MAX.LENGTH_ASPECT_RATIO']",0.8346456692913385,0.007874015748031482,0.016860246658325195,success,
vehicle,"DIV(PR.AXIS_ASPECT_RATIO,MAX.LENGTH_ASPECT_RATIO)",DIV,"['PR.AXIS_ASPECT_RATIO', 'MAX.LENGTH_ASPECT_RATIO']",0.8346456692913385,0.007874015748031482,0.0157773494720459,success,
vehicle,"ADD(PR.AXIS_ASPECT_RATIO,SCATTER_RATIO)",ADD,"['PR.AXIS_ASPECT_RATIO', 'SCATTER_RATIO']",0.8346456692913385,0.007874015748031482,0.013901710510253906,success,
vehicle,"SUB(PR.AXIS_ASPECT_RATIO,SCATTER_RATIO)",SUB,"['PR.AXIS_ASPECT_RATIO', 'SCATTER_RATIO']",0.8346456692913385,0.007874015748031482,0.013948678970336914,success,
vehicle,"MUL(PR.AXIS_ASPECT_RATIO,SCATTER_RATIO)",MUL,"['PR.AXIS_ASPECT_RATIO', 'SCATTER_RATIO']",0.8188976377952756,-0.007874015748031482,0.012797832489013672,success,
vehicle,"DIV(PR.AXIS_ASPECT_RATIO,SCATTER_RATIO)",DIV,"['PR.AXIS_ASPECT_RATIO', 'SCATTER_RATIO']",0.8346456692913385,0.007874015748031482,0.018767595291137695,success,
vehicle,"ADD(PR.AXIS_ASPECT_RATIO,ELONGATEDNESS)",ADD,"['PR.AXIS_ASPECT_RATIO', 'ELONGATEDNESS']",0.84251968503937,0.015748031496062964,0.012019872665405273,success,
vehicle,"SUB(PR.AXIS_ASPECT_RATIO,ELONGATEDNESS)",SUB,"['PR.AXIS_ASPECT_RATIO', 'ELONGATEDNESS']",0.8346456692913385,0.007874015748031482,0.013657569885253906,success,
vehicle,"MUL(PR.AXIS_ASPECT_RATIO,ELONGATEDNESS)",MUL,"['PR.AXIS_ASPECT_RATIO', 'ELONGATEDNESS']",0.8188976377952756,-0.007874015748031482,0.012451410293579102,success,
vehicle,"DIV(PR.AXIS_ASPECT_RATIO,ELONGATEDNESS)",DIV,"['PR.AXIS_ASPECT_RATIO', 'ELONGATEDNESS']",0.8346456692913385,0.007874015748031482,0.019416093826293945,success,
vehicle,"ADD(PR.AXIS_ASPECT_RATIO,PR.AXIS_RECTANGULARITY)",ADD,"['PR.AXIS_ASPECT_RATIO', 'PR.AXIS_RECTANGULARITY']",0.8267716535433071,0.0,0.014013528823852539,success,
vehicle,"SUB(PR.AXIS_ASPECT_RATIO,PR.AXIS_RECTANGULARITY)",SUB,"['PR.AXIS_ASPECT_RATIO', 'PR.AXIS_RECTANGULARITY']",0.8267716535433071,0.0,0.01322627067565918,success,
vehicle,"MUL(PR.AXIS_ASPECT_RATIO,PR.AXIS_RECTANGULARITY)",MUL,"['PR.AXIS_ASPECT_RATIO', 'PR.AXIS_RECTANGULARITY']",0.8110236220472441,-0.015748031496062964,0.013150453567504883,success,
vehicle,"DIV(PR.AXIS_ASPECT_RATIO,PR.AXIS_RECTANGULARITY)",DIV,"['PR.AXIS_ASPECT_RATIO', 'PR.AXIS_RECTANGULARITY']",0.8188976377952756,-0.007874015748031482,0.013648748397827148,success,
vehicle,"ADD(PR.AXIS_ASPECT_RATIO,MAX.LENGTH_RECTANGULARITY)",ADD,"['PR.AXIS_ASPECT_RATIO', 'MAX.LENGTH_RECTANGULARITY']",0.8346456692913385,0.007874015748031482,0.013689041137695312,success,
vehicle,"SUB(PR.AXIS_ASPECT_RATIO,MAX.LENGTH_RECTANGULARITY)",SUB,"['PR.AXIS_ASPECT_RATIO', 'MAX.LENGTH_RECTANGULARITY']",0.8267716535433071,0.0,0.012549638748168945,success,
vehicle,"MUL(PR.AXIS_ASPECT_RATIO,MAX.LENGTH_RECTANGULARITY)",MUL,"['PR.AXIS_ASPECT_RATIO', 'MAX.LENGTH_RECTANGULARITY']",0.8267716535433071,0.0,0.012623310089111328,success,
vehicle,"DIV(PR.AXIS_ASPECT_RATIO,MAX.LENGTH_RECTANGULARITY)",DIV,"['PR.AXIS_ASPECT_RATIO', 'MAX.LENGTH_RECTANGULARITY']",0.8346456692913385,0.007874015748031482,0.023775577545166016,success,
vehicle,"ADD(PR.AXIS_ASPECT_RATIO,SCALED_VARIANCE_MAJOR)",ADD,"['PR.AXIS_ASPECT_RATIO', 'SCALED_VARIANCE_MAJOR']",0.8346456692913385,0.007874015748031482,0.01298832893371582,success,
vehicle,"SUB(PR.AXIS_ASPECT_RATIO,SCALED_VARIANCE_MAJOR)",SUB,"['PR.AXIS_ASPECT_RATIO', 'SCALED_VARIANCE_MAJOR']",0.8346456692913385,0.007874015748031482,0.013576030731201172,success,
vehicle,"MUL(PR.AXIS_ASPECT_RATIO,SCALED_VARIANCE_MAJOR)",MUL,"['PR.AXIS_ASPECT_RATIO', 'SCALED_VARIANCE_MAJOR']",0.8346456692913385,0.007874015748031482,0.013280391693115234,success,
vehicle,"DIV(PR.AXIS_ASPECT_RATIO,SCALED_VARIANCE_MAJOR)",DIV,"['PR.AXIS_ASPECT_RATIO', 'SCALED_VARIANCE_MAJOR']",0.8267716535433071,0.0,0.01834726333618164,success,
vehicle,"ADD(PR.AXIS_ASPECT_RATIO,SCALED_VARIANCE_MINOR)",ADD,"['PR.AXIS_ASPECT_RATIO', 'SCALED_VARIANCE_MINOR']",0.8346456692913385,0.007874015748031482,0.012760639190673828,success,
vehicle,"SUB(PR.AXIS_ASPECT_RATIO,SCALED_VARIANCE_MINOR)",SUB,"['PR.AXIS_ASPECT_RATIO', 'SCALED_VARIANCE_MINOR']",0.8346456692913385,0.007874015748031482,0.012165546417236328,success,
vehicle,"MUL(PR.AXIS_ASPECT_RATIO,SCALED_VARIANCE_MINOR)",MUL,"['PR.AXIS_ASPECT_RATIO', 'SCALED_VARIANCE_MINOR']",0.8110236220472441,-0.015748031496062964,0.012972354888916016,success,
vehicle,"DIV(PR.AXIS_ASPECT_RATIO,SCALED_VARIANCE_MINOR)",DIV,"['PR.AXIS_ASPECT_RATIO', 'SCALED_VARIANCE_MINOR']",0.8267716535433071,0.0,0.024863719940185547,success,
vehicle,"ADD(PR.AXIS_ASPECT_RATIO,SCALED_RADIUS_OF_GYRATION)",ADD,"['PR.AXIS_ASPECT_RATIO', 'SCALED_RADIUS_OF_GYRATION']",0.8267716535433071,0.0,0.013385295867919922,success,
vehicle,"SUB(PR.AXIS_ASPECT_RATIO,SCALED_RADIUS_OF_GYRATION)",SUB,"['PR.AXIS_ASPECT_RATIO', 'SCALED_RADIUS_OF_GYRATION']",0.8267716535433071,0.0,0.013086318969726562,success,
vehicle,"MUL(PR.AXIS_ASPECT_RATIO,SCALED_RADIUS_OF_GYRATION)",MUL,"['PR.AXIS_ASPECT_RATIO', 'SCALED_RADIUS_OF_GYRATION']",0.8346456692913385,0.007874015748031482,0.013185501098632812,success,
vehicle,"DIV(PR.AXIS_ASPECT_RATIO,SCALED_RADIUS_OF_GYRATION)",DIV,"['PR.AXIS_ASPECT_RATIO', 'SCALED_RADIUS_OF_GYRATION']",0.8267716535433071,0.0,0.03505110740661621,success,
vehicle,"ADD(PR.AXIS_ASPECT_RATIO,SKEWNESS_ABOUT_MAJOR)",ADD,"['PR.AXIS_ASPECT_RATIO', 'SKEWNESS_ABOUT_MAJOR']",0.8267716535433071,0.0,0.011744499206542969,success,
vehicle,"SUB(PR.AXIS_ASPECT_RATIO,SKEWNESS_ABOUT_MAJOR)",SUB,"['PR.AXIS_ASPECT_RATIO', 'SKEWNESS_ABOUT_MAJOR']",0.8267716535433071,0.0,0.01204371452331543,success,
vehicle,"MUL(PR.AXIS_ASPECT_RATIO,SKEWNESS_ABOUT_MAJOR)",MUL,"['PR.AXIS_ASPECT_RATIO', 'SKEWNESS_ABOUT_MAJOR']",0.8267716535433071,0.0,0.014737129211425781,success,
vehicle,"DIV(PR.AXIS_ASPECT_RATIO,SKEWNESS_ABOUT_MAJOR)",DIV,"['PR.AXIS_ASPECT_RATIO', 'SKEWNESS_ABOUT_MAJOR']",0.8346456692913385,0.007874015748031482,0.022751569747924805,success,
vehicle,"ADD(PR.AXIS_ASPECT_RATIO,SKEWNESS_ABOUT_MINOR)",ADD,"['PR.AXIS_ASPECT_RATIO', 'SKEWNESS_ABOUT_MINOR']",0.8267716535433071,0.0,0.013949871063232422,success,
vehicle,"SUB(PR.AXIS_ASPECT_RATIO,SKEWNESS_ABOUT_MINOR)",SUB,"['PR.AXIS_ASPECT_RATIO', 'SKEWNESS_ABOUT_MINOR']",0.8346456692913385,0.007874015748031482,0.01348876953125,success,
vehicle,"MUL(PR.AXIS_ASPECT_RATIO,SKEWNESS_ABOUT_MINOR)",MUL,"['PR.AXIS_ASPECT_RATIO', 'SKEWNESS_ABOUT_MINOR']",0.8346456692913385,0.007874015748031482,0.012022018432617188,success,
vehicle,"DIV(PR.AXIS_ASPECT_RATIO,SKEWNESS_ABOUT_MINOR)",DIV,"['PR.AXIS_ASPECT_RATIO', 'SKEWNESS_ABOUT_MINOR']",0.8267716535433071,0.0,0.01357722282409668,success,
vehicle,"ADD(PR.AXIS_ASPECT_RATIO,KURTOSIS_ABOUT_MAJOR)",ADD,"['PR.AXIS_ASPECT_RATIO', 'KURTOSIS_ABOUT_MAJOR']",0.8267716535433071,0.0,0.012499332427978516,success,
vehicle,"SUB(PR.AXIS_ASPECT_RATIO,KURTOSIS_ABOUT_MAJOR)",SUB,"['PR.AXIS_ASPECT_RATIO', 'KURTOSIS_ABOUT_MAJOR']",0.8267716535433071,0.0,0.013230323791503906,success,
vehicle,"MUL(PR.AXIS_ASPECT_RATIO,KURTOSIS_ABOUT_MAJOR)",MUL,"['PR.AXIS_ASPECT_RATIO', 'KURTOSIS_ABOUT_MAJOR']",0.8346456692913385,0.007874015748031482,0.012586116790771484,success,
vehicle,"DIV(PR.AXIS_ASPECT_RATIO,KURTOSIS_ABOUT_MAJOR)",DIV,"['PR.AXIS_ASPECT_RATIO', 'KURTOSIS_ABOUT_MAJOR']",0.8346456692913385,0.007874015748031482,0.020284652709960938,success,
vehicle,"ADD(PR.AXIS_ASPECT_RATIO,KURTOSIS_ABOUT_MINOR)",ADD,"['PR.AXIS_ASPECT_RATIO', 'KURTOSIS_ABOUT_MINOR']",0.84251968503937,0.015748031496062964,0.012385129928588867,success,
vehicle,"SUB(PR.AXIS_ASPECT_RATIO,KURTOSIS_ABOUT_MINOR)",SUB,"['PR.AXIS_ASPECT_RATIO', 'KURTOSIS_ABOUT_MINOR']",0.84251968503937,0.015748031496062964,0.012677669525146484,success,
vehicle,"MUL(PR.AXIS_ASPECT_RATIO,KURTOSIS_ABOUT_MINOR)",MUL,"['PR.AXIS_ASPECT_RATIO', 'KURTOSIS_ABOUT_MINOR']",0.8267716535433071,0.0,0.012242555618286133,success,
vehicle,"DIV(PR.AXIS_ASPECT_RATIO,KURTOSIS_ABOUT_MINOR)",DIV,"['PR.AXIS_ASPECT_RATIO', 'KURTOSIS_ABOUT_MINOR']",0.8346456692913385,0.007874015748031482,0.06197237968444824,success,
vehicle,"ADD(PR.AXIS_ASPECT_RATIO,HOLLOWS_RATIO)",ADD,"['PR.AXIS_ASPECT_RATIO', 'HOLLOWS_RATIO']",0.8267716535433071,0.0,0.012244462966918945,success,
vehicle,"SUB(PR.AXIS_ASPECT_RATIO,HOLLOWS_RATIO)",SUB,"['PR.AXIS_ASPECT_RATIO', 'HOLLOWS_RATIO']",0.8346456692913385,0.007874015748031482,0.013200044631958008,success,
vehicle,"MUL(PR.AXIS_ASPECT_RATIO,HOLLOWS_RATIO)",MUL,"['PR.AXIS_ASPECT_RATIO', 'HOLLOWS_RATIO']",0.8346456692913385,0.007874015748031482,0.012682199478149414,success,
vehicle,"DIV(PR.AXIS_ASPECT_RATIO,HOLLOWS_RATIO)",DIV,"['PR.AXIS_ASPECT_RATIO', 'HOLLOWS_RATIO']",0.8346456692913385,0.007874015748031482,0.02247476577758789,success,
vehicle,"ADD(MAX.LENGTH_ASPECT_RATIO,SCATTER_RATIO)",ADD,"['MAX.LENGTH_ASPECT_RATIO', 'SCATTER_RATIO']",0.8346456692913385,0.007874015748031482,0.013367652893066406,success,
vehicle,"SUB(MAX.LENGTH_ASPECT_RATIO,SCATTER_RATIO)",SUB,"['MAX.LENGTH_ASPECT_RATIO', 'SCATTER_RATIO']",0.8346456692913385,0.007874015748031482,0.012814521789550781,success,
vehicle,"MUL(MAX.LENGTH_ASPECT_RATIO,SCATTER_RATIO)",MUL,"['MAX.LENGTH_ASPECT_RATIO', 'SCATTER_RATIO']",0.8503937007874016,0.023622047244094557,0.012586116790771484,success,
vehicle,"DIV(MAX.LENGTH_ASPECT_RATIO,SCATTER_RATIO)",DIV,"['MAX.LENGTH_ASPECT_RATIO', 'SCATTER_RATIO']",0.8346456692913385,0.007874015748031482,0.013928413391113281,success,
vehicle,"ADD(MAX.LENGTH_ASPECT_RATIO,ELONGATEDNESS)",ADD,"['MAX.LENGTH_ASPECT_RATIO', 'ELONGATEDNESS']",0.8346456692913385,0.007874015748031482,0.013169288635253906,success,
vehicle,"SUB(MAX.LENGTH_ASPECT_RATIO,ELONGATEDNESS)",SUB,"['MAX.LENGTH_ASPECT_RATIO', 'ELONGATEDNESS']",0.8346456692913385,0.007874015748031482,0.01225423812866211,success,
vehicle,"MUL(MAX.LENGTH_ASPECT_RATIO,ELONGATEDNESS)",MUL,"['MAX.LENGTH_ASPECT_RATIO', 'ELONGATEDNESS']",0.8582677165354331,0.03149606299212604,0.013135433197021484,success,
vehicle,"DIV(MAX.LENGTH_ASPECT_RATIO,ELONGATEDNESS)",DIV,"['MAX.LENGTH_ASPECT_RATIO', 'ELONGATEDNESS']",0.84251968503937,0.015748031496062964,0.013443231582641602,success,
vehicle,"ADD(MAX.LENGTH_ASPECT_RATIO,PR.AXIS_RECTANGULARITY)",ADD,"['MAX.LENGTH_ASPECT_RATIO', 'PR.AXIS_RECTANGULARITY']",0.8346456692913385,0.007874015748031482,0.013669967651367188,success,
vehicle,"SUB(MAX.LENGTH_ASPECT_RATIO,PR.AXIS_RECTANGULARITY)",SUB,"['MAX.LENGTH_ASPECT_RATIO', 'PR.AXIS_RECTANGULARITY']",0.8346456692913385,0.007874015748031482,0.01203155517578125,success,
vehicle,"MUL(MAX.LENGTH_ASPECT_RATIO,PR.AXIS_RECTANGULARITY)",MUL,"['MAX.LENGTH_ASPECT_RATIO', 'PR.AXIS_RECTANGULARITY']",0.84251968503937,0.015748031496062964,0.011389970779418945,success,
vehicle,"DIV(MAX.LENGTH_ASPECT_RATIO,PR.AXIS_RECTANGULARITY)",DIV,"['MAX.LENGTH_ASPECT_RATIO', 'PR.AXIS_RECTANGULARITY']",0.8346456692913385,0.007874015748031482,0.012647390365600586,success,
vehicle,"ADD(MAX.LENGTH_ASPECT_RATIO,MAX.LENGTH_RECTANGULARITY)",ADD,"['MAX.LENGTH_ASPECT_RATIO', 'MAX.LENGTH_RECTANGULARITY']",0.84251968503937,0.015748031496062964,0.014088869094848633,success,
vehicle,"SUB(MAX.LENGTH_ASPECT_RATIO,MAX.LENGTH_RECTANGULARITY)",SUB,"['MAX.LENGTH_ASPECT_RATIO', 'MAX.LENGTH_RECTANGULARITY']",0.8267716535433071,0.0,0.013886213302612305,success,
vehicle,"MUL(MAX.LENGTH_ASPECT_RATIO,MAX.LENGTH_RECTANGULARITY)",MUL,"['MAX.LENGTH_ASPECT_RATIO', 'MAX.LENGTH_RECTANGULARITY']",0.8661417322834646,0.03937007874015752,0.012467145919799805,success,
vehicle,"DIV(MAX.LENGTH_ASPECT_RATIO,MAX.LENGTH_RECTANGULARITY)",DIV,"['MAX.LENGTH_ASPECT_RATIO', 'MAX.LENGTH_RECTANGULARITY']",0.8346456692913385,0.007874015748031482,0.01833200454711914,success,
vehicle,"ADD(MAX.LENGTH_ASPECT_RATIO,SCALED_VARIANCE_MAJOR)",ADD,"['MAX.LENGTH_ASPECT_RATIO', 'SCALED_VARIANCE_MAJOR']",0.8346456692913385,0.007874015748031482,0.014504671096801758,success,
vehicle,"SUB(MAX.LENGTH_ASPECT_RATIO,SCALED_VARIANCE_MAJOR)",SUB,"['MAX.LENGTH_ASPECT_RATIO', 'SCALED_VARIANCE_MAJOR']",0.8346456692913385,0.007874015748031482,0.012425422668457031,success,
vehicle,"MUL(MAX.LENGTH_ASPECT_RATIO,SCALED_VARIANCE_MAJOR)",MUL,"['MAX.LENGTH_ASPECT_RATIO', 'SCALED_VARIANCE_MAJOR']",0.8267716535433071,0.0,0.012942075729370117,success,
vehicle,"DIV(MAX.LENGTH_ASPECT_RATIO,SCALED_VARIANCE_MAJOR)",DIV,"['MAX.LENGTH_ASPECT_RATIO', 'SCALED_VARIANCE_MAJOR']",0.8031496062992126,-0.023622047244094446,0.013538122177124023,success,
vehicle,"ADD(MAX.LENGTH_ASPECT_RATIO,SCALED_VARIANCE_MINOR)",ADD,"['MAX.LENGTH_ASPECT_RATIO', 'SCALED_VARIANCE_MINOR']",0.8346456692913385,0.007874015748031482,0.014146089553833008,success,
vehicle,"SUB(MAX.LENGTH_ASPECT_RATIO,SCALED_VARIANCE_MINOR)",SUB,"['MAX.LENGTH_ASPECT_RATIO', 'SCALED_VARIANCE_MINOR']",0.8346456692913385,0.007874015748031482,0.01153421401977539,success,
vehicle,"MUL(MAX.LENGTH_ASPECT_RATIO,SCALED_VARIANCE_MINOR)",MUL,"['MAX.LENGTH_ASPECT_RATIO', 'SCALED_VARIANCE_MINOR']",0.8503937007874016,0.023622047244094557,0.012768268585205078,success,
vehicle,"DIV(MAX.LENGTH_ASPECT_RATIO,SCALED_VARIANCE_MINOR)",DIV,"['MAX.LENGTH_ASPECT_RATIO', 'SCALED_VARIANCE_MINOR']",0.8267716535433071,0.0,0.01893138885498047,success,
vehicle,"ADD(MAX.LENGTH_ASPECT_RATIO,SCALED_RADIUS_OF_GYRATION)",ADD,"['MAX.LENGTH_ASPECT_RATIO', 'SCALED_RADIUS_OF_GYRATION']",0.8267716535433071,0.0,0.013820409774780273,success,
vehicle,"SUB(MAX.LENGTH_ASPECT_RATIO,SCALED_RADIUS_OF_GYRATION)",SUB,"['MAX.LENGTH_ASPECT_RATIO', 'SCALED_RADIUS_OF_GYRATION']",0.8346456692913385,0.007874015748031482,0.013149738311767578,success,
vehicle,"MUL(MAX.LENGTH_ASPECT_RATIO,SCALED_RADIUS_OF_GYRATION)",MUL,"['MAX.LENGTH_ASPECT_RATIO', 'SCALED_RADIUS_OF_GYRATION']",0.8582677165354331,0.03149606299212604,0.012255191802978516,success,
vehicle,"DIV(MAX.LENGTH_ASPECT_RATIO,SCALED_RADIUS_OF_GYRATION)",DIV,"['MAX.LENGTH_ASPECT_RATIO', 'SCALED_RADIUS_OF_GYRATION']",0.8267716535433071,0.0,0.024425268173217773,success,
vehicle,"ADD(MAX.LENGTH_ASPECT_RATIO,SKEWNESS_ABOUT_MAJOR)",ADD,"['MAX.LENGTH_ASPECT_RATIO', 'SKEWNESS_ABOUT_MAJOR']",0.84251968503937,0.015748031496062964,0.012132406234741211,success,
vehicle,"SUB(MAX.LENGTH_ASPECT_RATIO,SKEWNESS_ABOUT_MAJOR)",SUB,"['MAX.LENGTH_ASPECT_RATIO', 'SKEWNESS_ABOUT_MAJOR']",0.8267716535433071,0.0,0.012712240219116211,success,
vehicle,"MUL(MAX.LENGTH_ASPECT_RATIO,SKEWNESS_ABOUT_MAJOR)",MUL,"['MAX.LENGTH_ASPECT_RATIO', 'SKEWNESS_ABOUT_MAJOR']",0.84251968503937,0.015748031496062964,0.014434576034545898,success,
vehicle,"DIV(MAX.LENGTH_ASPECT_RATIO,SKEWNESS_ABOUT_MAJOR)",DIV,"['MAX.LENGTH_ASPECT_RATIO', 'SKEWNESS_ABOUT_MAJOR']",0.8031496062992126,-0.023622047244094446,0.015564680099487305,success,
vehicle,"ADD(MAX.LENGTH_ASPECT_RATIO,SKEWNESS_ABOUT_MINOR)",ADD,"['MAX.LENGTH_ASPECT_RATIO', 'SKEWNESS_ABOUT_MINOR']",0.8346456692913385,0.007874015748031482,0.013050079345703125,success,
vehicle,"SUB(MAX.LENGTH_ASPECT_RATIO,SKEWNESS_ABOUT_MINOR)",SUB,"['MAX.LENGTH_ASPECT_RATIO', 'SKEWNESS_ABOUT_MINOR']",0.84251968503937,0.015748031496062964,0.012033462524414062,success,
vehicle,"MUL(MAX.LENGTH_ASPECT_RATIO,SKEWNESS_ABOUT_MINOR)",MUL,"['MAX.LENGTH_ASPECT_RATIO', 'SKEWNESS_ABOUT_MINOR']",0.8346456692913385,0.007874015748031482,0.01407003402709961,success,
vehicle,"DIV(MAX.LENGTH_ASPECT_RATIO,SKEWNESS_ABOUT_MINOR)",DIV,"['MAX.LENGTH_ASPECT_RATIO', 'SKEWNESS_ABOUT_MINOR']",0.8267716535433071,0.0,0.012660026550292969,success,
vehicle,"ADD(MAX.LENGTH_ASPECT_RATIO,KURTOSIS_ABOUT_MAJOR)",ADD,"['MAX.LENGTH_ASPECT_RATIO', 'KURTOSIS_ABOUT_MAJOR']",0.84251968503937,0.015748031496062964,0.012616872787475586,success,
vehicle,"SUB(MAX.LENGTH_ASPECT_RATIO,KURTOSIS_ABOUT_MAJOR)",SUB,"['MAX.LENGTH_ASPECT_RATIO', 'KURTOSIS_ABOUT_MAJOR']",0.8346456692913385,0.007874015748031482,0.012747049331665039,success,
vehicle,"MUL(MAX.LENGTH_ASPECT_RATIO,KURTOSIS_ABOUT_MAJOR)",MUL,"['MAX.LENGTH_ASPECT_RATIO', 'KURTOSIS_ABOUT_MAJOR']",0.84251968503937,0.015748031496062964,0.012073993682861328,success,
vehicle,"DIV(MAX.LENGTH_ASPECT_RATIO,KURTOSIS_ABOUT_MAJOR)",DIV,"['MAX.LENGTH_ASPECT_RATIO', 'KURTOSIS_ABOUT_MAJOR']",0.84251968503937,0.015748031496062964,0.016602754592895508,success,
vehicle,"ADD(MAX.LENGTH_ASPECT_RATIO,KURTOSIS_ABOUT_MINOR)",ADD,"['MAX.LENGTH_ASPECT_RATIO', 'KURTOSIS_ABOUT_MINOR']",0.8346456692913385,0.007874015748031482,0.01342153549194336,success,
vehicle,"SUB(MAX.LENGTH_ASPECT_RATIO,KURTOSIS_ABOUT_MINOR)",SUB,"['MAX.LENGTH_ASPECT_RATIO', 'KURTOSIS_ABOUT_MINOR']",0.8267716535433071,0.0,0.011741161346435547,success,
vehicle,"MUL(MAX.LENGTH_ASPECT_RATIO,KURTOSIS_ABOUT_MINOR)",MUL,"['MAX.LENGTH_ASPECT_RATIO', 'KURTOSIS_ABOUT_MINOR']",0.8503937007874016,0.023622047244094557,0.012557268142700195,success,
vehicle,"DIV(MAX.LENGTH_ASPECT_RATIO,KURTOSIS_ABOUT_MINOR)",DIV,"['MAX.LENGTH_ASPECT_RATIO', 'KURTOSIS_ABOUT_MINOR']",0.8267716535433071,0.0,0.0524446964263916,success,
vehicle,"ADD(MAX.LENGTH_ASPECT_RATIO,HOLLOWS_RATIO)",ADD,"['MAX.LENGTH_ASPECT_RATIO', 'HOLLOWS_RATIO']",0.8267716535433071,0.0,0.012716531753540039,success,
vehicle,"SUB(MAX.LENGTH_ASPECT_RATIO,HOLLOWS_RATIO)",SUB,"['MAX.LENGTH_ASPECT_RATIO', 'HOLLOWS_RATIO']",0.8346456692913385,0.007874015748031482,0.013617753982543945,success,
vehicle,"MUL(MAX.LENGTH_ASPECT_RATIO,HOLLOWS_RATIO)",MUL,"['MAX.LENGTH_ASPECT_RATIO', 'HOLLOWS_RATIO']",0.84251968503937,0.015748031496062964,0.012053966522216797,success,
vehicle,"DIV(MAX.LENGTH_ASPECT_RATIO,HOLLOWS_RATIO)",DIV,"['MAX.LENGTH_ASPECT_RATIO', 'HOLLOWS_RATIO']",0.8503937007874016,0.023622047244094557,0.020989418029785156,success,
vehicle,"ADD(SCATTER_RATIO,ELONGATEDNESS)",ADD,"['SCATTER_RATIO', 'ELONGATEDNESS']",0.84251968503937,0.015748031496062964,0.01344442367553711,success,
vehicle,"SUB(SCATTER_RATIO,ELONGATEDNESS)",SUB,"['SCATTER_RATIO', 'ELONGATEDNESS']",0.8346456692913385,0.007874015748031482,0.013126134872436523,success,
vehicle,"MUL(SCATTER_RATIO,ELONGATEDNESS)",MUL,"['SCATTER_RATIO', 'ELONGATEDNESS']",0.8346456692913385,0.007874015748031482,0.013709783554077148,success,
vehicle,"DIV(SCATTER_RATIO,ELONGATEDNESS)",DIV,"['SCATTER_RATIO', 'ELONGATEDNESS']",0.8346456692913385,0.007874015748031482,0.013320684432983398,success,
vehicle,"ADD(SCATTER_RATIO,PR.AXIS_RECTANGULARITY)",ADD,"['SCATTER_RATIO', 'PR.AXIS_RECTANGULARITY']",0.8267716535433071,0.0,0.013792753219604492,success,
vehicle,"SUB(SCATTER_RATIO,PR.AXIS_RECTANGULARITY)",SUB,"['SCATTER_RATIO', 'PR.AXIS_RECTANGULARITY']",0.8346456692913385,0.007874015748031482,0.011891603469848633,success,
vehicle,"MUL(SCATTER_RATIO,PR.AXIS_RECTANGULARITY)",MUL,"['SCATTER_RATIO', 'PR.AXIS_RECTANGULARITY']",0.8346456692913385,0.007874015748031482,0.014086723327636719,success,
vehicle,"DIV(SCATTER_RATIO,PR.AXIS_RECTANGULARITY)",DIV,"['SCATTER_RATIO', 'PR.AXIS_RECTANGULARITY']",0.8346456692913385,0.007874015748031482,0.015403509140014648,success,
vehicle,"ADD(SCATTER_RATIO,MAX.LENGTH_RECTANGULARITY)",ADD,"['SCATTER_RATIO', 'MAX.LENGTH_RECTANGULARITY']",0.8267716535433071,0.0,0.014510154724121094,success,
vehicle,"SUB(SCATTER_RATIO,MAX.LENGTH_RECTANGULARITY)",SUB,"['SCATTER_RATIO', 'MAX.LENGTH_RECTANGULARITY']",0.8267716535433071,0.0,0.011626958847045898,success,
vehicle,"MUL(SCATTER_RATIO,MAX.LENGTH_RECTANGULARITY)",MUL,"['SCATTER_RATIO', 'MAX.LENGTH_RECTANGULARITY']",0.8503937007874016,0.023622047244094557,0.013952493667602539,success,
vehicle,"DIV(SCATTER_RATIO,MAX.LENGTH_RECTANGULARITY)",DIV,"['SCATTER_RATIO', 'MAX.LENGTH_RECTANGULARITY']",0.8267716535433071,0.0,0.019298553466796875,success,
vehicle,"ADD(SCATTER_RATIO,SCALED_VARIANCE_MAJOR)",ADD,"['SCATTER_RATIO', 'SCALED_VARIANCE_MAJOR']",0.8267716535433071,0.0,0.014683246612548828,success,
vehicle,"SUB(SCATTER_RATIO,SCALED_VARIANCE_MAJOR)",SUB,"['SCATTER_RATIO', 'SCALED_VARIANCE_MAJOR']",0.8346456692913385,0.007874015748031482,0.012132406234741211,success,
vehicle,"MUL(SCATTER_RATIO,SCALED_VARIANCE_MAJOR)",MUL,"['SCATTER_RATIO', 'SCALED_VARIANCE_MAJOR']",0.8346456692913385,0.007874015748031482,0.013948202133178711,success,
vehicle,"DIV(SCATTER_RATIO,SCALED_VARIANCE_MAJOR)",DIV,"['SCATTER_RATIO', 'SCALED_VARIANCE_MAJOR']",0.8110236220472441,-0.015748031496062964,0.012511014938354492,success,
vehicle,"ADD(SCATTER_RATIO,SCALED_VARIANCE_MINOR)",ADD,"['SCATTER_RATIO', 'SCALED_VARIANCE_MINOR']",0.84251968503937,0.015748031496062964,0.013511180877685547,success,
vehicle,"SUB(SCATTER_RATIO,SCALED_VARIANCE_MINOR)",SUB,"['SCATTER_RATIO', 'SCALED_VARIANCE_MINOR']",0.8267716535433071,0.0,0.011693477630615234,success,
vehicle,"MUL(SCATTER_RATIO,SCALED_VARIANCE_MINOR)",MUL,"['SCATTER_RATIO', 'SCALED_VARIANCE_MINOR']",0.8346456692913385,0.007874015748031482,0.013867378234863281,success,
vehicle,"DIV(SCATTER_RATIO,SCALED_VARIANCE_MINOR)",DIV,"['SCATTER_RATIO', 'SCALED_VARIANCE_MINOR']",0.8346456692913385,0.007874015748031482,0.013109683990478516,success,
vehicle,"ADD(SCATTER_RATIO,SCALED_RADIUS_OF_GYRATION)",ADD,"['SCATTER_RATIO', 'SCALED_RADIUS_OF_GYRATION']",0.8267716535433071,0.0,0.012627363204956055,success,
vehicle,"SUB(SCATTER_RATIO,SCALED_RADIUS_OF_GYRATION)",SUB,"['SCATTER_RATIO', 'SCALED_RADIUS_OF_GYRATION']",0.8267716535433071,0.0,0.011313676834106445,success,
vehicle,"MUL(SCATTER_RATIO,SCALED_RADIUS_OF_GYRATION)",MUL,"['SCATTER_RATIO', 'SCALED_RADIUS_OF_GYRATION']",0.8267716535433071,0.0,0.01246190071105957,success,
vehicle,"DIV(SCATTER_RATIO,SCALED_RADIUS_OF_GYRATION)",DIV,"['SCATTER_RATIO', 'SCALED_RADIUS_OF_GYRATION']",0.8346456692913385,0.007874015748031482,0.025237560272216797,success,
vehicle,"ADD(SCATTER_RATIO,SKEWNESS_ABOUT_MAJOR)",ADD,"['SCATTER_RATIO', 'SKEWNESS_ABOUT_MAJOR']",0.8346456692913385,0.007874015748031482,0.012695550918579102,success,
vehicle,"SUB(SCATTER_RATIO,SKEWNESS_ABOUT_MAJOR)",SUB,"['SCATTER_RATIO', 'SKEWNESS_ABOUT_MAJOR']",0.8267716535433071,0.0,0.013616561889648438,success,
vehicle,"MUL(SCATTER_RATIO,SKEWNESS_ABOUT_MAJOR)",MUL,"['SCATTER_RATIO', 'SKEWNESS_ABOUT_MAJOR']",0.8267716535433071,0.0,0.012179374694824219,success,
vehicle,"DIV(SCATTER_RATIO,SKEWNESS_ABOUT_MAJOR)",DIV,"['SCATTER_RATIO', 'SKEWNESS_ABOUT_MAJOR']",0.8110236220472441,-0.015748031496062964,0.028633832931518555,success,
vehicle,"ADD(SCATTER_RATIO,SKEWNESS_ABOUT_MINOR)",ADD,"['SCATTER_RATIO', 'SKEWNESS_ABOUT_MINOR']",0.8267716535433071,0.0,0.012886524200439453,success,
vehicle,"SUB(SCATTER_RATIO,SKEWNESS_ABOUT_MINOR)",SUB,"['SCATTER_RATIO', 'SKEWNESS_ABOUT_MINOR']",0.8346456692913385,0.007874015748031482,0.012641191482543945,success,
vehicle,"MUL(SCATTER_RATIO,SKEWNESS_ABOUT_MINOR)",MUL,"['SCATTER_RATIO', 'SKEWNESS_ABOUT_MINOR']",0.8267716535433071,0.0,0.012836217880249023,success,
vehicle,"DIV(SCATTER_RATIO,SKEWNESS_ABOUT_MINOR)",DIV,"['SCATTER_RATIO', 'SKEWNESS_ABOUT_MINOR']",0.8267716535433071,0.0,0.017696857452392578,success,
vehicle,"ADD(SCATTER_RATIO,KURTOSIS_ABOUT_MAJOR)",ADD,"['SCATTER_RATIO', 'KURTOSIS_ABOUT_MAJOR']",0.8346456692913385,0.007874015748031482,0.013073444366455078,success,
vehicle,"SUB(SCATTER_RATIO,KURTOSIS_ABOUT_MAJOR)",SUB,"['SCATTER_RATIO', 'KURTOSIS_ABOUT_MAJOR']",0.8267716535433071,0.0,0.013084650039672852,success,
vehicle,"MUL(SCATTER_RATIO,KURTOSIS_ABOUT_MAJOR)",MUL,"['SCATTER_RATIO', 'KURTOSIS_ABOUT_MAJOR']",0.8267716535433071,0.0,0.011866331100463867,success,
vehicle,"DIV(SCATTER_RATIO,KURTOSIS_ABOUT_MAJOR)",DIV,"['SCATTER_RATIO', 'KURTOSIS_ABOUT_MAJOR']",0.8188976377952756,-0.007874015748031482,0.02531266212463379,success,
vehicle,"ADD(SCATTER_RATIO,KURTOSIS_ABOUT_MINOR)",ADD,"['SCATTER_RATIO', 'KURTOSIS_ABOUT_MINOR']",0.84251968503937,0.015748031496062964,0.014660120010375977,success,
vehicle,"SUB(SCATTER_RATIO,KURTOSIS_ABOUT_MINOR)",SUB,"['SCATTER_RATIO', 'KURTOSIS_ABOUT_MINOR']",0.84251968503937,0.015748031496062964,0.01292276382446289,success,
vehicle,"MUL(SCATTER_RATIO,KURTOSIS_ABOUT_MINOR)",MUL,"['SCATTER_RATIO', 'KURTOSIS_ABOUT_MINOR']",0.8267716535433071,0.0,0.011981010437011719,success,
vehicle,"DIV(SCATTER_RATIO,KURTOSIS_ABOUT_MINOR)",DIV,"['SCATTER_RATIO', 'KURTOSIS_ABOUT_MINOR']",0.8188976377952756,-0.007874015748031482,0.11639976501464844,success,
vehicle,"ADD(SCATTER_RATIO,HOLLOWS_RATIO)",ADD,"['SCATTER_RATIO', 'HOLLOWS_RATIO']",0.8267716535433071,0.0,0.013972759246826172,success,
vehicle,"SUB(SCATTER_RATIO,HOLLOWS_RATIO)",SUB,"['SCATTER_RATIO', 'HOLLOWS_RATIO']",0.8346456692913385,0.007874015748031482,0.012818098068237305,success,
vehicle,"MUL(SCATTER_RATIO,HOLLOWS_RATIO)",MUL,"['SCATTER_RATIO', 'HOLLOWS_RATIO']",0.8267716535433071,0.0,0.013164043426513672,success,
vehicle,"DIV(SCATTER_RATIO,HOLLOWS_RATIO)",DIV,"['SCATTER_RATIO', 'HOLLOWS_RATIO']",0.84251968503937,0.015748031496062964,0.026539325714111328,success,
vehicle,"ADD(ELONGATEDNESS,PR.AXIS_RECTANGULARITY)",ADD,"['ELONGATEDNESS', 'PR.AXIS_RECTANGULARITY']",0.8346456692913385,0.007874015748031482,0.012921571731567383,success,
vehicle,"SUB(ELONGATEDNESS,PR.AXIS_RECTANGULARITY)",SUB,"['ELONGATEDNESS', 'PR.AXIS_RECTANGULARITY']",0.8346456692913385,0.007874015748031482,0.012829065322875977,success,
vehicle,"MUL(ELONGATEDNESS,PR.AXIS_RECTANGULARITY)",MUL,"['ELONGATEDNESS', 'PR.AXIS_RECTANGULARITY']",0.8346456692913385,0.007874015748031482,0.012518644332885742,success,
vehicle,"DIV(ELONGATEDNESS,PR.AXIS_RECTANGULARITY)",DIV,"['ELONGATEDNESS', 'PR.AXIS_RECTANGULARITY']",0.8267716535433071,0.0,0.012950658798217773,success,
vehicle,"ADD(ELONGATEDNESS,MAX.LENGTH_RECTANGULARITY)",ADD,"['ELONGATEDNESS', 'MAX.LENGTH_RECTANGULARITY']",0.84251968503937,0.015748031496062964,0.012288331985473633,success,
vehicle,"SUB(ELONGATEDNESS,MAX.LENGTH_RECTANGULARITY)",SUB,"['ELONGATEDNESS', 'MAX.LENGTH_RECTANGULARITY']",0.8346456692913385,0.007874015748031482,0.013877391815185547,success,
vehicle,"MUL(ELONGATEDNESS,MAX.LENGTH_RECTANGULARITY)",MUL,"['ELONGATEDNESS', 'MAX.LENGTH_RECTANGULARITY']",0.8503937007874016,0.023622047244094557,0.01324772834777832,success,
vehicle,"DIV(ELONGATEDNESS,MAX.LENGTH_RECTANGULARITY)",DIV,"['ELONGATEDNESS', 'MAX.LENGTH_RECTANGULARITY']",0.8267716535433071,0.0,0.019558429718017578,success,
vehicle,"ADD(ELONGATEDNESS,SCALED_VARIANCE_MAJOR)",ADD,"['ELONGATEDNESS', 'SCALED_VARIANCE_MAJOR']",0.8346456692913385,0.007874015748031482,0.012094259262084961,success,
vehicle,"SUB(ELONGATEDNESS,SCALED_VARIANCE_MAJOR)",SUB,"['ELONGATEDNESS', 'SCALED_VARIANCE_MAJOR']",0.8346456692913385,0.007874015748031482,0.015085935592651367,success,
vehicle,"MUL(ELONGATEDNESS,SCALED_VARIANCE_MAJOR)",MUL,"['ELONGATEDNESS', 'SCALED_VARIANCE_MAJOR']",0.8188976377952756,-0.007874015748031482,0.014796257019042969,success,
vehicle,"DIV(ELONGATEDNESS,SCALED_VARIANCE_MAJOR)",DIV,"['ELONGATEDNESS', 'SCALED_VARIANCE_MAJOR']",0.8267716535433071,0.0,0.013101339340209961,success,
vehicle,"ADD(ELONGATEDNESS,SCALED_VARIANCE_MINOR)",ADD,"['ELONGATEDNESS', 'SCALED_VARIANCE_MINOR']",0.8346456692913385,0.007874015748031482,0.012223005294799805,success,
vehicle,"SUB(ELONGATEDNESS,SCALED_VARIANCE_MINOR)",SUB,"['ELONGATEDNESS', 'SCALED_VARIANCE_MINOR']",0.84251968503937,0.015748031496062964,0.013129711151123047,success,
vehicle,"MUL(ELONGATEDNESS,SCALED_VARIANCE_MINOR)",MUL,"['ELONGATEDNESS', 'SCALED_VARIANCE_MINOR']",0.8346456692913385,0.007874015748031482,0.014032363891601562,success,
vehicle,"DIV(ELONGATEDNESS,SCALED_VARIANCE_MINOR)",DIV,"['ELONGATEDNESS', 'SCALED_VARIANCE_MINOR']",0.8346456692913385,0.007874015748031482,0.01494288444519043,success,
vehicle,"ADD(ELONGATEDNESS,SCALED_RADIUS_OF_GYRATION)",ADD,"['ELONGATEDNESS', 'SCALED_RADIUS_OF_GYRATION']",0.8267716535433071,0.0,0.012898683547973633,success,
vehicle,"SUB(ELONGATEDNESS,SCALED_RADIUS_OF_GYRATION)",SUB,"['ELONGATEDNESS', 'SCALED_RADIUS_OF_GYRATION']",0.8346456692913385,0.007874015748031482,0.014464139938354492,success,
vehicle,"MUL(ELONGATEDNESS,SCALED_RADIUS_OF_GYRATION)",MUL,"['ELONGATEDNESS', 'SCALED_RADIUS_OF_GYRATION']",0.8267716535433071,0.0,0.014577388763427734,success,
vehicle,"DIV(ELONGATEDNESS,SCALED_RADIUS_OF_GYRATION)",DIV,"['ELONGATEDNESS', 'SCALED_RADIUS_OF_GYRATION']",0.8346456692913385,0.007874015748031482,0.02866220474243164,success,
vehicle,"ADD(ELONGATEDNESS,SKEWNESS_ABOUT_MAJOR)",ADD,"['ELONGATEDNESS', 'SKEWNESS_ABOUT_MAJOR']",0.84251968503937,0.015748031496062964,0.015096902847290039,success,
vehicle,"SUB(ELONGATEDNESS,SKEWNESS_ABOUT_MAJOR)",SUB,"['ELONGATEDNESS', 'SKEWNESS_ABOUT_MAJOR']",0.8346456692913385,0.007874015748031482,0.011832952499389648,success,
vehicle,"MUL(ELONGATEDNESS,SKEWNESS_ABOUT_MAJOR)",MUL,"['ELONGATEDNESS', 'SKEWNESS_ABOUT_MAJOR']",0.8346456692913385,0.007874015748031482,0.013093948364257812,success,
vehicle,"DIV(ELONGATEDNESS,SKEWNESS_ABOUT_MAJOR)",DIV,"['ELONGATEDNESS', 'SKEWNESS_ABOUT_MAJOR']",0.8188976377952756,-0.007874015748031482,0.022929906845092773,success,
vehicle,"ADD(ELONGATEDNESS,SKEWNESS_ABOUT_MINOR)",ADD,"['ELONGATEDNESS', 'SKEWNESS_ABOUT_MINOR']",0.8346456692913385,0.007874015748031482,0.014089822769165039,success,
vehicle,"SUB(ELONGATEDNESS,SKEWNESS_ABOUT_MINOR)",SUB,"['ELONGATEDNESS', 'SKEWNESS_ABOUT_MINOR']",0.84251968503937,0.015748031496062964,0.013648033142089844,success,
vehicle,"MUL(ELONGATEDNESS,SKEWNESS_ABOUT_MINOR)",MUL,"['ELONGATEDNESS', 'SKEWNESS_ABOUT_MINOR']",0.8267716535433071,0.0,0.01217794418334961,success,
vehicle,"DIV(ELONGATEDNESS,SKEWNESS_ABOUT_MINOR)",DIV,"['ELONGATEDNESS', 'SKEWNESS_ABOUT_MINOR']",0.8346456692913385,0.007874015748031482,0.01799607276916504,success,
vehicle,"ADD(ELONGATEDNESS,KURTOSIS_ABOUT_MAJOR)",ADD,"['ELONGATEDNESS', 'KURTOSIS_ABOUT_MAJOR']",0.8346456692913385,0.007874015748031482,0.013656377792358398,success,
vehicle,"SUB(ELONGATEDNESS,KURTOSIS_ABOUT_MAJOR)",SUB,"['ELONGATEDNESS', 'KURTOSIS_ABOUT_MAJOR']",0.8346456692913385,0.007874015748031482,0.013919353485107422,success,
vehicle,"MUL(ELONGATEDNESS,KURTOSIS_ABOUT_MAJOR)",MUL,"['ELONGATEDNESS', 'KURTOSIS_ABOUT_MAJOR']",0.8346456692913385,0.007874015748031482,0.012310028076171875,success,
vehicle,"DIV(ELONGATEDNESS,KURTOSIS_ABOUT_MAJOR)",DIV,"['ELONGATEDNESS', 'KURTOSIS_ABOUT_MAJOR']",0.8267716535433071,0.0,0.026793241500854492,success,
vehicle,"ADD(ELONGATEDNESS,KURTOSIS_ABOUT_MINOR)",ADD,"['ELONGATEDNESS', 'KURTOSIS_ABOUT_MINOR']",0.8346456692913385,0.007874015748031482,0.01352381706237793,success,
vehicle,"SUB(ELONGATEDNESS,KURTOSIS_ABOUT_MINOR)",SUB,"['ELONGATEDNESS', 'KURTOSIS_ABOUT_MINOR']",0.8346456692913385,0.007874015748031482,0.012711763381958008,success,
vehicle,"MUL(ELONGATEDNESS,KURTOSIS_ABOUT_MINOR)",MUL,"['ELONGATEDNESS', 'KURTOSIS_ABOUT_MINOR']",0.8346456692913385,0.007874015748031482,0.013025283813476562,success,
vehicle,"DIV(ELONGATEDNESS,KURTOSIS_ABOUT_MINOR)",DIV,"['ELONGATEDNESS', 'KURTOSIS_ABOUT_MINOR']",0.8267716535433071,0.0,0.09639644622802734,success,
vehicle,"ADD(ELONGATEDNESS,HOLLOWS_RATIO)",ADD,"['ELONGATEDNESS', 'HOLLOWS_RATIO']",0.8346456692913385,0.007874015748031482,0.013826131820678711,success,
vehicle,"SUB(ELONGATEDNESS,HOLLOWS_RATIO)",SUB,"['ELONGATEDNESS', 'HOLLOWS_RATIO']",0.8267716535433071,0.0,0.014313697814941406,success,
vehicle,"MUL(ELONGATEDNESS,HOLLOWS_RATIO)",MUL,"['ELONGATEDNESS', 'HOLLOWS_RATIO']",0.8267716535433071,0.0,0.01314091682434082,success,
vehicle,"DIV(ELONGATEDNESS,HOLLOWS_RATIO)",DIV,"['ELONGATEDNESS', 'HOLLOWS_RATIO']",0.8267716535433071,0.0,0.03046560287475586,success,
vehicle,"ADD(PR.AXIS_RECTANGULARITY,MAX.LENGTH_RECTANGULARITY)",ADD,"['PR.AXIS_RECTANGULARITY', 'MAX.LENGTH_RECTANGULARITY']",0.8346456692913385,0.007874015748031482,0.013263225555419922,success,
vehicle,"SUB(PR.AXIS_RECTANGULARITY,MAX.LENGTH_RECTANGULARITY)",SUB,"['PR.AXIS_RECTANGULARITY', 'MAX.LENGTH_RECTANGULARITY']",0.8267716535433071,0.0,0.011910438537597656,success,
vehicle,"MUL(PR.AXIS_RECTANGULARITY,MAX.LENGTH_RECTANGULARITY)",MUL,"['PR.AXIS_RECTANGULARITY', 'MAX.LENGTH_RECTANGULARITY']",0.8346456692913385,0.007874015748031482,0.01343536376953125,success,
vehicle,"DIV(PR.AXIS_RECTANGULARITY,MAX.LENGTH_RECTANGULARITY)",DIV,"['PR.AXIS_RECTANGULARITY', 'MAX.LENGTH_RECTANGULARITY']",0.8267716535433071,0.0,0.019667625427246094,success,
vehicle,"ADD(PR.AXIS_RECTANGULARITY,SCALED_VARIANCE_MAJOR)",ADD,"['PR.AXIS_RECTANGULARITY', 'SCALED_VARIANCE_MAJOR']",0.8188976377952756,-0.007874015748031482,0.01396942138671875,success,
vehicle,"SUB(PR.AXIS_RECTANGULARITY,SCALED_VARIANCE_MAJOR)",SUB,"['PR.AXIS_RECTANGULARITY', 'SCALED_VARIANCE_MAJOR']",0.8346456692913385,0.007874015748031482,0.012588977813720703,success,
vehicle,"MUL(PR.AXIS_RECTANGULARITY,SCALED_VARIANCE_MAJOR)",MUL,"['PR.AXIS_RECTANGULARITY', 'SCALED_VARIANCE_MAJOR']",0.8346456692913385,0.007874015748031482,0.013019561767578125,success,
vehicle,"DIV(PR.AXIS_RECTANGULARITY,SCALED_VARIANCE_MAJOR)",DIV,"['PR.AXIS_RECTANGULARITY', 'SCALED_VARIANCE_MAJOR']",0.8110236220472441,-0.015748031496062964,0.013059616088867188,success,
vehicle,"ADD(PR.AXIS_RECTANGULARITY,SCALED_VARIANCE_MINOR)",ADD,"['PR.AXIS_RECTANGULARITY', 'SCALED_VARIANCE_MINOR']",0.8346456692913385,0.007874015748031482,0.013321876525878906,success,
vehicle,"SUB(PR.AXIS_RECTANGULARITY,SCALED_VARIANCE_MINOR)",SUB,"['PR.AXIS_RECTANGULARITY', 'SCALED_VARIANCE_MINOR']",0.8267716535433071,0.0,0.012327909469604492,success,
vehicle,"MUL(PR.AXIS_RECTANGULARITY,SCALED_VARIANCE_MINOR)",MUL,"['PR.AXIS_RECTANGULARITY', 'SCALED_VARIANCE_MINOR']",0.8267716535433071,0.0,0.013238906860351562,success,
vehicle,"DIV(PR.AXIS_RECTANGULARITY,SCALED_VARIANCE_MINOR)",DIV,"['PR.AXIS_RECTANGULARITY', 'SCALED_VARIANCE_MINOR']",0.8267716535433071,0.0,0.019600629806518555,success,
vehicle,"ADD(PR.AXIS_RECTANGULARITY,SCALED_RADIUS_OF_GYRATION)",ADD,"['PR.AXIS_RECTANGULARITY', 'SCALED_RADIUS_OF_GYRATION']",0.8346456692913385,0.007874015748031482,0.013722419738769531,success,
vehicle,"SUB(PR.AXIS_RECTANGULARITY,SCALED_RADIUS_OF_GYRATION)",SUB,"['PR.AXIS_RECTANGULARITY', 'SCALED_RADIUS_OF_GYRATION']",0.8267716535433071,0.0,0.012073993682861328,success,
vehicle,"MUL(PR.AXIS_RECTANGULARITY,SCALED_RADIUS_OF_GYRATION)",MUL,"['PR.AXIS_RECTANGULARITY', 'SCALED_RADIUS_OF_GYRATION']",0.8346456692913385,0.007874015748031482,0.013691425323486328,success,
vehicle,"DIV(PR.AXIS_RECTANGULARITY,SCALED_RADIUS_OF_GYRATION)",DIV,"['PR.AXIS_RECTANGULARITY', 'SCALED_RADIUS_OF_GYRATION']",0.8346456692913385,0.007874015748031482,0.031055212020874023,success,
vehicle,"ADD(PR.AXIS_RECTANGULARITY,SKEWNESS_ABOUT_MAJOR)",ADD,"['PR.AXIS_RECTANGULARITY', 'SKEWNESS_ABOUT_MAJOR']",0.8346456692913385,0.007874015748031482,0.013782501220703125,success,
vehicle,"SUB(PR.AXIS_RECTANGULARITY,SKEWNESS_ABOUT_MAJOR)",SUB,"['PR.AXIS_RECTANGULARITY', 'SKEWNESS_ABOUT_MAJOR']",0.8267716535433071,0.0,0.013119697570800781,success,
vehicle,"MUL(PR.AXIS_RECTANGULARITY,SKEWNESS_ABOUT_MAJOR)",MUL,"['PR.AXIS_RECTANGULARITY', 'SKEWNESS_ABOUT_MAJOR']",0.8267716535433071,0.0,0.011816263198852539,success,
vehicle,"DIV(PR.AXIS_RECTANGULARITY,SKEWNESS_ABOUT_MAJOR)",DIV,"['PR.AXIS_RECTANGULARITY', 'SKEWNESS_ABOUT_MAJOR']",0.8188976377952756,-0.007874015748031482,0.02762460708618164,success,
vehicle,"ADD(PR.AXIS_RECTANGULARITY,SKEWNESS_ABOUT_MINOR)",ADD,"['PR.AXIS_RECTANGULARITY', 'SKEWNESS_ABOUT_MINOR']",0.8346456692913385,0.007874015748031482,0.014268636703491211,success,
vehicle,"SUB(PR.AXIS_RECTANGULARITY,SKEWNESS_ABOUT_MINOR)",SUB,"['PR.AXIS_RECTANGULARITY', 'SKEWNESS_ABOUT_MINOR']",0.8267716535433071,0.0,0.014230489730834961,success,
vehicle,"MUL(PR.AXIS_RECTANGULARITY,SKEWNESS_ABOUT_MINOR)",MUL,"['PR.AXIS_RECTANGULARITY', 'SKEWNESS_ABOUT_MINOR']",0.8267716535433071,0.0,0.012053489685058594,success,
vehicle,"DIV(PR.AXIS_RECTANGULARITY,SKEWNESS_ABOUT_MINOR)",DIV,"['PR.AXIS_RECTANGULARITY', 'SKEWNESS_ABOUT_MINOR']",0.8267716535433071,0.0,0.018158435821533203,success,
vehicle,"ADD(PR.AXIS_RECTANGULARITY,KURTOSIS_ABOUT_MAJOR)",ADD,"['PR.AXIS_RECTANGULARITY', 'KURTOSIS_ABOUT_MAJOR']",0.8267716535433071,0.0,0.013931989669799805,success,
vehicle,"SUB(PR.AXIS_RECTANGULARITY,KURTOSIS_ABOUT_MAJOR)",SUB,"['PR.AXIS_RECTANGULARITY', 'KURTOSIS_ABOUT_MAJOR']",0.8346456692913385,0.007874015748031482,0.01361536979675293,success,
vehicle,"MUL(PR.AXIS_RECTANGULARITY,KURTOSIS_ABOUT_MAJOR)",MUL,"['PR.AXIS_RECTANGULARITY', 'KURTOSIS_ABOUT_MAJOR']",0.8346456692913385,0.007874015748031482,0.01157999038696289,success,
vehicle,"DIV(PR.AXIS_RECTANGULARITY,KURTOSIS_ABOUT_MAJOR)",DIV,"['PR.AXIS_RECTANGULARITY', 'KURTOSIS_ABOUT_MAJOR']",0.8188976377952756,-0.007874015748031482,0.024219989776611328,success,
vehicle,"ADD(PR.AXIS_RECTANGULARITY,KURTOSIS_ABOUT_MINOR)",ADD,"['PR.AXIS_RECTANGULARITY', 'KURTOSIS_ABOUT_MINOR']",0.8346456692913385,0.007874015748031482,0.013237476348876953,success,
vehicle,"SUB(PR.AXIS_RECTANGULARITY,KURTOSIS_ABOUT_MINOR)",SUB,"['PR.AXIS_RECTANGULARITY', 'KURTOSIS_ABOUT_MINOR']",0.84251968503937,0.015748031496062964,0.012588739395141602,success,
vehicle,"MUL(PR.AXIS_RECTANGULARITY,KURTOSIS_ABOUT_MINOR)",MUL,"['PR.AXIS_RECTANGULARITY', 'KURTOSIS_ABOUT_MINOR']",0.8267716535433071,0.0,0.012041091918945312,success,
vehicle,"DIV(PR.AXIS_RECTANGULARITY,KURTOSIS_ABOUT_MINOR)",DIV,"['PR.AXIS_RECTANGULARITY', 'KURTOSIS_ABOUT_MINOR']",0.8188976377952756,-0.007874015748031482,0.11646151542663574,success,
vehicle,"ADD(PR.AXIS_RECTANGULARITY,HOLLOWS_RATIO)",ADD,"['PR.AXIS_RECTANGULARITY', 'HOLLOWS_RATIO']",0.8346456692913385,0.007874015748031482,0.014322280883789062,success,
vehicle,"SUB(PR.AXIS_RECTANGULARITY,HOLLOWS_RATIO)",SUB,"['PR.AXIS_RECTANGULARITY', 'HOLLOWS_RATIO']",0.8346456692913385,0.007874015748031482,0.01291203498840332,success,
vehicle,"MUL(PR.AXIS_RECTANGULARITY,HOLLOWS_RATIO)",MUL,"['PR.AXIS_RECTANGULARITY', 'HOLLOWS_RATIO']",0.8188976377952756,-0.007874015748031482,0.012237310409545898,success,
vehicle,"DIV(PR.AXIS_RECTANGULARITY,HOLLOWS_RATIO)",DIV,"['PR.AXIS_RECTANGULARITY', 'HOLLOWS_RATIO']",0.84251968503937,0.015748031496062964,0.027451276779174805,success,
vehicle,"ADD(MAX.LENGTH_RECTANGULARITY,SCALED_VARIANCE_MAJOR)",ADD,"['MAX.LENGTH_RECTANGULARITY', 'SCALED_VARIANCE_MAJOR']",0.8346456692913385,0.007874015748031482,0.013048887252807617,success,
vehicle,"SUB(MAX.LENGTH_RECTANGULARITY,SCALED_VARIANCE_MAJOR)",SUB,"['MAX.LENGTH_RECTANGULARITY', 'SCALED_VARIANCE_MAJOR']",0.8188976377952756,-0.007874015748031482,0.013229608535766602,success,
vehicle,"MUL(MAX.LENGTH_RECTANGULARITY,SCALED_VARIANCE_MAJOR)",MUL,"['MAX.LENGTH_RECTANGULARITY', 'SCALED_VARIANCE_MAJOR']",0.8346456692913385,0.007874015748031482,0.014225006103515625,success,
vehicle,"DIV(MAX.LENGTH_RECTANGULARITY,SCALED_VARIANCE_MAJOR)",DIV,"['MAX.LENGTH_RECTANGULARITY', 'SCALED_VARIANCE_MAJOR']",0.8188976377952756,-0.007874015748031482,0.01889967918395996,success,
vehicle,"ADD(MAX.LENGTH_RECTANGULARITY,SCALED_VARIANCE_MINOR)",ADD,"['MAX.LENGTH_RECTANGULARITY', 'SCALED_VARIANCE_MINOR']",0.8346456692913385,0.007874015748031482,0.01325845718383789,success,
vehicle,"SUB(MAX.LENGTH_RECTANGULARITY,SCALED_VARIANCE_MINOR)",SUB,"['MAX.LENGTH_RECTANGULARITY', 'SCALED_VARIANCE_MINOR']",0.8346456692913385,0.007874015748031482,0.011505842208862305,success,
vehicle,"MUL(MAX.LENGTH_RECTANGULARITY,SCALED_VARIANCE_MINOR)",MUL,"['MAX.LENGTH_RECTANGULARITY', 'SCALED_VARIANCE_MINOR']",0.84251968503937,0.015748031496062964,0.012845754623413086,success,
vehicle,"DIV(MAX.LENGTH_RECTANGULARITY,SCALED_VARIANCE_MINOR)",DIV,"['MAX.LENGTH_RECTANGULARITY', 'SCALED_VARIANCE_MINOR']",0.8346456692913385,0.007874015748031482,0.04413890838623047,success,
vehicle,"ADD(MAX.LENGTH_RECTANGULARITY,SCALED_RADIUS_OF_GYRATION)",ADD,"['MAX.LENGTH_RECTANGULARITY', 'SCALED_RADIUS_OF_GYRATION']",0.8267716535433071,0.0,0.014333486557006836,success,
vehicle,"SUB(MAX.LENGTH_RECTANGULARITY,SCALED_RADIUS_OF_GYRATION)",SUB,"['MAX.LENGTH_RECTANGULARITY', 'SCALED_RADIUS_OF_GYRATION']",0.8346456692913385,0.007874015748031482,0.013064146041870117,success,
vehicle,"MUL(MAX.LENGTH_RECTANGULARITY,SCALED_RADIUS_OF_GYRATION)",MUL,"['MAX.LENGTH_RECTANGULARITY', 'SCALED_RADIUS_OF_GYRATION']",0.8267716535433071,0.0,0.013113260269165039,success,
vehicle,"DIV(MAX.LENGTH_RECTANGULARITY,SCALED_RADIUS_OF_GYRATION)",DIV,"['MAX.LENGTH_RECTANGULARITY', 'SCALED_RADIUS_OF_GYRATION']",0.8346456692913385,0.007874015748031482,0.021193981170654297,success,
vehicle,"ADD(MAX.LENGTH_RECTANGULARITY,SKEWNESS_ABOUT_MAJOR)",ADD,"['MAX.LENGTH_RECTANGULARITY', 'SKEWNESS_ABOUT_MAJOR']",0.8267716535433071,0.0,0.012391805648803711,success,
vehicle,"SUB(MAX.LENGTH_RECTANGULARITY,SKEWNESS_ABOUT_MAJOR)",SUB,"['MAX.LENGTH_RECTANGULARITY', 'SKEWNESS_ABOUT_MAJOR']",0.8267716535433071,0.0,0.013108253479003906,success,
vehicle,"MUL(MAX.LENGTH_RECTANGULARITY,SKEWNESS_ABOUT_MAJOR)",MUL,"['MAX.LENGTH_RECTANGULARITY', 'SKEWNESS_ABOUT_MAJOR']",0.8267716535433071,0.0,0.012937545776367188,success,
vehicle,"DIV(MAX.LENGTH_RECTANGULARITY,SKEWNESS_ABOUT_MAJOR)",DIV,"['MAX.LENGTH_RECTANGULARITY', 'SKEWNESS_ABOUT_MAJOR']",0.8267716535433071,0.0,0.0276033878326416,success,
vehicle,"ADD(MAX.LENGTH_RECTANGULARITY,SKEWNESS_ABOUT_MINOR)",ADD,"['MAX.LENGTH_RECTANGULARITY', 'SKEWNESS_ABOUT_MINOR']",0.8267716535433071,0.0,0.013291597366333008,success,
vehicle,"SUB(MAX.LENGTH_RECTANGULARITY,SKEWNESS_ABOUT_MINOR)",SUB,"['MAX.LENGTH_RECTANGULARITY', 'SKEWNESS_ABOUT_MINOR']",0.8267716535433071,0.0,0.012564659118652344,success,
vehicle,"MUL(MAX.LENGTH_RECTANGULARITY,SKEWNESS_ABOUT_MINOR)",MUL,"['MAX.LENGTH_RECTANGULARITY', 'SKEWNESS_ABOUT_MINOR']",0.8267716535433071,0.0,0.012065410614013672,success,
vehicle,"DIV(MAX.LENGTH_RECTANGULARITY,SKEWNESS_ABOUT_MINOR)",DIV,"['MAX.LENGTH_RECTANGULARITY', 'SKEWNESS_ABOUT_MINOR']",0.8346456692913385,0.007874015748031482,0.015448570251464844,success,
vehicle,"ADD(MAX.LENGTH_RECTANGULARITY,KURTOSIS_ABOUT_MAJOR)",ADD,"['MAX.LENGTH_RECTANGULARITY', 'KURTOSIS_ABOUT_MAJOR']",0.8267716535433071,0.0,0.01324915885925293,success,
vehicle,"SUB(MAX.LENGTH_RECTANGULARITY,KURTOSIS_ABOUT_MAJOR)",SUB,"['MAX.LENGTH_RECTANGULARITY', 'KURTOSIS_ABOUT_MAJOR']",0.8267716535433071,0.0,0.01257634162902832,success,
vehicle,"MUL(MAX.LENGTH_RECTANGULARITY,KURTOSIS_ABOUT_MAJOR)",MUL,"['MAX.LENGTH_RECTANGULARITY', 'KURTOSIS_ABOUT_MAJOR']",0.8188976377952756,-0.007874015748031482,0.012069940567016602,success,
vehicle,"DIV(MAX.LENGTH_RECTANGULARITY,KURTOSIS_ABOUT_MAJOR)",DIV,"['MAX.LENGTH_RECTANGULARITY', 'KURTOSIS_ABOUT_MAJOR']",0.8346456692913385,0.007874015748031482,0.022420644760131836,success,
vehicle,"ADD(MAX.LENGTH_RECTANGULARITY,KURTOSIS_ABOUT_MINOR)",ADD,"['MAX.LENGTH_RECTANGULARITY', 'KURTOSIS_ABOUT_MINOR']",0.8346456692913385,0.007874015748031482,0.01376795768737793,success,
vehicle,"SUB(MAX.LENGTH_RECTANGULARITY,KURTOSIS_ABOUT_MINOR)",SUB,"['MAX.LENGTH_RECTANGULARITY', 'KURTOSIS_ABOUT_MINOR']",0.8267716535433071,0.0,0.013105154037475586,success,
vehicle,"MUL(MAX.LENGTH_RECTANGULARITY,KURTOSIS_ABOUT_MINOR)",MUL,"['MAX.LENGTH_RECTANGULARITY', 'KURTOSIS_ABOUT_MINOR']",0.8188976377952756,-0.007874015748031482,0.012235403060913086,success,
vehicle,"DIV(MAX.LENGTH_RECTANGULARITY,KURTOSIS_ABOUT_MINOR)",DIV,"['MAX.LENGTH_RECTANGULARITY', 'KURTOSIS_ABOUT_MINOR']",0.8346456692913385,0.007874015748031482,0.12018251419067383,success,
vehicle,"ADD(MAX.LENGTH_RECTANGULARITY,HOLLOWS_RATIO)",ADD,"['MAX.LENGTH_RECTANGULARITY', 'HOLLOWS_RATIO']",0.8267716535433071,0.0,0.013685464859008789,success,
vehicle,"SUB(MAX.LENGTH_RECTANGULARITY,HOLLOWS_RATIO)",SUB,"['MAX.LENGTH_RECTANGULARITY', 'HOLLOWS_RATIO']",0.8346456692913385,0.007874015748031482,0.012520790100097656,success,
vehicle,"MUL(MAX.LENGTH_RECTANGULARITY,HOLLOWS_RATIO)",MUL,"['MAX.LENGTH_RECTANGULARITY', 'HOLLOWS_RATIO']",0.8346456692913385,0.007874015748031482,0.012684822082519531,success,
vehicle,"DIV(MAX.LENGTH_RECTANGULARITY,HOLLOWS_RATIO)",DIV,"['MAX.LENGTH_RECTANGULARITY', 'HOLLOWS_RATIO']",0.84251968503937,0.015748031496062964,0.029153108596801758,success,
vehicle,"ADD(SCALED_VARIANCE_MAJOR,SCALED_VARIANCE_MINOR)",ADD,"['SCALED_VARIANCE_MAJOR', 'SCALED_VARIANCE_MINOR']",0.8267716535433071,0.0,0.014218568801879883,success,
vehicle,"SUB(SCALED_VARIANCE_MAJOR,SCALED_VARIANCE_MINOR)",SUB,"['SCALED_VARIANCE_MAJOR', 'SCALED_VARIANCE_MINOR']",0.8346456692913385,0.007874015748031482,0.01225900650024414,success,
vehicle,"MUL(SCALED_VARIANCE_MAJOR,SCALED_VARIANCE_MINOR)",MUL,"['SCALED_VARIANCE_MAJOR', 'SCALED_VARIANCE_MINOR']",0.8346456692913385,0.007874015748031482,0.013916015625,success,
vehicle,"DIV(SCALED_VARIANCE_MAJOR,SCALED_VARIANCE_MINOR)",DIV,"['SCALED_VARIANCE_MAJOR', 'SCALED_VARIANCE_MINOR']",0.8503937007874016,0.023622047244094557,0.01615285873413086,success,
vehicle,"ADD(SCALED_VARIANCE_MAJOR,SCALED_RADIUS_OF_GYRATION)",ADD,"['SCALED_VARIANCE_MAJOR', 'SCALED_RADIUS_OF_GYRATION']",0.8267716535433071,0.0,0.014281988143920898,success,
vehicle,"SUB(SCALED_VARIANCE_MAJOR,SCALED_RADIUS_OF_GYRATION)",SUB,"['SCALED_VARIANCE_MAJOR', 'SCALED_RADIUS_OF_GYRATION']",0.8267716535433071,0.0,0.012611627578735352,success,
vehicle,"MUL(SCALED_VARIANCE_MAJOR,SCALED_RADIUS_OF_GYRATION)",MUL,"['SCALED_VARIANCE_MAJOR', 'SCALED_RADIUS_OF_GYRATION']",0.8346456692913385,0.007874015748031482,0.013880252838134766,success,
vehicle,"DIV(SCALED_VARIANCE_MAJOR,SCALED_RADIUS_OF_GYRATION)",DIV,"['SCALED_VARIANCE_MAJOR', 'SCALED_RADIUS_OF_GYRATION']",0.8346456692913385,0.007874015748031482,0.029802799224853516,success,
vehicle,"ADD(SCALED_VARIANCE_MAJOR,SKEWNESS_ABOUT_MAJOR)",ADD,"['SCALED_VARIANCE_MAJOR', 'SKEWNESS_ABOUT_MAJOR']",0.8346456692913385,0.007874015748031482,0.012246847152709961,success,
vehicle,"SUB(SCALED_VARIANCE_MAJOR,SKEWNESS_ABOUT_MAJOR)",SUB,"['SCALED_VARIANCE_MAJOR', 'SKEWNESS_ABOUT_MAJOR']",0.8188976377952756,-0.007874015748031482,0.013531208038330078,success,
vehicle,"MUL(SCALED_VARIANCE_MAJOR,SKEWNESS_ABOUT_MAJOR)",MUL,"['SCALED_VARIANCE_MAJOR', 'SKEWNESS_ABOUT_MAJOR']",0.8267716535433071,0.0,0.013298988342285156,success,
vehicle,"DIV(SCALED_VARIANCE_MAJOR,SKEWNESS_ABOUT_MAJOR)",DIV,"['SCALED_VARIANCE_MAJOR', 'SKEWNESS_ABOUT_MAJOR']",0.8188976377952756,-0.007874015748031482,0.027101755142211914,success,
vehicle,"ADD(SCALED_VARIANCE_MAJOR,SKEWNESS_ABOUT_MINOR)",ADD,"['SCALED_VARIANCE_MAJOR', 'SKEWNESS_ABOUT_MINOR']",0.8346456692913385,0.007874015748031482,0.014511823654174805,success,
vehicle,"SUB(SCALED_VARIANCE_MAJOR,SKEWNESS_ABOUT_MINOR)",SUB,"['SCALED_VARIANCE_MAJOR', 'SKEWNESS_ABOUT_MINOR']",0.8346456692913385,0.007874015748031482,0.012137651443481445,success,
vehicle,"MUL(SCALED_VARIANCE_MAJOR,SKEWNESS_ABOUT_MINOR)",MUL,"['SCALED_VARIANCE_MAJOR', 'SKEWNESS_ABOUT_MINOR']",0.8346456692913385,0.007874015748031482,0.013327360153198242,success,
vehicle,"DIV(SCALED_VARIANCE_MAJOR,SKEWNESS_ABOUT_MINOR)",DIV,"['SCALED_VARIANCE_MAJOR', 'SKEWNESS_ABOUT_MINOR']",0.8267716535433071,0.0,0.01711297035217285,success,
vehicle,"ADD(SCALED_VARIANCE_MAJOR,KURTOSIS_ABOUT_MAJOR)",ADD,"['SCALED_VARIANCE_MAJOR', 'KURTOSIS_ABOUT_MAJOR']",0.8346456692913385,0.007874015748031482,0.01345372200012207,success,
vehicle,"SUB(SCALED_VARIANCE_MAJOR,KURTOSIS_ABOUT_MAJOR)",SUB,"['SCALED_VARIANCE_MAJOR', 'KURTOSIS_ABOUT_MAJOR']",0.8346456692913385,0.007874015748031482,0.013668298721313477,success,
vehicle,"MUL(SCALED_VARIANCE_MAJOR,KURTOSIS_ABOUT_MAJOR)",MUL,"['SCALED_VARIANCE_MAJOR', 'KURTOSIS_ABOUT_MAJOR']",0.8346456692913385,0.007874015748031482,0.012170553207397461,success,
vehicle,"DIV(SCALED_VARIANCE_MAJOR,KURTOSIS_ABOUT_MAJOR)",DIV,"['SCALED_VARIANCE_MAJOR', 'KURTOSIS_ABOUT_MAJOR']",0.8188976377952756,-0.007874015748031482,0.02582836151123047,success,
vehicle,"ADD(SCALED_VARIANCE_MAJOR,KURTOSIS_ABOUT_MINOR)",ADD,"['SCALED_VARIANCE_MAJOR', 'KURTOSIS_ABOUT_MINOR']",0.8346456692913385,0.007874015748031482,0.014497041702270508,success,
vehicle,"SUB(SCALED_VARIANCE_MAJOR,KURTOSIS_ABOUT_MINOR)",SUB,"['SCALED_VARIANCE_MAJOR', 'KURTOSIS_ABOUT_MINOR']",0.8346456692913385,0.007874015748031482,0.012206315994262695,success,
vehicle,"MUL(SCALED_VARIANCE_MAJOR,KURTOSIS_ABOUT_MINOR)",MUL,"['SCALED_VARIANCE_MAJOR', 'KURTOSIS_ABOUT_MINOR']",0.8346456692913385,0.007874015748031482,0.011530160903930664,success,
vehicle,"DIV(SCALED_VARIANCE_MAJOR,KURTOSIS_ABOUT_MINOR)",DIV,"['SCALED_VARIANCE_MAJOR', 'KURTOSIS_ABOUT_MINOR']",0.8346456692913385,0.007874015748031482,0.1056978702545166,success,
vehicle,"ADD(SCALED_VARIANCE_MAJOR,HOLLOWS_RATIO)",ADD,"['SCALED_VARIANCE_MAJOR', 'HOLLOWS_RATIO']",0.8346456692913385,0.007874015748031482,0.012995243072509766,success,
vehicle,"SUB(SCALED_VARIANCE_MAJOR,HOLLOWS_RATIO)",SUB,"['SCALED_VARIANCE_MAJOR', 'HOLLOWS_RATIO']",0.8267716535433071,0.0,0.01138758659362793,success,
vehicle,"MUL(SCALED_VARIANCE_MAJOR,HOLLOWS_RATIO)",MUL,"['SCALED_VARIANCE_MAJOR', 'HOLLOWS_RATIO']",0.8346456692913385,0.007874015748031482,0.01242828369140625,success,
vehicle,"DIV(SCALED_VARIANCE_MAJOR,HOLLOWS_RATIO)",DIV,"['SCALED_VARIANCE_MAJOR', 'HOLLOWS_RATIO']",0.8267716535433071,0.0,0.02546381950378418,success,
vehicle,"ADD(SCALED_VARIANCE_MINOR,SCALED_RADIUS_OF_GYRATION)",ADD,"['SCALED_VARIANCE_MINOR', 'SCALED_RADIUS_OF_GYRATION']",0.8267716535433071,0.0,0.01579117774963379,success,
vehicle,"SUB(SCALED_VARIANCE_MINOR,SCALED_RADIUS_OF_GYRATION)",SUB,"['SCALED_VARIANCE_MINOR', 'SCALED_RADIUS_OF_GYRATION']",0.8267716535433071,0.0,0.013356447219848633,success,
vehicle,"MUL(SCALED_VARIANCE_MINOR,SCALED_RADIUS_OF_GYRATION)",MUL,"['SCALED_VARIANCE_MINOR', 'SCALED_RADIUS_OF_GYRATION']",0.8346456692913385,0.007874015748031482,0.01467442512512207,success,
vehicle,"DIV(SCALED_VARIANCE_MINOR,SCALED_RADIUS_OF_GYRATION)",DIV,"['SCALED_VARIANCE_MINOR', 'SCALED_RADIUS_OF_GYRATION']",0.8267716535433071,0.0,0.02527642250061035,success,
vehicle,"ADD(SCALED_VARIANCE_MINOR,SKEWNESS_ABOUT_MAJOR)",ADD,"['SCALED_VARIANCE_MINOR', 'SKEWNESS_ABOUT_MAJOR']",0.84251968503937,0.015748031496062964,0.011505842208862305,success,
vehicle,"SUB(SCALED_VARIANCE_MINOR,SKEWNESS_ABOUT_MAJOR)",SUB,"['SCALED_VARIANCE_MINOR', 'SKEWNESS_ABOUT_MAJOR']",0.8267716535433071,0.0,0.013508319854736328,success,
vehicle,"MUL(SCALED_VARIANCE_MINOR,SKEWNESS_ABOUT_MAJOR)",MUL,"['SCALED_VARIANCE_MINOR', 'SKEWNESS_ABOUT_MAJOR']",0.8267716535433071,0.0,0.013846635818481445,success,
vehicle,"DIV(SCALED_VARIANCE_MINOR,SKEWNESS_ABOUT_MAJOR)",DIV,"['SCALED_VARIANCE_MINOR', 'SKEWNESS_ABOUT_MAJOR']",0.8188976377952756,-0.007874015748031482,0.02779412269592285,success,
vehicle,"ADD(SCALED_VARIANCE_MINOR,SKEWNESS_ABOUT_MINOR)",ADD,"['SCALED_VARIANCE_MINOR', 'SKEWNESS_ABOUT_MINOR']",0.8346456692913385,0.007874015748031482,0.01398777961730957,success,
vehicle,"SUB(SCALED_VARIANCE_MINOR,SKEWNESS_ABOUT_MINOR)",SUB,"['SCALED_VARIANCE_MINOR', 'SKEWNESS_ABOUT_MINOR']",0.8346456692913385,0.007874015748031482,0.013671159744262695,success,
vehicle,"MUL(SCALED_VARIANCE_MINOR,SKEWNESS_ABOUT_MINOR)",MUL,"['SCALED_VARIANCE_MINOR', 'SKEWNESS_ABOUT_MINOR']",0.8267716535433071,0.0,0.012994766235351562,success,
vehicle,"DIV(SCALED_VARIANCE_MINOR,SKEWNESS_ABOUT_MINOR)",DIV,"['SCALED_VARIANCE_MINOR', 'SKEWNESS_ABOUT_MINOR']",0.8267716535433071,0.0,0.018299579620361328,success,
vehicle,"ADD(SCALED_VARIANCE_MINOR,KURTOSIS_ABOUT_MAJOR)",ADD,"['SCALED_VARIANCE_MINOR', 'KURTOSIS_ABOUT_MAJOR']",0.8346456692913385,0.007874015748031482,0.012884140014648438,success,
vehicle,"SUB(SCALED_VARIANCE_MINOR,KURTOSIS_ABOUT_MAJOR)",SUB,"['SCALED_VARIANCE_MINOR', 'KURTOSIS_ABOUT_MAJOR']",0.8346456692913385,0.007874015748031482,0.012178659439086914,success,
vehicle,"MUL(SCALED_VARIANCE_MINOR,KURTOSIS_ABOUT_MAJOR)",MUL,"['SCALED_VARIANCE_MINOR', 'KURTOSIS_ABOUT_MAJOR']",0.8267716535433071,0.0,0.01148080825805664,success,
vehicle,"DIV(SCALED_VARIANCE_MINOR,KURTOSIS_ABOUT_MAJOR)",DIV,"['SCALED_VARIANCE_MINOR', 'KURTOSIS_ABOUT_MAJOR']",0.8188976377952756,-0.007874015748031482,0.024671316146850586,success,
vehicle,"ADD(SCALED_VARIANCE_MINOR,KURTOSIS_ABOUT_MINOR)",ADD,"['SCALED_VARIANCE_MINOR', 'KURTOSIS_ABOUT_MINOR']",0.8346456692913385,0.007874015748031482,0.01448678970336914,success,
vehicle,"SUB(SCALED_VARIANCE_MINOR,KURTOSIS_ABOUT_MINOR)",SUB,"['SCALED_VARIANCE_MINOR', 'KURTOSIS_ABOUT_MINOR']",0.8346456692913385,0.007874015748031482,0.013035058975219727,success,
vehicle,"MUL(SCALED_VARIANCE_MINOR,KURTOSIS_ABOUT_MINOR)",MUL,"['SCALED_VARIANCE_MINOR', 'KURTOSIS_ABOUT_MINOR']",0.8346456692913385,0.007874015748031482,0.014474153518676758,success,
vehicle,"DIV(SCALED_VARIANCE_MINOR,KURTOSIS_ABOUT_MINOR)",DIV,"['SCALED_VARIANCE_MINOR', 'KURTOSIS_ABOUT_MINOR']",0.8188976377952756,-0.007874015748031482,0.10970115661621094,success,
vehicle,"ADD(SCALED_VARIANCE_MINOR,HOLLOWS_RATIO)",ADD,"['SCALED_VARIANCE_MINOR', 'HOLLOWS_RATIO']",0.8267716535433071,0.0,0.01410818099975586,success,
vehicle,"SUB(SCALED_VARIANCE_MINOR,HOLLOWS_RATIO)",SUB,"['SCALED_VARIANCE_MINOR', 'HOLLOWS_RATIO']",0.8346456692913385,0.007874015748031482,0.013672113418579102,success,
vehicle,"MUL(SCALED_VARIANCE_MINOR,HOLLOWS_RATIO)",MUL,"['SCALED_VARIANCE_MINOR', 'HOLLOWS_RATIO']",0.8267716535433071,0.0,0.01177525520324707,success,
vehicle,"DIV(SCALED_VARIANCE_MINOR,HOLLOWS_RATIO)",DIV,"['SCALED_VARIANCE_MINOR', 'HOLLOWS_RATIO']",0.84251968503937,0.015748031496062964,0.02416396141052246,success,
vehicle,"ADD(SCALED_RADIUS_OF_GYRATION,SKEWNESS_ABOUT_MAJOR)",ADD,"['SCALED_RADIUS_OF_GYRATION', 'SKEWNESS_ABOUT_MAJOR']",0.8188976377952756,-0.007874015748031482,0.012910842895507812,success,
vehicle,"SUB(SCALED_RADIUS_OF_GYRATION,SKEWNESS_ABOUT_MAJOR)",SUB,"['SCALED_RADIUS_OF_GYRATION', 'SKEWNESS_ABOUT_MAJOR']",0.8346456692913385,0.007874015748031482,0.014156341552734375,success,
vehicle,"MUL(SCALED_RADIUS_OF_GYRATION,SKEWNESS_ABOUT_MAJOR)",MUL,"['SCALED_RADIUS_OF_GYRATION', 'SKEWNESS_ABOUT_MAJOR']",0.84251968503937,0.015748031496062964,0.011452436447143555,success,
vehicle,"DIV(SCALED_RADIUS_OF_GYRATION,SKEWNESS_ABOUT_MAJOR)",DIV,"['SCALED_RADIUS_OF_GYRATION', 'SKEWNESS_ABOUT_MAJOR']",0.8346456692913385,0.007874015748031482,0.027055978775024414,success,
vehicle,"ADD(SCALED_RADIUS_OF_GYRATION,SKEWNESS_ABOUT_MINOR)",ADD,"['SCALED_RADIUS_OF_GYRATION', 'SKEWNESS_ABOUT_MINOR']",0.8267716535433071,0.0,0.012725353240966797,success,
vehicle,"SUB(SCALED_RADIUS_OF_GYRATION,SKEWNESS_ABOUT_MINOR)",SUB,"['SCALED_RADIUS_OF_GYRATION', 'SKEWNESS_ABOUT_MINOR']",0.8267716535433071,0.0,0.013728618621826172,success,
vehicle,"MUL(SCALED_RADIUS_OF_GYRATION,SKEWNESS_ABOUT_MINOR)",MUL,"['SCALED_RADIUS_OF_GYRATION', 'SKEWNESS_ABOUT_MINOR']",0.8267716535433071,0.0,0.016747474670410156,success,
vehicle,"DIV(SCALED_RADIUS_OF_GYRATION,SKEWNESS_ABOUT_MINOR)",DIV,"['SCALED_RADIUS_OF_GYRATION', 'SKEWNESS_ABOUT_MINOR']",0.8267716535433071,0.0,0.018495798110961914,success,
vehicle,"ADD(SCALED_RADIUS_OF_GYRATION,KURTOSIS_ABOUT_MAJOR)",ADD,"['SCALED_RADIUS_OF_GYRATION', 'KURTOSIS_ABOUT_MAJOR']",0.8188976377952756,-0.007874015748031482,0.013055562973022461,success,
vehicle,"SUB(SCALED_RADIUS_OF_GYRATION,KURTOSIS_ABOUT_MAJOR)",SUB,"['SCALED_RADIUS_OF_GYRATION', 'KURTOSIS_ABOUT_MAJOR']",0.8346456692913385,0.007874015748031482,0.01238560676574707,success,
vehicle,"MUL(SCALED_RADIUS_OF_GYRATION,KURTOSIS_ABOUT_MAJOR)",MUL,"['SCALED_RADIUS_OF_GYRATION', 'KURTOSIS_ABOUT_MAJOR']",0.8267716535433071,0.0,0.011651277542114258,success,
vehicle,"DIV(SCALED_RADIUS_OF_GYRATION,KURTOSIS_ABOUT_MAJOR)",DIV,"['SCALED_RADIUS_OF_GYRATION', 'KURTOSIS_ABOUT_MAJOR']",0.8346456692913385,0.007874015748031482,0.023418426513671875,success,
vehicle,"ADD(SCALED_RADIUS_OF_GYRATION,KURTOSIS_ABOUT_MINOR)",ADD,"['SCALED_RADIUS_OF_GYRATION', 'KURTOSIS_ABOUT_MINOR']",0.8267716535433071,0.0,0.012430667877197266,success,
vehicle,"SUB(SCALED_RADIUS_OF_GYRATION,KURTOSIS_ABOUT_MINOR)",SUB,"['SCALED_RADIUS_OF_GYRATION', 'KURTOSIS_ABOUT_MINOR']",0.8346456692913385,0.007874015748031482,0.013048410415649414,success,
vehicle,"MUL(SCALED_RADIUS_OF_GYRATION,KURTOSIS_ABOUT_MINOR)",MUL,"['SCALED_RADIUS_OF_GYRATION', 'KURTOSIS_ABOUT_MINOR']",0.8267716535433071,0.0,0.012767791748046875,success,
vehicle,"DIV(SCALED_RADIUS_OF_GYRATION,KURTOSIS_ABOUT_MINOR)",DIV,"['SCALED_RADIUS_OF_GYRATION', 'KURTOSIS_ABOUT_MINOR']",0.8267716535433071,0.0,0.11524820327758789,success,
vehicle,"ADD(SCALED_RADIUS_OF_GYRATION,HOLLOWS_RATIO)",ADD,"['SCALED_RADIUS_OF_GYRATION', 'HOLLOWS_RATIO']",0.8188976377952756,-0.007874015748031482,0.01387786865234375,success,
vehicle,"SUB(SCALED_RADIUS_OF_GYRATION,HOLLOWS_RATIO)",SUB,"['SCALED_RADIUS_OF_GYRATION', 'HOLLOWS_RATIO']",0.8267716535433071,0.0,0.012307167053222656,success,
vehicle,"MUL(SCALED_RADIUS_OF_GYRATION,HOLLOWS_RATIO)",MUL,"['SCALED_RADIUS_OF_GYRATION', 'HOLLOWS_RATIO']",0.8267716535433071,0.0,0.011063575744628906,success,
vehicle,"DIV(SCALED_RADIUS_OF_GYRATION,HOLLOWS_RATIO)",DIV,"['SCALED_RADIUS_OF_GYRATION', 'HOLLOWS_RATIO']",0.8346456692913385,0.007874015748031482,0.034718990325927734,success,
vehicle,"ADD(SKEWNESS_ABOUT_MAJOR,SKEWNESS_ABOUT_MINOR)",ADD,"['SKEWNESS_ABOUT_MAJOR', 'SKEWNESS_ABOUT_MINOR']",0.8267716535433071,0.0,0.012063980102539062,success,
vehicle,"SUB(SKEWNESS_ABOUT_MAJOR,SKEWNESS_ABOUT_MINOR)",SUB,"['SKEWNESS_ABOUT_MAJOR', 'SKEWNESS_ABOUT_MINOR']",0.8267716535433071,0.0,0.011566162109375,success,
vehicle,"MUL(SKEWNESS_ABOUT_MAJOR,SKEWNESS_ABOUT_MINOR)",MUL,"['SKEWNESS_ABOUT_MAJOR', 'SKEWNESS_ABOUT_MINOR']",0.8346456692913385,0.007874015748031482,0.011485576629638672,success,
vehicle,"DIV(SKEWNESS_ABOUT_MAJOR,SKEWNESS_ABOUT_MINOR)",DIV,"['SKEWNESS_ABOUT_MAJOR', 'SKEWNESS_ABOUT_MINOR']",0.84251968503937,0.015748031496062964,0.01531529426574707,success,
vehicle,"ADD(SKEWNESS_ABOUT_MAJOR,KURTOSIS_ABOUT_MAJOR)",ADD,"['SKEWNESS_ABOUT_MAJOR', 'KURTOSIS_ABOUT_MAJOR']",0.8267716535433071,0.0,0.011989831924438477,success,
vehicle,"SUB(SKEWNESS_ABOUT_MAJOR,KURTOSIS_ABOUT_MAJOR)",SUB,"['SKEWNESS_ABOUT_MAJOR', 'KURTOSIS_ABOUT_MAJOR']",0.8267716535433071,0.0,0.0128173828125,success,
vehicle,"MUL(SKEWNESS_ABOUT_MAJOR,KURTOSIS_ABOUT_MAJOR)",MUL,"['SKEWNESS_ABOUT_MAJOR', 'KURTOSIS_ABOUT_MAJOR']",0.8503937007874016,0.023622047244094557,0.011871814727783203,success,
vehicle,"DIV(SKEWNESS_ABOUT_MAJOR,KURTOSIS_ABOUT_MAJOR)",DIV,"['SKEWNESS_ABOUT_MAJOR', 'KURTOSIS_ABOUT_MAJOR']",0.84251968503937,0.015748031496062964,0.019012451171875,success,
vehicle,"ADD(SKEWNESS_ABOUT_MAJOR,KURTOSIS_ABOUT_MINOR)",ADD,"['SKEWNESS_ABOUT_MAJOR', 'KURTOSIS_ABOUT_MINOR']",0.84251968503937,0.015748031496062964,0.012318849563598633,success,
vehicle,"SUB(SKEWNESS_ABOUT_MAJOR,KURTOSIS_ABOUT_MINOR)",SUB,"['SKEWNESS_ABOUT_MAJOR', 'KURTOSIS_ABOUT_MINOR']",0.8346456692913385,0.007874015748031482,0.012661457061767578,success,
vehicle,"MUL(SKEWNESS_ABOUT_MAJOR,KURTOSIS_ABOUT_MINOR)",MUL,"['SKEWNESS_ABOUT_MAJOR', 'KURTOSIS_ABOUT_MINOR']",0.8346456692913385,0.007874015748031482,0.012353897094726562,success,
vehicle,"DIV(SKEWNESS_ABOUT_MAJOR,KURTOSIS_ABOUT_MINOR)",DIV,"['SKEWNESS_ABOUT_MAJOR', 'KURTOSIS_ABOUT_MINOR']",0.8267716535433071,0.0,0.03961181640625,success,
vehicle,"ADD(SKEWNESS_ABOUT_MAJOR,HOLLOWS_RATIO)",ADD,"['SKEWNESS_ABOUT_MAJOR', 'HOLLOWS_RATIO']",0.8188976377952756,-0.007874015748031482,0.011842489242553711,success,
vehicle,"SUB(SKEWNESS_ABOUT_MAJOR,HOLLOWS_RATIO)",SUB,"['SKEWNESS_ABOUT_MAJOR', 'HOLLOWS_RATIO']",0.84251968503937,0.015748031496062964,0.01440572738647461,success,
vehicle,"MUL(SKEWNESS_ABOUT_MAJOR,HOLLOWS_RATIO)",MUL,"['SKEWNESS_ABOUT_MAJOR', 'HOLLOWS_RATIO']",0.8503937007874016,0.023622047244094557,0.012467622756958008,success,
vehicle,"DIV(SKEWNESS_ABOUT_MAJOR,HOLLOWS_RATIO)",DIV,"['SKEWNESS_ABOUT_MAJOR', 'HOLLOWS_RATIO']",0.8346456692913385,0.007874015748031482,0.014017581939697266,success,
vehicle,"ADD(SKEWNESS_ABOUT_MINOR,KURTOSIS_ABOUT_MAJOR)",ADD,"['SKEWNESS_ABOUT_MINOR', 'KURTOSIS_ABOUT_MAJOR']",0.8267716535433071,0.0,0.012584209442138672,success,
vehicle,"SUB(SKEWNESS_ABOUT_MINOR,KURTOSIS_ABOUT_MAJOR)",SUB,"['SKEWNESS_ABOUT_MINOR', 'KURTOSIS_ABOUT_MAJOR']",0.8346456692913385,0.007874015748031482,0.012389183044433594,success,
vehicle,"MUL(SKEWNESS_ABOUT_MINOR,KURTOSIS_ABOUT_MAJOR)",MUL,"['SKEWNESS_ABOUT_MINOR', 'KURTOSIS_ABOUT_MAJOR']",0.8267716535433071,0.0,0.012367486953735352,success,
vehicle,"DIV(SKEWNESS_ABOUT_MINOR,KURTOSIS_ABOUT_MAJOR)",DIV,"['SKEWNESS_ABOUT_MINOR', 'KURTOSIS_ABOUT_MAJOR']",0.8346456692913385,0.007874015748031482,0.020010709762573242,success,
vehicle,"ADD(SKEWNESS_ABOUT_MINOR,KURTOSIS_ABOUT_MINOR)",ADD,"['SKEWNESS_ABOUT_MINOR', 'KURTOSIS_ABOUT_MINOR']",0.84251968503937,0.015748031496062964,0.012674093246459961,success,
vehicle,"SUB(SKEWNESS_ABOUT_MINOR,KURTOSIS_ABOUT_MINOR)",SUB,"['SKEWNESS_ABOUT_MINOR', 'KURTOSIS_ABOUT_MINOR']",0.84251968503937,0.015748031496062964,0.01266932487487793,success,
vehicle,"MUL(SKEWNESS_ABOUT_MINOR,KURTOSIS_ABOUT_MINOR)",MUL,"['SKEWNESS_ABOUT_MINOR', 'KURTOSIS_ABOUT_MINOR']",0.8267716535433071,0.0,0.011919498443603516,success,
vehicle,"DIV(SKEWNESS_ABOUT_MINOR,KURTOSIS_ABOUT_MINOR)",DIV,"['SKEWNESS_ABOUT_MINOR', 'KURTOSIS_ABOUT_MINOR']",0.8267716535433071,0.0,0.10924434661865234,success,
vehicle,"ADD(SKEWNESS_ABOUT_MINOR,HOLLOWS_RATIO)",ADD,"['SKEWNESS_ABOUT_MINOR', 'HOLLOWS_RATIO']",0.8346456692913385,0.007874015748031482,0.01353001594543457,success,
vehicle,"SUB(SKEWNESS_ABOUT_MINOR,HOLLOWS_RATIO)",SUB,"['SKEWNESS_ABOUT_MINOR', 'HOLLOWS_RATIO']",0.8267716535433071,0.0,0.012947559356689453,success,
vehicle,"MUL(SKEWNESS_ABOUT_MINOR,HOLLOWS_RATIO)",MUL,"['SKEWNESS_ABOUT_MINOR', 'HOLLOWS_RATIO']",0.8346456692913385,0.007874015748031482,0.01186823844909668,success,
vehicle,"DIV(SKEWNESS_ABOUT_MINOR,HOLLOWS_RATIO)",DIV,"['SKEWNESS_ABOUT_MINOR', 'HOLLOWS_RATIO']",0.84251968503937,0.015748031496062964,0.02694225311279297,success,
vehicle,"ADD(KURTOSIS_ABOUT_MAJOR,KURTOSIS_ABOUT_MINOR)",ADD,"['KURTOSIS_ABOUT_MAJOR', 'KURTOSIS_ABOUT_MINOR']",0.84251968503937,0.015748031496062964,0.012282371520996094,success,
vehicle,"SUB(KURTOSIS_ABOUT_MAJOR,KURTOSIS_ABOUT_MINOR)",SUB,"['KURTOSIS_ABOUT_MAJOR', 'KURTOSIS_ABOUT_MINOR']",0.8346456692913385,0.007874015748031482,0.013840675354003906,success,
vehicle,"MUL(KURTOSIS_ABOUT_MAJOR,KURTOSIS_ABOUT_MINOR)",MUL,"['KURTOSIS_ABOUT_MAJOR', 'KURTOSIS_ABOUT_MINOR']",0.8503937007874016,0.023622047244094557,0.01278066635131836,success,
vehicle,"DIV(KURTOSIS_ABOUT_MAJOR,KURTOSIS_ABOUT_MINOR)",DIV,"['KURTOSIS_ABOUT_MAJOR', 'KURTOSIS_ABOUT_MINOR']",0.8346456692913385,0.007874015748031482,0.12541747093200684,success,
vehicle,"ADD(KURTOSIS_ABOUT_MAJOR,HOLLOWS_RATIO)",ADD,"['KURTOSIS_ABOUT_MAJOR', 'HOLLOWS_RATIO']",0.8267716535433071,0.0,0.01372838020324707,success,
vehicle,"SUB(KURTOSIS_ABOUT_MAJOR,HOLLOWS_RATIO)",SUB,"['KURTOSIS_ABOUT_MAJOR', 'HOLLOWS_RATIO']",0.8267716535433071,0.0,0.01186513900756836,success,
vehicle,"MUL(KURTOSIS_ABOUT_MAJOR,HOLLOWS_RATIO)",MUL,"['KURTOSIS_ABOUT_MAJOR', 'HOLLOWS_RATIO']",0.84251968503937,0.015748031496062964,0.011816024780273438,success,
vehicle,"DIV(KURTOSIS_ABOUT_MAJOR,HOLLOWS_RATIO)",DIV,"['KURTOSIS_ABOUT_MAJOR', 'HOLLOWS_RATIO']",0.8346456692913385,0.007874015748031482,0.02741527557373047,success,
vehicle,"ADD(KURTOSIS_ABOUT_MINOR,HOLLOWS_RATIO)",ADD,"['KURTOSIS_ABOUT_MINOR', 'HOLLOWS_RATIO']",0.8267716535433071,0.0,0.013433218002319336,success,
vehicle,"SUB(KURTOSIS_ABOUT_MINOR,HOLLOWS_RATIO)",SUB,"['KURTOSIS_ABOUT_MINOR', 'HOLLOWS_RATIO']",0.8267716535433071,0.0,0.013122320175170898,success,
vehicle,"MUL(KURTOSIS_ABOUT_MINOR,HOLLOWS_RATIO)",MUL,"['KURTOSIS_ABOUT_MINOR', 'HOLLOWS_RATIO']",0.8188976377952756,-0.007874015748031482,0.013170480728149414,success,
vehicle,"DIV(KURTOSIS_ABOUT_MINOR,HOLLOWS_RATIO)",DIV,"['KURTOSIS_ABOUT_MINOR', 'HOLLOWS_RATIO']",0.8188976377952756,-0.007874015748031482,0.013878583908081055,success,
