target_dataset,candidate_id,actual_utility,predicted_utility,uncertainty,has_history,rank_actual,rank_predicted
diabetes,LOG(age),-0.0048703042108928,-0.011858878327386073,0.011292991196943433,0,189,195
diabetes,SQRT(age),-0.00481911230309,-0.011858878327386073,0.011292991196943433,0,188,193
diabetes,SQUARE(age),-0.0010920824509412,-0.011858878327386073,0.011292991196943433,0,175,194
diabetes,ABS(age),0.0002025826855341,-0.011858878327386073,0.011292991196943433,0,170,192
diabetes,LOG(sex),0.021731172319771,-0.005272737992699231,0.008363614458379296,0,79,106
diabetes,SQRT(sex),0.021731172319771,-0.005272737992699231,0.008363614458379296,0,76,103
diabetes,SQUARE(sex),0.021731172319771,-0.005272737992699231,0.008363614458379296,0,77,104
diabetes,ABS(sex),0.021731172319771,-0.005272737992699231,0.008363614458379296,0,78,105
diabetes,LOG(bmi),0.010597584381679,-0.00514757649399122,0.008454010443027364,0,117,94
diabetes,SQRT(bmi),0.010597584381679,-0.00514757649399122,0.008454010443027364,0,116,92
diabetes,SQUARE(bmi),-0.0056465608376025,-0.00514757649399122,0.008454010443027364,0,190,91
diabetes,ABS(bmi),-0.0023089694486492,-0.00514757649399122,0.008454010443027364,0,178,93
diabetes,LOG(bp),0.005521289256143,-0.004773258377425044,0.007923315894891154,0,146,60
diabetes,SQRT(bp),0.0053382750176784,-0.004773258377425044,0.007923315894891154,0,147,51
diabetes,SQUARE(bp),0.0126396940899116,-0.004773258377425044,0.007923315894891154,0,110,50
diabetes,ABS(bp),0.0123774771035704,-0.004773258377425044,0.007923315894891154,0,113,49
diabetes,LOG(s1),-0.0067793560415395,-0.004773258377425044,0.007923315894891154,0,194,52
diabetes,SQRT(s1),-0.0072294875537747,-0.004773258377425044,0.007923315894891154,0,196,59
diabetes,SQUARE(s1),-0.0025977798196593,-0.004773258377425044,0.007923315894891154,0,179,58
diabetes,ABS(s1),-0.0045803625326491,-0.004773258377425044,0.007923315894891154,0,186,57
diabetes,LOG(s2),0.0074350206313442,-0.005474234547393462,0.008255561533562949,0,135,113
diabetes,SQRT(s2),0.006670683097917,-0.005474234547393462,0.008255561533562949,0,141,112
diabetes,SQUARE(s2),-0.002988329150933,-0.005474234547393462,0.008255561533562949,0,180,111
diabetes,ABS(s2),-0.0034519505055181,-0.005474234547393462,0.008255561533562949,0,182,114
diabetes,LOG(s3),0.0017639001050026,-0.004745444711045485,0.007829261899108252,0,159,41
diabetes,SQRT(s3),0.0010916808215443,-0.004745444711045485,0.007829261899108252,0,164,42
diabetes,SQUARE(s3),0.0011337394929017,-0.004745444711045485,0.007829261899108252,0,163,43
diabetes,ABS(s3),-0.0008609023215827,-0.004745444711045485,0.007829261899108252,0,174,48
diabetes,LOG(s4),0.0082829461333696,-0.004745444711045485,0.007829261899108252,0,130,45
diabetes,SQRT(s4),0.0091285885817727,-0.004745444711045485,0.007829261899108252,0,128,46
diabetes,SQUARE(s4),0.0100209876413277,-0.004745444711045485,0.007829261899108252,0,120,47
diabetes,ABS(s4),0.0098305376382465,-0.004745444711045485,0.007829261899108252,0,122,44
diabetes,LOG(s5),0.0095499325660414,-0.004773258377425044,0.007923315894891154,0,124,53
diabetes,SQRT(s5),0.0094020215544619,-0.004773258377425044,0.007923315894891154,0,127,54
diabetes,SQUARE(s5),-0.0219904102992595,-0.004773258377425044,0.007923315894891154,0,214,55
diabetes,ABS(s5),-0.0210595192009082,-0.004773258377425044,0.007923315894891154,0,213,56
diabetes,LOG(s6),0.0108897150934313,-0.0049311682252573714,0.008082911764019641,0,114,63
diabetes,SQRT(s6),0.0069044651317167,-0.0049311682252573714,0.008082911764019641,0,137,66
diabetes,SQUARE(s6),0.0154778281536854,-0.0049311682252573714,0.008082911764019641,0,100,65
diabetes,ABS(s6),0.0172186606282692,-0.0049311682252573714,0.008082911764019641,0,95,64
diabetes,"ADD(age,sex)",0.0034779593303524,-0.010856237951683684,0.010957234774723455,0,151,182
diabetes,"SUB(age,sex)",0.0367776096225102,-0.012037603564250847,0.01125406301124782,0,26,197
diabetes,"MUL(age,sex)",0.0124182910303836,-0.013801625753660635,0.011050165255758653,0,112,213
diabetes,"DIV(age,sex)",0.0018521154983097,-0.012037603564250847,0.01125406301124782,0,158,196
diabetes,"ADD(age,bmi)",-0.0084704815129365,-0.010917069131700914,0.01099645841011367,0,198,189
diabetes,"SUB(age,bmi)",0.003059552452668,-0.012180799085353345,0.011260287307525723,0,153,210
diabetes,"MUL(age,bmi)",0.0073169037761189,-0.013915751507321272,0.01104735070309913,0,136,219
diabetes,"DIV(age,bmi)",0.0034913418671382,-0.012180799085353345,0.011260287307525723,0,150,206
diabetes,"ADD(age,bp)",0.0194839025485492,-0.010870772835404616,0.010944745173002951,0,90,186
diabetes,"SUB(age,bp)",-0.013926144729962,-0.012086053176653946,0.011246352083129291,0,206,201
diabetes,"MUL(age,bp)",0.0076999335422398,-0.013850075366063735,0.011034569348798843,0,132,214
diabetes,"DIV(age,bp)",0.0207630318832517,-0.012086053176653946,0.011246352083129291,0,83,205
diabetes,"ADD(age,s1)",0.0269785768978977,-0.010870772835404616,0.010944745173002951,0,52,185
diabetes,"SUB(age,s1)",0.053190259324068,-0.012086053176653946,0.011246352083129291,0,8,200
diabetes,"MUL(age,s1)",-0.0042669331993498,-0.013850075366063735,0.011034569348798843,0,185,217
diabetes,"DIV(age,s1)",0.007437449824925,-0.012086053176653946,0.011246352083129291,0,134,199
diabetes,"ADD(age,s2)",-0.0166459830959032,-0.01060842715639227,0.010886509160956315,0,209,181
diabetes,"SUB(age,s2)",0.0005747899190426,-0.011404426089988097,0.010738568498052162,0,168,190
diabetes,"MUL(age,s2)",0.0565754432856157,-0.012596563410032395,0.010281101221165477,0,6,212
diabetes,"DIV(age,s2)",0.0067214743982805,-0.011404426089988097,0.010738568498052162,0,139,191
diabetes,"ADD(age,s3)",0.0371986153387624,-0.010917069131700914,0.01099645841011367,0,24,187
diabetes,"SUB(age,s3)",0.00083948821881,-0.012180799085353345,0.011260287307525723,0,166,207
diabetes,"MUL(age,s3)",-0.0176848195039569,-0.013915751507321272,0.01104735070309913,0,211,220
diabetes,"DIV(age,s3)",0.0189777769490261,-0.012180799085353345,0.011260287307525723,0,93,211
diabetes,"ADD(age,s4)",0.0029413712141042,-0.010917069131700914,0.01099645841011367,0,154,188
diabetes,"SUB(age,s4)",0.0051813748656965,-0.012180799085353345,0.011260287307525723,0,148,209
diabetes,"MUL(age,s4)",0.0234695428981258,-0.013915751507321272,0.01104735070309913,0,64,218
diabetes,"DIV(age,s4)",0.0198490511198522,-0.012180799085353345,0.011260287307525723,0,87,208
diabetes,"ADD(age,s5)",-0.011366442034251,-0.010870772835404616,0.010944745173002951,0,203,183
diabetes,"SUB(age,s5)",0.0101787237547522,-0.012086053176653946,0.011246352083129291,0,119,204
diabetes,"MUL(age,s5)",-0.0174799231060683,-0.013850075366063735,0.011034569348798843,0,210,216
diabetes,"DIV(age,s5)",0.000877621550435,-0.012086053176653946,0.011246352083129291,0,165,202
diabetes,"ADD(age,s6)",0.023465598141196,-0.010870772835404616,0.010944745173002951,0,65,184
diabetes,"SUB(age,s6)",0.0200713535022035,-0.012086053176653946,0.011246352083129291,0,85,203
diabetes,"MUL(age,s6)",0.0451696211312798,-0.013850075366063735,0.011034569348798843,0,16,215
diabetes,"DIV(age,s6)",0.0432865689278474,-0.012086053176653946,0.011246352083129291,0,18,198
diabetes,"ADD(bmi,sex)",0.022953814983548,-0.0035478395061728407,0.006135229159156017,0,67,28
diabetes,"SUB(sex,bmi)",0.0345257441072697,-0.005588198802346088,0.008231773587164582,0,31,127
diabetes,"MUL(bmi,sex)",0.0355479072745701,-0.009029897768754354,0.009863221838938145,0,29,167
diabetes,"DIV(sex,bmi)",0.0334540282524036,-0.005588198802346088,0.008231773587164582,0,33,126
diabetes,"ADD(bp,sex)",0.0199996243313804,-0.003599519092736148,0.006347018009284429,0,86,31
diabetes,"SUB(sex,bp)",0.0360410611643241,-0.005591428776506294,0.008382689711898693,0,27,129
diabetes,"MUL(bp,sex)",0.0193178967529811,-0.009149406812682002,0.009950182725193513,0,91,170
diabetes,"DIV(sex,bp)",0.0585569774699499,-0.005591428776506294,0.008382689711898693,0,5,133
diabetes,"ADD(s1,sex)",0.0228225189611296,-0.003599519092736148,0.006347018009284429,0,69,29
diabetes,"SUB(sex,s1)",0.0163158467972455,-0.005591428776506294,0.008382689711898693,0,98,135
diabetes,"MUL(s1,sex)",0.0247037582115069,-0.009149406812682002,0.009950182725193513,0,59,169
diabetes,"DIV(sex,s1)",-0.0126467793230183,-0.005591428776506294,0.008382689711898693,0,205,134
diabetes,"ADD(s2,sex)",0.0224509484073017,-0.003424382716049384,0.005954283265467284,0,73,21
diabetes,"SUB(sex,s2)",0.0214756236077733,-0.0049970109921660295,0.007087535986134863,0,80,68
diabetes,"MUL(s2,sex)",0.0144760561094465,-0.007744157848324515,0.00831013427115475,0,105,148
diabetes,"DIV(sex,s2)",0.0315805517931241,-0.0049970109921660295,0.007087535986134863,0,38,67
diabetes,"ADD(s3,sex)",0.0491359556769297,-0.0035478395061728407,0.006135229159156017,0,13,26
diabetes,"SUB(sex,s3)",0.0056162679658648,-0.005588198802346088,0.008231773587164582,0,145,125
diabetes,"MUL(s3,sex)",0.0290461956936227,-0.009029897768754354,0.009863221838938145,0,46,168
diabetes,"DIV(sex,s3)",-0.0007012960254688,-0.005588198802346088,0.008231773587164582,0,173,124
diabetes,"ADD(s4,sex)",-0.0205726156047761,-0.0035478395061728407,0.006135229159156017,0,212,27
diabetes,"SUB(sex,s4)",0.0320355795049577,-0.005588198802346088,0.008231773587164582,0,36,123
diabetes,"MUL(s4,sex)",-0.0096569857066242,-0.009029897768754354,0.009863221838938145,0,200,166
diabetes,"DIV(sex,s4)",-0.0006251642606424,-0.005588198802346088,0.008231773587164582,0,172,128
diabetes,"ADD(s5,sex)",0.0124257554098173,-0.003599519092736148,0.006347018009284429,0,111,32
diabetes,"SUB(sex,s5)",0.0468277220378631,-0.005591428776506294,0.008382689711898693,0,15,130
diabetes,"MUL(s5,sex)",0.0196129420882473,-0.009149406812682002,0.009950182725193513,0,89,171
diabetes,"DIV(sex,s5)",0.0289599332615829,-0.005591428776506294,0.008382689711898693,0,47,132
diabetes,"ADD(s6,sex)",0.0254364610426656,-0.003599519092736148,0.006347018009284429,0,56,30
diabetes,"SUB(sex,s6)",0.0096398198822338,-0.005591428776506294,0.008382689711898693,0,123,136
diabetes,"MUL(s6,sex)",0.0077646510609142,-0.009149406812682002,0.009950182725193513,0,131,172
diabetes,"DIV(sex,s6)",0.0302683876740303,-0.005591428776506294,0.008382689711898693,0,42,131
diabetes,"ADD(bmi,bp)",0.0432106057860502,-0.003475434252081541,0.006281579200440266,0,19,24
diabetes,"SUB(bmi,bp)",-0.0018691862806288,-0.005514716890201387,0.008542321099884,0,177,118
diabetes,"MUL(bmi,bp)",0.014150349997651,-0.00928165631024158,0.010317115590198505,0,108,176
diabetes,"DIV(bmi,bp)",0.0303034295834502,-0.005514716890201387,0.008542321099884,0,40,121
diabetes,"ADD(bmi,s1)",-0.0042570856144344,-0.003475434252081541,0.006281579200440266,0,184,23
diabetes,"SUB(bmi,s1)",-0.0069591316958823,-0.005514716890201387,0.008542321099884,0,195,119
diabetes,"MUL(bmi,s1)",-0.0487394166512609,-0.00928165631024158,0.010317115590198505,0,220,175
diabetes,"DIV(bmi,s1)",0.0292654812566848,-0.005514716890201387,0.008542321099884,0,45,120
diabetes,"ADD(bmi,s2)",0.0234931245732945,-0.0031115238300315844,0.005681427435077548,0,63,1
diabetes,"SUB(bmi,s2)",0.0228921909309945,-0.004824117653090522,0.007209732878194739,0,68,62
diabetes,"MUL(bmi,s2)",0.0152332920584427,-0.007736621241950701,0.00876745414632818,0,103,147
diabetes,"DIV(bmi,s2)",0.0239609931843046,-0.004824117653090522,0.007209732878194739,0,62,61
diabetes,"ADD(bmi,s3)",0.0209674643123202,-0.0032455677576801634,0.005594513755072742,0,82,10
diabetes,"SUB(bmi,s3)",0.0710305165584612,-0.005333300008203109,0.008105809638582973,0,3,109
diabetes,"MUL(bmi,s3)",0.0264821016454436,-0.008925820823592138,0.010082584192559156,0,53,165
diabetes,"DIV(bmi,s3)",-0.0111925181100063,-0.005333300008203109,0.008105809638582973,0,202,108
diabetes,"ADD(bmi,s4)",0.0234120393792354,-0.0032455677576801634,0.005594513755072742,0,66,9
diabetes,"SUB(bmi,s4)",0.0263277829587477,-0.005333300008203109,0.008105809638582973,0,54,107
diabetes,"MUL(bmi,s4)",0.036811974995897,-0.008925820823592138,0.010082584192559156,0,25,164
diabetes,"DIV(bmi,s4)",0.0298181386366536,-0.005333300008203109,0.008105809638582973,0,43,110
diabetes,"ADD(bmi,s5)",0.131197376924255,-0.003475434252081541,0.006281579200440266,0,1,25
diabetes,"SUB(bmi,s5)",-0.0012923636876138,-0.005514716890201387,0.008542321099884,0,176,116
diabetes,"MUL(bmi,s5)",0.0048365203314683,-0.00928165631024158,0.010317115590198505,0,149,174
diabetes,"DIV(bmi,s5)",0.0166672336854359,-0.005514716890201387,0.008542321099884,0,97,117
diabetes,"ADD(bmi,s6)",0.0812305736813238,-0.003475434252081541,0.006281579200440266,0,2,22
diabetes,"SUB(bmi,s6)",0.0192453387744195,-0.005514716890201387,0.008542321099884,0,92,115
diabetes,"MUL(bmi,s6)",0.0099918516257671,-0.00928165631024158,0.010317115590198505,0,121,173
diabetes,"DIV(bmi,s6)",0.0302848033814295,-0.005514716890201387,0.008542321099884,0,41,122
diabetes,"ADD(bp,s1)",0.0025504693074056,-0.0033713573069193243,0.006021533410659841,0,156,15
diabetes,"SUB(bp,s1)",0.0257132123121809,-0.005130708851154587,0.008032609811021196,0,55,89
diabetes,"MUL(bp,s1)",0.0015723331020964,-0.008511271584430498,0.009709169524138393,0,161,155
diabetes,"DIV(bp,s1)",0.0287964189990184,-0.005130708851154587,0.008032609811021196,0,48,82
diabetes,"ADD(bp,s2)",-0.0357092774697667,-0.0031617678725236894,0.005525234200631868,0,219,5
diabetes,"SUB(bp,s2)",0.0017422325567066,-0.004501838009105452,0.006573548078151457,0,160,38
diabetes,"MUL(bp,s2)",0.0032655198622828,-0.007071569562364138,0.007872516453804842,0,152,145
diabetes,"DIV(bp,s2)",-0.0261250919456916,-0.004501838009105452,0.006573548078151457,0,217,37
diabetes,"ADD(bp,s3)",0.0226428199536186,-0.0033778172552397386,0.005820509693135197,0,71,19
diabetes,"SUB(bp,s3)",0.0343795826873646,-0.005185618411878101,0.007879650763662541,0,32,101
diabetes,"MUL(bp,s3)",0.002292931865619,-0.00839176254050285,0.009612099446311135,0,157,149
diabetes,"DIV(bp,s3)",0.0213812212822245,-0.005185618411878101,0.007879650763662541,0,81,98
diabetes,"ADD(bp,s4)",0.0389865018142039,-0.0033778172552397386,0.005820509693135197,0,21,17
diabetes,"SUB(bp,s4)",-0.0221825291593527,-0.005185618411878101,0.007879650763662541,0,215,99
diabetes,"MUL(bp,s4)",0.0197224274882841,-0.00839176254050285,0.009612099446311135,0,88,150
diabetes,"DIV(bp,s4)",0.0274583165701757,-0.005185618411878101,0.007879650763662541,0,51,95
diabetes,"ADD(bp,s5)",0.048768680411541,-0.0033713573069193243,0.006021533410659841,0,14,16
diabetes,"SUB(bp,s5)",-0.0001468972294876,-0.005130708851154587,0.008032609811021196,0,171,90
diabetes,"MUL(bp,s5)",0.0094026091801703,-0.008511271584430498,0.009709169524138393,0,126,154
diabetes,"DIV(bp,s5)",-0.0146813480049858,-0.005130708851154587,0.008032609811021196,0,207,83
diabetes,"ADD(bp,s6)",-0.0075063788315024,-0.0033713573069193243,0.006021533410659841,0,197,13
diabetes,"SUB(bp,s6)",0.0219945952162616,-0.005130708851154587,0.008032609811021196,0,74,80
diabetes,"MUL(bp,s6)",-0.0097626888410145,-0.008511271584430498,0.009709169524138393,0,201,156
diabetes,"DIV(bp,s6)",0.0028314984920785,-0.005130708851154587,0.008032609811021196,0,155,86
diabetes,"ADD(s1,s2)",0.0187454726661384,-0.0031617678725236894,0.005525234200631868,0,94,6
diabetes,"SUB(s1,s2)",-0.0039990433255175,-0.004501838009105452,0.006573548078151457,0,183,39
diabetes,"MUL(s1,s2)",0.0253570273323365,-0.007071569562364138,0.007872516453804842,0,57,146
diabetes,"DIV(s1,s2)",-0.0346753127343256,-0.004501838009105452,0.006573548078151457,0,218,40
diabetes,"ADD(s1,s3)",0.0143179357399068,-0.0033778172552397386,0.005820509693135197,0,106,18
diabetes,"SUB(s1,s3)",0.0503561630153795,-0.005185618411878101,0.007879650763662541,0,12,96
diabetes,"MUL(s1,s3)",0.0328504804421692,-0.00839176254050285,0.009612099446311135,0,34,151
diabetes,"DIV(s1,s3)",0.0240721147387054,-0.005185618411878101,0.007879650763662541,0,61,97
diabetes,"ADD(s1,s4)",0.0086464810333793,-0.0033778172552397386,0.005820509693135197,0,129,20
diabetes,"SUB(s1,s4)",0.0285894194120723,-0.005185618411878101,0.007879650763662541,0,50,100
diabetes,"MUL(s1,s4)",0.0241452286622849,-0.00839176254050285,0.009612099446311135,0,60,152
diabetes,"DIV(s1,s4)",0.0146972793044098,-0.005185618411878101,0.007879650763662541,0,104,102
diabetes,"ADD(s1,s5)",0.0132073231509735,-0.0033713573069193243,0.006021533410659841,0,109,14
diabetes,"SUB(s1,s5)",0.0505230803972641,-0.005130708851154587,0.008032609811021196,0,10,84
diabetes,"MUL(s1,s5)",0.0075291930163985,-0.008511271584430498,0.009709169524138393,0,133,157
diabetes,"DIV(s1,s5)",0.0372373557132931,-0.005130708851154587,0.008032609811021196,0,23,79
diabetes,"ADD(s1,s6)",0.0064741258752992,-0.0033713573069193243,0.006021533410659841,0,143,11
diabetes,"SUB(s1,s6)",0.0249822846216407,-0.005130708851154587,0.008032609811021196,0,58,85
diabetes,"MUL(s1,s6)",0.0067231831116447,-0.008511271584430498,0.009709169524138393,0,138,158
diabetes,"DIV(s1,s6)",0.0065158973765278,-0.005130708851154587,0.008032609811021196,0,142,81
diabetes,"ADD(s2,s3)",0.0503742782385232,-0.004074199684180307,0.006523055906709855,0,11,36
diabetes,"SUB(s2,s3)",0.0350418072239907,-0.006041992227554244,0.00839155597316796,0,30,141
diabetes,"MUL(s2,s3)",0.0002027359791973,-0.00934848088675608,0.009866883229187039,0,169,179
diabetes,"DIV(s2,s3)",0.0529054672909458,-0.006041992227554244,0.00839155597316796,0,9,143
diabetes,"ADD(s2,s4)",0.0326564341697525,-0.004074199684180307,0.006523055906709855,0,35,35
diabetes,"SUB(s2,s4)",0.0553141184988997,-0.006041992227554244,0.00839155597316796,0,7,144
diabetes,"MUL(s2,s4)",0.0154294619590718,-0.00934848088675608,0.009866883229187039,0,101,180
diabetes,"DIV(s2,s4)",0.0171250094416695,-0.006041992227554244,0.00839155597316796,0,96,142
diabetes,"ADD(s2,s5)",-0.0159500186240357,-0.003882554550674707,0.006289145668228169,0,208,34
diabetes,"SUB(s2,s5)",-0.0226043176952441,-0.005801897481645544,0.008262603463753453,0,216,138
diabetes,"MUL(s2,s5)",0.015415551070127,-0.009346327570649274,0.009834470871639439,0,102,177
diabetes,"DIV(s2,s5)",0.0373837624030591,-0.005801897481645544,0.008262603463753453,0,22,137
diabetes,"ADD(s2,s6)",0.010842804166659,-0.003882554550674707,0.006289145668228169,0,115,33
diabetes,"SUB(s2,s6)",0.0101874819327022,-0.005801897481645544,0.008262603463753453,0,118,139
diabetes,"MUL(s2,s6)",-0.0031967257541283,-0.009346327570649274,0.009834470871639439,0,181,178
diabetes,"DIV(s2,s6)",-0.0120487715457675,-0.005801897481645544,0.008262603463753453,0,204,140
diabetes,"ADD(s3,s4)",-0.004685619071501,-0.003129288687912721,0.00552607753928641,0,187,4
diabetes,"SUB(s3,s4)",0.0015710617866506,-0.005099665210614823,0.007762093949263278,0,162,74
diabetes,"MUL(s3,s4)",0.0067161397788056,-0.008591626163816084,0.00978821547417232,0,140,159
diabetes,"DIV(s3,s4)",0.0160365917312331,-0.005099665210614823,0.007762093949263278,0,99,73
diabetes,"ADD(s3,s5)",-0.0063813290453815,-0.0031228287395923078,0.005737146811317942,0,193,2
diabetes,"SUB(s3,s5)",0.0693115069697519,-0.005044755649891308,0.007916728326206941,0,4,72
diabetes,"MUL(s3,s5)",0.0224596728606459,-0.008711135207743734,0.00988113901483191,0,72,163
diabetes,"DIV(s3,s5)",0.0227299919280592,-0.005044755649891308,0.007916728326206941,0,70,70
diabetes,"ADD(s3,s6)",0.0142858503542687,-0.0031228287395923078,0.005737146811317942,0,107,3
diabetes,"SUB(s3,s6)",0.0319566853883227,-0.005044755649891308,0.007916728326206941,0,37,69
diabetes,"MUL(s3,s6)",-0.0059644602141168,-0.008711135207743734,0.00988113901483191,0,192,162
diabetes,"DIV(s3,s6)",0.0094119294348848,-0.005044755649891308,0.007916728326206941,0,125,71
diabetes,"ADD(s4,s5)",0.0417788838512982,-0.0032197279643985093,0.005794586373086808,0,20,8
diabetes,"SUB(s4,s5)",-0.005905725236133,-0.005112585107255649,0.00794314652589101,0,191,76
diabetes,"MUL(s4,s5)",0.035679906403923,-0.008711135207743734,0.00988113901483191,0,28,161
diabetes,"DIV(s4,s5)",0.0296785136585417,-0.005112585107255649,0.00794314652589101,0,44,78
diabetes,"ADD(s4,s6)",0.031091485734385,-0.0032197279643985093,0.005794586373086808,0,39,7
diabetes,"SUB(s4,s6)",0.0063793719962833,-0.005112585107255649,0.00794314652589101,0,144,75
diabetes,"MUL(s4,s6)",0.0218142983634643,-0.008711135207743734,0.00988113901483191,0,75,160
diabetes,"DIV(s4,s6)",0.0286819413353542,-0.005112585107255649,0.00794314652589101,0,49,77
diabetes,"ADD(s5,s6)",0.0449330328014884,-0.0033713573069193243,0.006021533410659841,0,17,12
diabetes,"SUB(s5,s6)",-0.0092952678475004,-0.005130708851154587,0.008032609811021196,0,199,88
diabetes,"MUL(s5,s6)",0.0200814903011634,-0.008511271584430498,0.009709169524138393,0,84,153
diabetes,"DIV(s5,s6)",0.0006455993278875,-0.005130708851154587,0.008032609811021196,0,167,87
wine,LOG(alcohol),0.0,-0.004066822094975899,0.00754961372539994,0,1,61
wine,SQRT(alcohol),0.0,-0.004066822094975899,0.00754961372539994,0,2,62
wine,SQUARE(alcohol),0.0,-0.004066822094975899,0.00754961372539994,0,314,64
wine,ABS(alcohol),0.0,-0.004066822094975899,0.00754961372539994,0,315,63
wine,LOG(malic_acid),0.0,-0.0036878764944957582,0.00590358558290173,0,316,41
wine,SQRT(malic_acid),0.0,-0.0036878764944957582,0.00590358558290173,0,317,38
wine,SQUARE(malic_acid),0.0,-0.0036878764944957582,0.00590358558290173,0,318,39
wine,ABS(malic_acid),0.0,-0.0036878764944957582,0.00590358558290173,0,319,40
wine,LOG(ash),0.0,-0.003814637784698127,0.008913097809294944,0,320,52
wine,SQRT(ash),0.0,-0.003814637784698127,0.008913097809294944,0,321,53
wine,SQUARE(ash),0.0,-0.003814637784698127,0.008913097809294944,0,322,51
wine,ABS(ash),0.0,-0.003814637784698127,0.008913097809294944,0,323,46
wine,LOG(alcalinity_of_ash),0.0,-0.0033851850614315,0.008840315352800693,0,324,21
wine,SQRT(alcalinity_of_ash),0.0,-0.0033851850614315,0.008840315352800693,0,325,20
wine,SQUARE(alcalinity_of_ash),0.0,-0.0033851850614315,0.008840315352800693,0,326,19
wine,ABS(alcalinity_of_ash),0.0,-0.0033851850614315,0.008840315352800693,0,327,18
wine,LOG(magnesium),0.0,-0.0015558696576003712,0.006790916073471333,0,328,2
wine,SQRT(magnesium),0.0,-0.0015558696576003712,0.006790916073471333,0,12,3
wine,SQUARE(magnesium),0.0,-0.0015558696576003712,0.006790916073471333,0,13,4
wine,ABS(magnesium),0.0,-0.0015558696576003712,0.006790916073471333,0,14,1
wine,LOG(total_phenols),0.0,-0.003814637784698127,0.008913097809294944,0,15,49
wine,SQRT(total_phenols),0.0,-0.003814637784698127,0.008913097809294944,0,16,50
wine,SQUARE(total_phenols),0.0,-0.003814637784698127,0.008913097809294944,0,17,48
wine,ABS(total_phenols),0.0,-0.003814637784698127,0.008913097809294944,0,18,47
wine,LOG(flavanoids),0.0,-0.004607297062197518,0.007719749533547583,0,19,73
wine,SQRT(flavanoids),0.0,-0.004607297062197518,0.007719749533547583,0,20,75
wine,SQUARE(flavanoids),-0.037037037037037,-0.004607297062197518,0.007719749533547583,0,350,76
wine,ABS(flavanoids),0.0,-0.004607297062197518,0.007719749533547583,0,21,74
wine,LOG(nonflavanoid_phenols),0.0,-0.004683359132494552,0.007843671892164639,0,22,81
wine,SQRT(nonflavanoid_phenols),0.0,-0.004683359132494552,0.007843671892164639,0,23,84
wine,SQUARE(nonflavanoid_phenols),0.0,-0.004683359132494552,0.007843671892164639,0,24,82
wine,ABS(nonflavanoid_phenols),0.0,-0.004683359132494552,0.007843671892164639,0,25,83
wine,LOG(proanthocyanins),-0.074074074074074,-0.005110704458040811,0.006822470874463887,0,363,113
wine,SQRT(proanthocyanins),0.0,-0.005110704458040811,0.006822470874463887,0,203,112
wine,SQUARE(proanthocyanins),0.0,-0.005110704458040811,0.006822470874463887,0,204,110
wine,ABS(proanthocyanins),0.0,-0.005110704458040811,0.006822470874463887,0,205,111
wine,LOG(color_intensity),0.0,-0.003585163316201184,0.005850127494562997,0,206,29
wine,SQRT(color_intensity),0.0,-0.003585163316201184,0.005850127494562997,0,207,28
wine,SQUARE(color_intensity),0.0,-0.003585163316201184,0.005850127494562997,0,208,30
wine,ABS(color_intensity),0.0,-0.003585163316201184,0.005850127494562997,0,209,27
wine,LOG(hue),0.0,-0.0039674409028302845,0.008976686498486333,0,210,58
wine,SQRT(hue),0.0,-0.0039674409028302845,0.008976686498486333,0,211,57
wine,SQUARE(hue),0.0,-0.0039674409028302845,0.008976686498486333,0,212,56
wine,ABS(hue),0.0,-0.0039674409028302845,0.008976686498486333,0,213,55
wine,LOG(od280/od315_of_diluted_wines),0.0,-0.004299039445369546,0.00811360887844711,0,214,68
wine,SQRT(od280/od315_of_diluted_wines),0.0,-0.004299039445369546,0.00811360887844711,0,215,70
wine,SQUARE(od280/od315_of_diluted_wines),0.0,-0.004299039445369546,0.00811360887844711,0,216,69
wine,ABS(od280/od315_of_diluted_wines),0.0,-0.004299039445369546,0.00811360887844711,0,217,71
wine,LOG(proline),0.0,-0.002380862788073604,0.005970304893846056,0,218,5
wine,SQRT(proline),0.0,-0.002380862788073604,0.005970304893846056,0,298,8
wine,SQUARE(proline),0.0,-0.002380862788073604,0.005970304893846056,0,299,7
wine,ABS(proline),0.0,-0.002380862788073604,0.005970304893846056,0,300,6
wine,"ADD(alcohol,malic_acid)",0.0,-0.006463500974390607,0.005944896452338059,0,301,235
wine,"SUB(alcohol,malic_acid)",0.0,-0.006472701106023153,0.005890869772195428,0,302,240
wine,"MUL(alcohol,malic_acid)",0.0,-0.006126057026771487,0.0057418380371791755,0,303,183
wine,"DIV(alcohol,malic_acid)",0.0,-0.006472701106023153,0.005890869772195428,0,304,239
wine,"ADD(alcohol,ash)",0.0,-0.00645381539416201,0.006834305086033866,0,305,232
wine,"SUB(alcohol,ash)",0.0,-0.00652308140374981,0.0067056832090161686,0,306,258
wine,"MUL(alcohol,ash)",0.0,-0.006103762905893492,0.0065945873846986304,0,307,180
wine,"DIV(alcohol,ash)",0.0,-0.00652308140374981,0.0067056832090161686,0,308,259
wine,"ADD(alcalinity_of_ash,alcohol)",0.0,-0.006651838559235622,0.006847153572527923,0,309,266
wine,"SUB(alcohol,alcalinity_of_ash)",0.0,-0.006633895266497839,0.006740487343408233,0,310,265
wine,"MUL(alcalinity_of_ash,alcohol)",0.0,-0.006095728149225215,0.006557220817959163,0,311,176
wine,"DIV(alcohol,alcalinity_of_ash)",-0.074074074074074,-0.006633895266497839,0.006740487343408233,0,358,264
wine,"ADD(alcohol,magnesium)",0.0,-0.006865906553940651,0.005791954112443345,0,312,303
wine,"SUB(alcohol,magnesium)",0.0,-0.006919123713695962,0.005728481188513695,0,282,312
wine,"MUL(alcohol,magnesium)",0.0,-0.006393274854361589,0.005570979405287345,0,283,223
wine,"DIV(alcohol,magnesium)",0.0,-0.006919123713695962,0.005728481188513695,0,284,313
wine,"ADD(alcohol,total_phenols)",0.0,-0.00645381539416201,0.006834305086033866,0,285,230
wine,"SUB(alcohol,total_phenols)",0.0,-0.00652308140374981,0.0067056832090161686,0,286,254
wine,"MUL(alcohol,total_phenols)",0.0,-0.006103762905893492,0.0065945873846986304,0,287,178
wine,"DIV(alcohol,total_phenols)",0.0,-0.00652308140374981,0.0067056832090161686,0,288,253
wine,"ADD(alcohol,flavanoids)",0.0,-0.006395675859278289,0.006839499130101334,0,289,224
wine,"SUB(alcohol,flavanoids)",0.0,-0.0064649418688660885,0.00671157685112159,0,290,237
wine,"MUL(alcohol,flavanoids)",0.0,-0.006103762905893492,0.0065945873846986304,0,291,179
wine,"DIV(alcohol,flavanoids)",0.0,-0.0064649418688660885,0.00671157685112159,0,292,236
wine,"ADD(alcohol,nonflavanoid_phenols)",0.0,-0.006980669094373364,0.00594717090085882,0,293,320
wine,"SUB(alcohol,nonflavanoid_phenols)",0.0,-0.007020865336519303,0.005813290077788601,0,294,323
wine,"MUL(alcohol,nonflavanoid_phenols)",0.0,-0.006661225369096274,0.005614971416529275,0,295,267
wine,"DIV(alcohol,nonflavanoid_phenols)",0.0,-0.007020865336519303,0.005813290077788601,0,296,324
wine,"ADD(alcohol,proanthocyanins)",0.0,-0.006908322885022779,0.006087449711622739,0,297,308
wine,"SUB(alcohol,proanthocyanins)",0.0,-0.006977588894610578,0.005937385067669889,0,266,318
wine,"MUL(alcohol,proanthocyanins)",0.0,-0.0065340455905527105,0.0058453490133831545,0,267,260
wine,"DIV(alcohol,proanthocyanins)",0.0,-0.006977588894610578,0.005937385067669889,0,268,319
wine,"ADD(alcohol,color_intensity)",0.0,-0.006511950586793708,0.005912466844228065,0,269,250
wine,"SUB(alcohol,color_intensity)",0.0,-0.0064920809509843936,0.005875900516932623,0,270,246
wine,"MUL(alcohol,color_intensity)",0.0,-0.006126057026771487,0.0057418380371791755,0,271,184
wine,"DIV(alcohol,color_intensity)",0.0,-0.0064920809509843936,0.005875900516932623,0,272,247
wine,"ADD(alcohol,hue)",0.0,-0.006482885161603871,0.00681913993170635,0,273,244
wine,"SUB(alcohol,hue)",0.0,-0.00652308140374981,0.0067056832090161686,0,274,255
wine,"MUL(alcohol,hue)",0.0,-0.006065003215971011,0.006607554590275567,0,275,173
wine,"DIV(alcohol,hue)",0.0,-0.00652308140374981,0.0067056832090161686,0,276,257
wine,"ADD(alcohol,od280/od315_of_diluted_wines)",0.0,-0.00645381539416201,0.006834305086033866,0,277,231
wine,"SUB(alcohol,od280/od315_of_diluted_wines)",0.0,-0.00652308140374981,0.0067056832090161686,0,278,252
wine,"MUL(alcohol,od280/od315_of_diluted_wines)",0.0,-0.006103762905893492,0.0065945873846986304,0,279,181
wine,"DIV(alcohol,od280/od315_of_diluted_wines)",0.0,-0.00652308140374981,0.0067056832090161686,0,280,256
wine,"ADD(alcohol,proline)",0.0,-0.007380285675211071,0.005771819816928673,0,281,348
wine,"SUB(alcohol,proline)",0.0,-0.007372032304953908,0.005649507800415009,0,251,347
wine,"MUL(alcohol,proline)",0.0,-0.006691222541226318,0.005649010797445715,0,252,273
wine,"DIV(alcohol,proline)",-0.074074074074074,-0.007372032304953908,0.005649507800415009,0,360,346
wine,"ADD(ash,malic_acid)",0.0,-0.004777760095496018,0.006053172110276576,0,253,90
wine,"SUB(malic_acid,ash)",0.0,-0.004861973365764723,0.00598251814199403,0,254,93
wine,"MUL(ash,malic_acid)",0.0,-0.0055128047857043614,0.005981019197535492,0,255,132
wine,"DIV(malic_acid,ash)",0.0,-0.004861973365764723,0.00598251814199403,0,256,96
wine,"ADD(alcalinity_of_ash,malic_acid)",0.0,-0.004615318144290559,0.006037036865358679,0,257,77
wine,"SUB(malic_acid,alcalinity_of_ash)",0.0,-0.004641391879675542,0.005957334991810446,0,258,80
wine,"MUL(alcalinity_of_ash,malic_acid)",0.0,-0.005638490959268643,0.005930215286945982,0,259,144
wine,"DIV(malic_acid,alcalinity_of_ash)",0.0,-0.004641391879675542,0.005957334991810446,0,260,79
wine,"ADD(magnesium,malic_acid)",0.0,-0.004559477054426051,0.005126560013781161,0,261,72
wine,"SUB(malic_acid,magnesium)",0.0,-0.004978973283948806,0.00522289017885042,0,262,104
wine,"MUL(magnesium,malic_acid)",0.0,-0.007170031265389879,0.0049474701717545115,0,263,334
wine,"DIV(malic_acid,magnesium)",0.0,-0.004978973283948806,0.00522289017885042,0,264,103
wine,"ADD(malic_acid,total_phenols)",0.0,-0.004777760095496018,0.006053172110276576,0,265,91
wine,"SUB(malic_acid,total_phenols)",0.0,-0.004861973365764723,0.00598251814199403,0,235,97
wine,"MUL(malic_acid,total_phenols)",0.0,-0.0055128047857043614,0.005981019197535492,0,236,133
wine,"DIV(malic_acid,total_phenols)",0.0,-0.004861973365764723,0.00598251814199403,0,237,100
wine,"ADD(flavanoids,malic_acid)",0.0,-0.004777760095496018,0.006053172110276576,0,238,89
wine,"SUB(malic_acid,flavanoids)",0.0,-0.004861973365764723,0.00598251814199403,0,239,99
wine,"MUL(flavanoids,malic_acid)",0.0,-0.0055128047857043614,0.005981019197535492,0,240,135
wine,"DIV(malic_acid,flavanoids)",0.0,-0.004861973365764723,0.00598251814199403,0,241,98
wine,"ADD(malic_acid,nonflavanoid_phenols)",0.0,-0.00557705613767871,0.005420472202999125,0,242,137
wine,"SUB(malic_acid,nonflavanoid_phenols)",0.0,-0.005632199640505554,0.0053437641416813385,0,243,143
wine,"MUL(malic_acid,nonflavanoid_phenols)",0.0,-0.006073536263233181,0.005178048712367702,0,244,174
wine,"DIV(malic_acid,nonflavanoid_phenols)",0.0,-0.005632199640505554,0.0053437641416813385,0,245,142
wine,"ADD(malic_acid,proanthocyanins)",0.0,-0.00521624227493068,0.005377027906368648,0,246,118
wine,"SUB(malic_acid,proanthocyanins)",0.0,-0.005300455545199384,0.005290388245862026,0,247,124
wine,"MUL(malic_acid,proanthocyanins)",0.0,-0.0059866097795913805,0.0052023175753363165,0,248,169
wine,"DIV(malic_acid,proanthocyanins)",0.0,-0.005300455545199384,0.005290388245862026,0,249,123
wine,"ADD(color_intensity,malic_acid)",0.0,-0.004931221331212906,0.005162777371444951,0,250,102
wine,"SUB(malic_acid,color_intensity)",0.0,-0.005030950118875194,0.00520581000918064,0,219,108
wine,"MUL(color_intensity,malic_acid)",0.0,-0.005872143112957112,0.005138284262240052,0,220,156
wine,"DIV(malic_acid,color_intensity)",0.0,-0.005030950118875194,0.00520581000918064,0,221,107
wine,"ADD(hue,malic_acid)",0.0,-0.0050684577699146235,0.006095803923834152,0,222,109
wine,"SUB(malic_acid,hue)",0.0,-0.005123601272741467,0.0060323472684624,0,223,115
wine,"MUL(hue,malic_acid)",0.0,-0.005493424940743122,0.006005081626850611,0,224,131
wine,"DIV(malic_acid,hue)",0.0,-0.005123601272741467,0.0060323472684624,0,225,114
wine,"ADD(malic_acid,od280/od315_of_diluted_wines)",0.0,-0.004777760095496018,0.006053172110276576,0,226,92
wine,"SUB(malic_acid,od280/od315_of_diluted_wines)",0.0,-0.004861973365764723,0.00598251814199403,0,227,94
wine,"MUL(malic_acid,od280/od315_of_diluted_wines)",0.0,-0.0055128047857043614,0.005981019197535492,0,228,134
wine,"DIV(malic_acid,od280/od315_of_diluted_wines)",0.0,-0.004861973365764723,0.00598251814199403,0,229,95
wine,"ADD(malic_acid,proline)",0.0,-0.00475865110401565,0.005255074229534985,0,230,88
wine,"SUB(malic_acid,proline)",0.0,-0.0052110814285479205,0.005197133165240424,0,231,117
wine,"MUL(malic_acid,proline)",0.0,-0.007599891683890353,0.004871434153276035,0,232,357
wine,"DIV(malic_acid,proline)",0.0,-0.0052110814285479205,0.005197133165240424,0,233,116
wine,"ADD(alcalinity_of_ash,ash)",0.0,-0.0064761048224955715,0.007713644311560759,0,234,243
wine,"SUB(ash,alcalinity_of_ash)",0.0,-0.006366107266191897,0.007662471058659718,0,189,218
wine,"MUL(alcalinity_of_ash,ash)",-0.037037037037037,-0.005540841588564898,0.007503497099937222,0,344,136
wine,"DIV(ash,alcalinity_of_ash)",0.0,-0.006366107266191897,0.007662471058659718,0,190,217
wine,"ADD(ash,magnesium)",0.0,-0.006810718268572819,0.007519150072750646,0,191,286
wine,"SUB(ash,magnesium)",0.0,-0.0068106408546847194,0.007505316375651771,0,192,284
wine,"MUL(ash,magnesium)",0.0,-0.006357628652549103,0.007428468793660837,0,193,216
wine,"DIV(ash,magnesium)",0.0,-0.0068106408546847194,0.007505316375651771,0,194,285
wine,"ADD(ash,total_phenols)",0.0,-0.006340420910928597,0.007486037612918315,0,195,211
wine,"SUB(ash,total_phenols)",0.0,-0.0063176326569505045,0.007414499826216156,0,196,205
wine,"MUL(ash,total_phenols)",0.0,-0.005611215598739811,0.0073266346264433645,0,197,138
wine,"DIV(ash,total_phenols)",0.0,-0.0063176326569505045,0.007414499826216156,0,198,204
wine,"ADD(ash,flavanoids)",0.0,-0.006282281376044876,0.007489899604044696,0,199,199
wine,"SUB(ash,flavanoids)",0.0,-0.006259493122066783,0.007418220461311897,0,200,191
wine,"MUL(ash,flavanoids)",-0.037037037037037,-0.005611215598739811,0.0073266346264433645,0,345,140
wine,"DIV(ash,flavanoids)",0.0,-0.006259493122066783,0.007418220461311897,0,201,192
wine,"ADD(ash,nonflavanoid_phenols)",0.0,-0.0069698975872314875,0.006867957225713893,0,202,317
wine,"SUB(ash,nonflavanoid_phenols)",0.0,-0.006918039565811534,0.006809230552135168,0,173,311
wine,"MUL(ash,nonflavanoid_phenols)",0.0,-0.006345383542408966,0.006671688654633044,0,174,215
wine,"DIV(ash,nonflavanoid_phenols)",0.0,-0.006918039565811534,0.006809230552135168,0,175,310
wine,"ADD(ash,proanthocyanins)",0.0,-0.0068880451788046505,0.006758764632014241,0,176,306
wine,"SUB(ash,proanthocyanins)",0.0,-0.006865256924826558,0.006681310252016457,0,177,301
wine,"MUL(ash,proanthocyanins)",0.0,-0.006150558029905432,0.0066276931599791615,0,178,186
wine,"DIV(ash,proanthocyanins)",0.0,-0.006865256924826558,0.006681310252016457,0,179,302
wine,"ADD(ash,color_intensity)",0.0,-0.006484863076619674,0.007609658705213168,0,180,245
wine,"SUB(ash,color_intensity)",0.0,-0.006419450805151444,0.007628816246605068,0,181,227
wine,"MUL(ash,color_intensity)",0.0,-0.00578227129007528,0.007540486337393482,0,182,152
wine,"DIV(ash,color_intensity)",0.0,-0.006419450805151444,0.007628816246605068,0,183,228
wine,"ADD(ash,hue)",0.0,-0.006369490678370457,0.007472636431925818,0,184,220
wine,"SUB(ash,hue)",0.0,-0.0063176326569505045,0.007414499826216156,0,185,207
wine,"MUL(ash,hue)",0.0,-0.005630595443701052,0.007337389780094455,0,186,141
wine,"DIV(ash,hue)",0.0,-0.0063176326569505045,0.007414499826216156,0,187,206
wine,"ADD(ash,od280/od315_of_diluted_wines)",0.0,-0.006340420910928597,0.007486037612918315,0,188,212
wine,"SUB(ash,od280/od315_of_diluted_wines)",0.0,-0.0063176326569505045,0.007414499826216156,0,158,202
wine,"MUL(ash,od280/od315_of_diluted_wines)",0.0,-0.005611215598739811,0.0073266346264433645,0,159,139
wine,"DIV(ash,od280/od315_of_diluted_wines)",0.0,-0.0063176326569505045,0.007414499826216156,0,160,203
wine,"ADD(ash,proline)",0.0,-0.007210756304571921,0.0075304936452339055,0,161,335
wine,"SUB(ash,proline)",0.0,-0.007100758748268248,0.007486357632179115,0,162,327
wine,"MUL(ash,proline)",0.0,-0.006366816649491351,0.007516371784843188,0,163,219
wine,"DIV(ash,proline)",-0.074074074074074,-0.007100758748268248,0.007486357632179115,0,362,328
wine,"ADD(alcalinity_of_ash,magnesium)",0.0,-0.006298039212889875,0.007519524451030183,0,164,201
wine,"SUB(alcalinity_of_ash,magnesium)",0.0,-0.006325093581947513,0.007489157791802565,0,165,208
wine,"MUL(alcalinity_of_ash,magnesium)",0.0,-0.005653269621631786,0.007318370121195919,0,166,145
wine,"DIV(alcalinity_of_ash,magnesium)",0.0,-0.006325093581947513,0.007489157791802565,0,167,209
wine,"ADD(alcalinity_of_ash,total_phenols)",0.0,-0.005998501591362032,0.007522841587791624,0,168,171
wine,"SUB(alcalinity_of_ash,total_phenols)",0.0,-0.005983465275368433,0.0074254946737667945,0,169,165
wine,"MUL(alcalinity_of_ash,total_phenols)",0.0,-0.005482540447294883,0.007287349011381214,0,170,126
wine,"DIV(alcalinity_of_ash,total_phenols)",0.0,-0.005983465275368433,0.0074254946737667945,0,171,164
wine,"ADD(alcalinity_of_ash,flavanoids)",0.0,-0.005940362056478311,0.007524043090734783,0,172,161
wine,"SUB(alcalinity_of_ash,flavanoids)",0.0,-0.005925325740484713,0.007426594213872806,0,145,160
wine,"MUL(alcalinity_of_ash,flavanoids)",0.0,-0.005482540447294883,0.007287349011381214,0,146,127
wine,"DIV(alcalinity_of_ash,flavanoids)",0.0,-0.005925325740484713,0.007426594213872806,0,147,159
wine,"ADD(alcalinity_of_ash,nonflavanoid_phenols)",0.0,-0.006595553966687927,0.006920198340790041,0,148,263
wine,"SUB(alcalinity_of_ash,nonflavanoid_phenols)",0.0,-0.0065514478832524705,0.006831153527455426,0,149,262
wine,"MUL(alcalinity_of_ash,nonflavanoid_phenols)",-0.037037037037037,-0.006134426391813757,0.006615793430291351,0,346,185
wine,"DIV(alcalinity_of_ash,nonflavanoid_phenols)",-0.037037037037037,-0.0065514478832524705,0.006831153527455426,0,347,261
wine,"ADD(alcalinity_of_ash,proanthocyanins)",0.0,-0.00651370155826109,0.006807343543465589,0,150,251
wine,"SUB(alcalinity_of_ash,proanthocyanins)",0.0,-0.006498665242267494,0.0067007645185380785,0,151,249
wine,"MUL(alcalinity_of_ash,proanthocyanins)",0.0,-0.005958980724271462,0.00657619919746848,0,152,162
wine,"DIV(alcalinity_of_ash,proanthocyanins)",0.0,-0.006498665242267494,0.0067007645185380785,0,153,248
wine,"ADD(alcalinity_of_ash,color_intensity)",0.0,-0.005911130117238487,0.007594245009206258,0,154,158
wine,"SUB(alcalinity_of_ash,color_intensity)",0.0,-0.0058069581558477775,0.007577014757506882,0,155,154
wine,"MUL(alcalinity_of_ash,color_intensity)",-0.037037037037037,-0.0053447930176967065,0.007422226316141694,0,348,125
wine,"DIV(alcalinity_of_ash,color_intensity)",0.0,-0.0058069581558477775,0.007577014757506882,0,156,153
wine,"ADD(alcalinity_of_ash,hue)",0.0,-0.006027571358803893,0.0075108295605034086,0,157,172
wine,"SUB(alcalinity_of_ash,hue)",0.0,-0.005983465275368433,0.0074254946737667945,0,130,168
wine,"MUL(alcalinity_of_ash,hue)",0.0,-0.005482540447294883,0.007287349011381214,0,131,129
wine,"DIV(alcalinity_of_ash,hue)",0.0,-0.005983465275368433,0.0074254946737667945,0,132,167
wine,"ADD(alcalinity_of_ash,od280/od315_of_diluted_wines)",0.0,-0.005998501591362032,0.007522841587791624,0,133,170
wine,"SUB(alcalinity_of_ash,od280/od315_of_diluted_wines)",0.0,-0.005983465275368433,0.0074254946737667945,0,134,163
wine,"MUL(alcalinity_of_ash,od280/od315_of_diluted_wines)",0.0,-0.005482540447294883,0.007287349011381214,0,135,128
wine,"DIV(alcalinity_of_ash,od280/od315_of_diluted_wines)",0.0,-0.005983465275368433,0.0074254946737667945,0,136,166
wine,"ADD(alcalinity_of_ash,proline)",0.0,-0.006849232647516318,0.007545398200546508,0,137,296
wine,"SUB(alcalinity_of_ash,proline)",0.0,-0.00681481648656148,0.007467794793257417,0,138,287
wine,"MUL(alcalinity_of_ash,proline)",-0.037037037037037,-0.006113446904244562,0.007400934153652343,0,352,182
wine,"DIV(alcalinity_of_ash,proline)",0.0,-0.00681481648656148,0.007467794793257417,0,139,288
wine,"ADD(magnesium,total_phenols)",0.0,-0.00344077407100542,0.006375707951115259,0,140,24
wine,"SUB(magnesium,total_phenols)",0.0,-0.0032730493567779983,0.0062144870707622705,0,141,13
wine,"MUL(magnesium,total_phenols)",0.0,-0.003622726702223815,0.006212884053373887,0,142,34
wine,"DIV(magnesium,total_phenols)",0.0,-0.0032730493567779983,0.0062144870707622705,0,143,16
wine,"ADD(flavanoids,magnesium)",0.0,-0.00344077407100542,0.006375707951115259,0,144,23
wine,"SUB(magnesium,flavanoids)",0.0,-0.0032730493567779983,0.0062144870707622705,0,114,15
wine,"MUL(flavanoids,magnesium)",0.0,-0.003622726702223815,0.006212884053373887,0,115,35
wine,"DIV(magnesium,flavanoids)",0.0,-0.0032730493567779983,0.0062144870707622705,0,116,14
wine,"ADD(magnesium,nonflavanoid_phenols)",0.0,-0.004190635185000079,0.006112455733145954,0,117,66
wine,"SUB(magnesium,nonflavanoid_phenols)",0.0,-0.004022910470772659,0.005965220301592904,0,118,59
wine,"MUL(magnesium,nonflavanoid_phenols)",0.0,-0.0042052895843990665,0.005803229911079991,0,119,67
wine,"DIV(magnesium,nonflavanoid_phenols)",0.0,-0.004022910470772659,0.005965220301592904,0,120,60
wine,"ADD(magnesium,proanthocyanins)",0.0,-0.003907524425501379,0.005729812532394461,0,121,54
wine,"SUB(magnesium,proanthocyanins)",0.0,-0.003739799711273959,0.005563948280743479,0,122,43
wine,"MUL(magnesium,proanthocyanins)",0.0,-0.004089477056719774,0.005532736676265417,0,123,65
wine,"DIV(magnesium,proanthocyanins)",0.0,-0.003739799711273959,0.005563948280743479,0,124,42
wine,"ADD(color_intensity,magnesium)",0.0,-0.0032750545350361663,0.006416824712741028,0,125,17
wine,"SUB(magnesium,color_intensity)",0.0,-0.003180984873086052,0.006386031650782356,0,126,10
wine,"MUL(color_intensity,magnesium)",0.0,-0.00368570097822179,0.006431142480228805,0,127,37
wine,"DIV(magnesium,color_intensity)",0.0,-0.003180984873086052,0.006386031650782356,0,128,9
wine,"ADD(hue,magnesium)",0.0,-0.003644262443098444,0.00646088875223922,0,129,36
wine,"SUB(magnesium,hue)",0.0,-0.003476537728871023,0.006307260990452512,0,98,25
wine,"MUL(hue,magnesium)",0.0,-0.003622726702223815,0.006212884053373887,0,99,33
wine,"DIV(magnesium,hue)",0.0,-0.003476537728871023,0.006307260990452512,0,100,26
wine,"ADD(magnesium,od280/od315_of_diluted_wines)",0.0,-0.00344077407100542,0.006375707951115259,0,101,22
wine,"SUB(magnesium,od280/od315_of_diluted_wines)",0.0,-0.0032730493567779983,0.0062144870707622705,0,102,12
wine,"MUL(magnesium,od280/od315_of_diluted_wines)",0.0,-0.003622726702223815,0.006212884053373887,0,103,32
wine,"DIV(magnesium,od280/od315_of_diluted_wines)",0.0,-0.0032730493567779983,0.0062144870707622705,0,104,11
wine,"ADD(magnesium,proline)",0.0,-0.003606083421903142,0.006550381411178368,0,105,31
wine,"SUB(magnesium,proline)",0.0,-0.003777505994497428,0.006500805267417549,0,106,44
wine,"MUL(magnesium,proline)",0.0,-0.005490278578038485,0.006589531659205499,0,107,130
wine,"DIV(magnesium,proline)",0.0,-0.003777505994497428,0.006500805267417549,0,108,45
wine,"ADD(flavanoids,total_phenols)",0.0,-0.006204761996199916,0.007499354070677997,0,109,187
wine,"SUB(total_phenols,flavanoids)",0.0,-0.006211043509663683,0.007414642627607177,0,110,189
wine,"MUL(flavanoids,total_phenols)",0.0,-0.005717804746026634,0.007363318806632729,0,111,149
wine,"DIV(total_phenols,flavanoids)",0.0,-0.006211043509663683,0.007414642627607177,0,112,188
wine,"ADD(nonflavanoid_phenols,total_phenols)",0.0,-0.006892378207386525,0.0068860118368680185,0,113,307
wine,"SUB(total_phenols,nonflavanoid_phenols)",0.0,-0.006869589953408433,0.006810019371083448,0,82,305
wine,"MUL(nonflavanoid_phenols,total_phenols)",0.0,-0.006413212999773308,0.006715057529794605,0,83,226
wine,"DIV(total_phenols,nonflavanoid_phenols)",0.0,-0.006869589953408433,0.006810019371083448,0,84,304
wine,"ADD(proanthocyanins,total_phenols)",0.0,-0.006810525798959689,0.0067761738184861624,0,85,283
wine,"SUB(total_phenols,proanthocyanins)",0.0,-0.006816807312423457,0.006681731452932419,0,86,290
wine,"MUL(proanthocyanins,total_phenols)",0.0,-0.006257147177192252,0.006659596791238925,0,87,190
wine,"DIV(total_phenols,proanthocyanins)",0.0,-0.006816807312423457,0.006681731452932419,0,88,291
wine,"ADD(color_intensity,total_phenols)",0.0,-0.006407343696774712,0.0076210254575185205,0,89,225
wine,"SUB(total_phenols,color_intensity)",0.0,-0.006371001192748344,0.007626353491837437,0,90,221
wine,"MUL(color_intensity,total_phenols)",0.0,-0.0058888604373621015,0.007573728127056978,0,91,157
wine,"DIV(total_phenols,color_intensity)",0.0,-0.006371001192748344,0.007626353491837437,0,92,222
wine,"ADD(hue,total_phenols)",0.0,-0.006291971298525496,0.007483016201007239,0,93,200
wine,"SUB(total_phenols,hue)",0.0,-0.006269183044547404,0.007411300279392499,0,94,196
wine,"MUL(hue,total_phenols)",0.0,-0.005698424901065393,0.007383415489247372,0,95,146
wine,"DIV(total_phenols,hue)",0.0,-0.006269183044547404,0.007411300279392499,0,96,195
wine,"ADD(od280/od315_of_diluted_wines,total_phenols)",0.0,-0.006262901531083637,0.007496098213212712,0,97,193
wine,"SUB(total_phenols,od280/od315_of_diluted_wines)",0.0,-0.006269183044547404,0.007411300279392499,0,68,194
wine,"MUL(od280/od315_of_diluted_wines,total_phenols)",0.0,-0.005717804746026634,0.007363318806632729,0,69,148
wine,"DIV(total_phenols,od280/od315_of_diluted_wines)",0.0,-0.006269183044547404,0.007411300279392499,0,70,197
wine,"ADD(proline,total_phenols)",0.0,-0.007167151653409131,0.007541253207746602,0,71,333
wine,"SUB(total_phenols,proline)",0.0,-0.007086223864547317,0.007480373570672878,0,72,325
wine,"MUL(proline,total_phenols)",0.0,-0.0064734057967781745,0.007541462455208656,0,73,241
wine,"DIV(total_phenols,proline)",-0.074074074074074,-0.007086223864547317,0.007480373570672878,0,361,326
wine,"ADD(flavanoids,nonflavanoid_phenols)",0.0,-0.007369135734065713,0.005973548437822883,0,74,345
wine,"SUB(flavanoids,nonflavanoid_phenols)",0.0,-0.007399642053731032,0.005870704788150834,0,75,354
wine,"MUL(flavanoids,nonflavanoid_phenols)",0.0,-0.006984260431576153,0.005807290082919308,0,76,321
wine,"DIV(flavanoids,nonflavanoid_phenols)",0.0,-0.007399642053731032,0.005870704788150834,0,77,353
wine,"ADD(flavanoids,proanthocyanins)",0.0,-0.0072967895247151296,0.006117817534399982,0,78,340
wine,"SUB(flavanoids,proanthocyanins)",0.0,-0.007356365611822308,0.005996345457033693,0,79,342
wine,"MUL(flavanoids,proanthocyanins)",0.0,-0.00683770080807135,0.006028002205804179,0,80,294
wine,"DIV(flavanoids,proanthocyanins)",0.0,-0.007356365611822308,0.005996345457033693,0,81,343
wine,"ADD(color_intensity,flavanoids)",-0.037037037037037,-0.007109496487804303,0.0059855361509824675,0,354,329
wine,"SUB(flavanoids,color_intensity)",0.0,-0.007126448557421346,0.005982390577893382,0,55,330
wine,"MUL(color_intensity,flavanoids)",0.0,-0.00667561321103473,0.005983316731100533,0,56,272
wine,"DIV(flavanoids,color_intensity)",0.0,-0.007126448557421346,0.005982390577893382,0,57,331
wine,"ADD(flavanoids,hue)",0.0,-0.006824392616598296,0.006845284835660488,0,58,293
wine,"SUB(flavanoids,hue)",0.0,-0.006854898936263613,0.006758184258162696,0,59,300
wine,"MUL(flavanoids,hue)",0.0,-0.006325136124261851,0.006785510715464293,0,60,210
wine,"DIV(flavanoids,hue)",0.0,-0.006854898936263613,0.006758184258162696,0,61,299
wine,"ADD(flavanoids,od280/od315_of_diluted_wines)",0.0,-0.006795322849156436,0.006861839124222649,0,62,282
wine,"SUB(flavanoids,od280/od315_of_diluted_wines)",0.0,-0.006854898936263613,0.006758184258162696,0,63,298
wine,"MUL(flavanoids,od280/od315_of_diluted_wines)",-0.037037037037037,-0.006344515969223091,0.006761841768205753,0,355,214
wine,"DIV(flavanoids,od280/od315_of_diluted_wines)",0.0,-0.006854898936263613,0.006758184258162696,0,64,297
wine,"ADD(flavanoids,proline)",-0.037037037037037,-0.00786930444443872,0.005792245797540573,0,356,364
wine,"SUB(flavanoids,proline)",0.0,-0.007841671229220318,0.005701148308516258,0,65,363
wine,"MUL(flavanoids,proline)",0.0,-0.007161875071004509,0.005867771929561584,0,66,332
wine,"DIV(flavanoids,proline)",-0.037037037037037,-0.007841671229220318,0.005701148308516258,0,353,362
wine,"ADD(nonflavanoid_phenols,proanthocyanins)",0.0,-0.007364116468667343,0.006070130662347315,0,67,344
wine,"SUB(nonflavanoid_phenols,proanthocyanins)",0.0,-0.007220204183681499,0.00601948218893381,0,39,336
wine,"MUL(nonflavanoid_phenols,proanthocyanins)",0.0,-0.00628122932047781,0.0058872047126694565,0,40,198
wine,"DIV(nonflavanoid_phenols,proanthocyanins)",0.0,-0.007220204183681499,0.00601948218893381,0,41,337
wine,"ADD(color_intensity,nonflavanoid_phenols)",0.0,-0.006912484754079265,0.007041587354869152,0,42,309
wine,"SUB(nonflavanoid_phenols,color_intensity)",0.0,-0.006725948451603285,0.007086541446532128,0,43,276
wine,"MUL(color_intensity,nonflavanoid_phenols)",0.0,-0.0058548030457639365,0.006906241819665708,0,44,155
wine,"DIV(nonflavanoid_phenols,color_intensity)",0.0,-0.006725948451603285,0.007086541446532128,0,45,275
wine,"ADD(hue,nonflavanoid_phenols)",0.0,-0.006845561968233152,0.006891996805753687,0,46,295
wine,"SUB(nonflavanoid_phenols,hue)",0.0,-0.006672579915805447,0.006852577783409742,0,47,270
wine,"MUL(hue,nonflavanoid_phenols)",0.0,-0.00576126673427343,0.0066862575373264465,0,48,151
wine,"DIV(nonflavanoid_phenols,hue)",0.0,-0.006672579915805447,0.006852577783409742,0,49,268
wine,"ADD(nonflavanoid_phenols,od280/od315_of_diluted_wines)",0.0,-0.006816492200791291,0.006908528239224756,0,50,289
wine,"SUB(nonflavanoid_phenols,od280/od315_of_diluted_wines)",0.0,-0.006672579915805447,0.006852577783409742,0,51,269
wine,"MUL(nonflavanoid_phenols,od280/od315_of_diluted_wines)",0.0,-0.00574188688931219,0.0066748326419861165,0,52,150
wine,"DIV(nonflavanoid_phenols,od280/od315_of_diluted_wines)",0.0,-0.006672579915805447,0.006852577783409742,0,53,271
wine,"ADD(nonflavanoid_phenols,proline)",0.0,-0.007667447749473374,0.006896648113917098,0,54,358
wine,"SUB(nonflavanoid_phenols,proline)",0.0,-0.0073975664722394675,0.006898190621801748,0,26,352
wine,"MUL(nonflavanoid_phenols,proline)",0.0,-0.006467033897981781,0.00688264422114286,0,27,238
wine,"DIV(nonflavanoid_phenols,proline)",-0.074074074074074,-0.0073975664722394675,0.006898190621801748,0,364,351
wine,"ADD(color_intensity,proanthocyanins)",0.0,-0.007017943521126364,0.006013690277470897,0,28,322
wine,"SUB(proanthocyanins,color_intensity)",0.0,-0.006962221172138755,0.006049617981003474,0,29,314
wine,"MUL(color_intensity,proanthocyanins)",-0.037037037037037,-0.006343013750795532,0.006025915300595169,0,357,213
wine,"DIV(proanthocyanins,color_intensity)",0.0,-0.006962221172138755,0.006049617981003474,0,30,315
wine,"ADD(hue,proanthocyanins)",0.0,-0.0068240463856953475,0.006587583706444154,0,31,292
wine,"SUB(proanthocyanins,hue)",0.0,-0.006781878286756015,0.006530937643063852,0,32,280
wine,"MUL(hue,proanthocyanins)",-0.037037037037037,-0.006083743399797642,0.006535238871895833,0,351,175
wine,"DIV(proanthocyanins,hue)",0.0,-0.006781878286756015,0.006530937643063852,0,33,278
wine,"ADD(od280/od315_of_diluted_wines,proanthocyanins)",0.0,-0.006794976618253487,0.006604782407096683,0,34,281
wine,"SUB(proanthocyanins,od280/od315_of_diluted_wines)",0.0,-0.006781878286756015,0.006530937643063852,0,35,277
wine,"MUL(od280/od315_of_diluted_wines,proanthocyanins)",0.0,-0.006103123244758883,0.006511378644224216,0,36,177
wine,"DIV(proanthocyanins,od280/od315_of_diluted_wines)",0.0,-0.006781878286756015,0.006530937643063852,0,37,279
wine,"ADD(proanthocyanins,proline)",0.0,-0.007806821245202644,0.005815337523485544,0,38,361
wine,"SUB(proanthocyanins,proline)",0.0,-0.00766775392145711,0.005786969559776425,0,329,359
wine,"MUL(proanthocyanins,proline)",0.0,-0.006964934525493996,0.005920052510704879,0,330,316
wine,"DIV(proanthocyanins,proline)",-0.074074074074074,-0.00766775392145711,0.005786969559776425,0,359,360
wine,"ADD(color_intensity,hue)",0.0,-0.004918263971465011,0.006072073539114685,0,331,101
wine,"SUB(color_intensity,hue)",0.0,-0.004990849334756971,0.006017216169591558,0,332,105
wine,"MUL(color_intensity,hue)",0.0,-0.0052405179639989355,0.005933212026548642,0,333,121
wine,"DIV(color_intensity,hue)",0.0,-0.004990849334756971,0.006017216169591558,0,334,106
wine,"ADD(color_intensity,od280/od315_of_diluted_wines)",0.0,-0.004627566297046405,0.00602202808091861,0,335,78
wine,"SUB(color_intensity,od280/od315_of_diluted_wines)",0.0,-0.004729221427780227,0.0059614374910915546,0,336,86
wine,"MUL(color_intensity,od280/od315_of_diluted_wines)",0.0,-0.005259897808960175,0.005909686357509062,0,337,122
wine,"DIV(color_intensity,od280/od315_of_diluted_wines)",0.0,-0.004729221427780227,0.0059614374910915546,0,338,87
wine,"ADD(color_intensity,proline)",0.0,-0.004690821646651309,0.005239204541428782,0,339,85
wine,"SUB(color_intensity,proline)",0.0,-0.005218833366532416,0.005202071191179625,0,340,119
wine,"MUL(color_intensity,proline)",0.0,-0.007545628117998879,0.004828386058721168,0,341,356
wine,"DIV(color_intensity,proline)",0.0,-0.005218833366532416,0.005202071191179625,0,342,120
wine,"ADD(hue,od280/od315_of_diluted_wines)",0.0,-0.0064738441840995154,0.0075146498639298755,0,343,242
wine,"SUB(hue,od280/od315_of_diluted_wines)",0.0,-0.006460745852602042,0.007449264784648305,0,313,233
wine,"MUL(hue,od280/od315_of_diluted_wines)",0.0,-0.005705207846801828,0.007354198976656619,0,11,147
wine,"DIV(hue,od280/od315_of_diluted_wines)",0.0,-0.006460745852602042,0.007449264784648305,0,10,234
wine,"ADD(hue,proline)",0.0,-0.007353869500223459,0.0075428324562434555,0,9,341
wine,"SUB(hue,proline)",0.0,-0.007253561866400404,0.007505272202101518,0,8,339
wine,"MUL(hue,proline)",0.0,-0.006449734700432658,0.007530287147366906,0,7,229
wine,"DIV(hue,proline)",0.0,-0.007253561866400404,0.007505272202101518,0,6,338
wine,"ADD(od280/od315_of_diluted_wines,proline)",0.0,-0.007430441949379838,0.00662503381038804,0,5,355
wine,"SUB(od280/od315_of_diluted_wines,proline)",0.0,-0.007393118811680815,0.006538853306035595,0,4,349
wine,"MUL(od280/od315_of_diluted_wines,proline)",0.0,-0.006722161209027951,0.0066452537239599895,0,3,274
wine,"DIV(od280/od315_of_diluted_wines,proline)",-0.037037037037037,-0.007393118811680815,0.006538853306035595,0,349,350
breast_cancer,LOG(mean radius),-0.0116279069767442,-2.4148609719688746e-05,0.0016281923238835841,0,859,38
breast_cancer,SQRT(mean radius),-0.0116279069767442,-2.4148609719688746e-05,0.0016281923238835841,0,860,39
breast_cancer,SQUARE(mean radius),-0.0116279069767442,-2.4148609719688746e-05,0.0016281923238835841,0,861,40
breast_cancer,ABS(mean radius),-0.0116279069767442,-2.4148609719688746e-05,0.0016281923238835841,0,862,41
breast_cancer,LOG(mean texture),-0.0116279069767442,-2.4148609719688746e-05,0.0016281923238835841,0,863,42
breast_cancer,SQRT(mean texture),0.0,-2.4148609719688746e-05,0.0016281923238835841,0,582,43
breast_cancer,SQUARE(mean texture),-0.0116279069767442,-2.4148609719688746e-05,0.0016281923238835841,0,835,44
breast_cancer,ABS(mean texture),-0.0116279069767442,-2.4148609719688746e-05,0.0016281923238835841,0,608,13
breast_cancer,LOG(mean perimeter),-0.0116279069767442,-2.4148609719688746e-05,0.0016281923238835841,0,607,14
breast_cancer,SQRT(mean perimeter),-0.0116279069767442,-2.4148609719688746e-05,0.0016281923238835841,0,606,15
breast_cancer,SQUARE(mean perimeter),-0.0116279069767442,-2.4148609719688746e-05,0.0016281923238835841,0,605,16
breast_cancer,ABS(mean perimeter),-0.0116279069767442,-2.4148609719688746e-05,0.0016281923238835841,0,604,17
breast_cancer,LOG(mean area),-0.0116279069767442,-2.4148609719688746e-05,0.0016281923238835841,0,603,18
breast_cancer,SQRT(mean area),-0.0116279069767442,-2.4148609719688746e-05,0.0016281923238835841,0,602,19
breast_cancer,SQUARE(mean area),0.0,-2.4148609719688746e-05,0.0016281923238835841,0,583,20
breast_cancer,ABS(mean area),0.0,-2.4148609719688746e-05,0.0016281923238835841,0,584,5
breast_cancer,LOG(mean smoothness),0.0,-0.006830518193260253,0.011683334860936605,0,1,647
breast_cancer,SQRT(mean smoothness),0.0,-0.006830518193260253,0.011683334860936605,0,2,648
breast_cancer,SQUARE(mean smoothness),-0.0116279069767442,-0.006832583159394302,0.01168215623074188,0,597,650
breast_cancer,ABS(mean smoothness),-0.0116279069767442,-0.006830763021976066,0.01168319223444776,0,836,649
breast_cancer,LOG(mean compactness),-0.0116279069767442,-0.007594617416306562,0.01227443474787918,0,837,699
breast_cancer,SQRT(mean compactness),0.0,-0.007594617416306562,0.01227443474787918,0,3,692
breast_cancer,SQUARE(mean compactness),-0.0116279069767442,-0.007596682382440609,0.012273184323092014,0,838,721
breast_cancer,ABS(mean compactness),0.0,-0.007594862245022375,0.012274283748853322,0,4,715
breast_cancer,LOG(mean concavity),0.0,-0.007594617416306562,0.01227443474787918,0,5,695
breast_cancer,SQRT(mean concavity),-0.0116279069767442,-0.007594617416306562,0.01227443474787918,0,839,698
breast_cancer,SQUARE(mean concavity),-0.0116279069767442,-0.007596682382440609,0.012273184323092014,0,840,722
breast_cancer,ABS(mean concavity),-0.0116279069767442,-0.007594862245022375,0.012274283748853322,0,841,716
breast_cancer,LOG(mean concave points),0.0,-0.007594617416306562,0.01227443474787918,0,6,697
breast_cancer,SQRT(mean concave points),0.0,-0.007594617416306562,0.01227443474787918,0,7,693
breast_cancer,SQUARE(mean concave points),-0.0116279069767442,-0.007596682382440609,0.012273184323092014,0,842,723
breast_cancer,ABS(mean concave points),-0.0116279069767442,-0.007594862245022375,0.012274283748853322,0,843,714
breast_cancer,LOG(mean symmetry),-0.0116279069767442,-0.007594617416306562,0.01227443474787918,0,609,694
breast_cancer,SQRT(mean symmetry),-0.0116279069767442,-0.007594617416306562,0.01227443474787918,0,610,696
breast_cancer,SQUARE(mean symmetry),0.0,-0.007596682382440609,0.012273184323092014,0,33,724
breast_cancer,ABS(mean symmetry),0.0,-0.007594862245022375,0.012274283748853322,0,34,713
breast_cancer,LOG(mean fractal dimension),0.0,-0.0073643723336167324,0.012370326080133096,0,35,681
breast_cancer,SQRT(mean fractal dimension),0.0,-0.0073643723336167324,0.012370326080133096,0,36,682
breast_cancer,SQUARE(mean fractal dimension),-0.0116279069767442,-0.00736643729975078,0.012369123787644183,0,611,687
breast_cancer,ABS(mean fractal dimension),0.0,-0.007364617162332545,0.01237018080860008,0,37,686
breast_cancer,LOG(radius error),-0.0116279069767442,-0.009113275531699357,0.013178343958715073,0,612,776
breast_cancer,SQRT(radius error),0.0,-0.009113275531699357,0.013178343958715073,0,38,777
breast_cancer,SQUARE(radius error),0.0,-0.009115340497833406,0.013176941321402867,0,39,779
breast_cancer,ABS(radius error),0.0,-0.00911352036041517,0.013178175102774681,0,40,778
breast_cancer,LOG(texture error),0.0,-0.010690681871412913,0.012923342547868739,0,41,858
breast_cancer,SQRT(texture error),0.0,-0.010690681871412913,0.012923342547868739,0,42,859
breast_cancer,SQUARE(texture error),-0.0116279069767442,-0.010692502008831149,0.012921862282832817,0,613,861
breast_cancer,ABS(texture error),-0.0116279069767442,-0.010690681871412913,0.012923342547868739,0,614,860
breast_cancer,LOG(perimeter error),-0.0116279069767442,-2.4148609719688746e-05,0.0016281923238835841,0,823,10
breast_cancer,SQRT(perimeter error),0.0,-2.4148609719688746e-05,0.0016281923238835841,0,78,11
breast_cancer,SQUARE(perimeter error),0.0,-2.4148609719688746e-05,0.0016281923238835841,0,79,12
breast_cancer,ABS(perimeter error),0.0,-2.4148609719688746e-05,0.0016281923238835841,0,80,9
breast_cancer,LOG(area error),0.0,-2.4148609719688746e-05,0.0016281923238835841,0,81,6
breast_cancer,SQRT(area error),0.0,-2.4148609719688746e-05,0.0016281923238835841,0,82,7
breast_cancer,SQUARE(area error),0.0,-2.4148609719688746e-05,0.0016281923238835841,0,83,8
breast_cancer,ABS(area error),0.0,-2.4148609719688746e-05,0.0016281923238835841,0,84,21
breast_cancer,LOG(smoothness error),0.0,-0.005349346809933022,0.01356795541795356,0,85,489
breast_cancer,SQRT(smoothness error),-0.0116279069767442,-0.005349346809933022,0.01356795541795356,0,824,488
breast_cancer,SQUARE(smoothness error),-0.0232558139534883,-0.0053514117760670695,0.01356716595637243,0,867,498
breast_cancer,ABS(smoothness error),-0.0116279069767442,-0.005349591638648835,0.013567859330212496,0,825,495
breast_cancer,LOG(compactness error),-0.0116279069767442,-0.0073643723336167324,0.012370326080133096,0,826,684
breast_cancer,SQRT(compactness error),0.0,-0.0073643723336167324,0.012370326080133096,0,86,683
breast_cancer,SQUARE(compactness error),-0.0116279069767442,-0.00736643729975078,0.012369123787644183,0,827,688
breast_cancer,ABS(compactness error),-0.0116279069767442,-0.007364617162332545,0.01237018080860008,0,828,685
breast_cancer,LOG(concavity error),-0.0116279069767442,-0.007594617416306562,0.01227443474787918,0,810,700
breast_cancer,SQRT(concavity error),0.0,-0.007594617416306562,0.01227443474787918,0,107,706
breast_cancer,SQUARE(concavity error),0.0,-0.007596682382440609,0.012273184323092014,0,108,718
breast_cancer,ABS(concavity error),-0.0116279069767442,-0.007594862245022375,0.012274283748853322,0,811,709
breast_cancer,LOG(concave points error),0.0,-0.005349346809933022,0.01356795541795356,0,109,490
breast_cancer,SQRT(concave points error),0.0,-0.005349346809933022,0.01356795541795356,0,110,487
breast_cancer,SQUARE(concave points error),-0.0116279069767442,-0.0053514117760670695,0.01356716595637243,0,812,500
breast_cancer,ABS(concave points error),-0.0116279069767442,-0.005349591638648835,0.013567859330212496,0,813,497
breast_cancer,LOG(symmetry error),0.0,-0.005349346809933022,0.01356795541795356,0,111,491
breast_cancer,SQRT(symmetry error),-0.0116279069767442,-0.005349346809933022,0.01356795541795356,0,814,492
breast_cancer,SQUARE(symmetry error),-0.0116279069767442,-0.0053514117760670695,0.01356716595637243,0,815,499
breast_cancer,ABS(symmetry error),-0.0116279069767442,-0.005349591638648835,0.013567859330212496,0,816,496
breast_cancer,LOG(fractal dimension error),-0.0116279069767442,-0.005349346809933022,0.01356795541795356,0,817,486
breast_cancer,SQRT(fractal dimension error),0.0,-0.005349346809933022,0.01356795541795356,0,112,493
breast_cancer,SQUARE(fractal dimension error),-0.0116279069767442,-0.0053514117760670695,0.01356716595637243,0,818,501
breast_cancer,ABS(fractal dimension error),-0.0116279069767442,-0.005349591638648835,0.013567859330212496,0,819,494
breast_cancer,LOG(worst radius),-0.0232558139534883,-2.4148609719688746e-05,0.0016281923238835841,0,874,22
breast_cancer,SQRT(worst radius),-0.0116279069767442,-2.4148609719688746e-05,0.0016281923238835841,0,795,23
breast_cancer,SQUARE(worst radius),0.0,-2.4148609719688746e-05,0.0016281923238835841,0,113,24
breast_cancer,ABS(worst radius),-0.0116279069767442,-2.4148609719688746e-05,0.0016281923238835841,0,796,25
breast_cancer,LOG(worst texture),-0.0116279069767442,-2.4148609719688746e-05,0.0016281923238835841,0,797,26
breast_cancer,SQRT(worst texture),0.0,-2.4148609719688746e-05,0.0016281923238835841,0,114,27
breast_cancer,SQUARE(worst texture),0.0,-2.4148609719688746e-05,0.0016281923238835841,0,115,28
breast_cancer,ABS(worst texture),0.0,-2.4148609719688746e-05,0.0016281923238835841,0,116,29
breast_cancer,LOG(worst perimeter),-0.0232558139534883,-2.4148609719688746e-05,0.0016281923238835841,0,873,30
breast_cancer,SQRT(worst perimeter),-0.0116279069767442,-2.4148609719688746e-05,0.0016281923238835841,0,798,31
breast_cancer,SQUARE(worst perimeter),0.0,-2.4148609719688746e-05,0.0016281923238835841,0,117,32
breast_cancer,ABS(worst perimeter),0.0,-2.4148609719688746e-05,0.0016281923238835841,0,118,33
breast_cancer,LOG(worst area),-0.0232558139534883,-2.4148609719688746e-05,0.0016281923238835841,0,872,34
breast_cancer,SQRT(worst area),0.0,-2.4148609719688746e-05,0.0016281923238835841,0,119,35
breast_cancer,SQUARE(worst area),0.0,-2.4148609719688746e-05,0.0016281923238835841,0,120,36
breast_cancer,ABS(worst area),0.0,-2.4148609719688746e-05,0.0016281923238835841,0,121,37
breast_cancer,LOG(worst smoothness),0.0,-0.006838444576800389,0.011678159209398539,0,142,652
breast_cancer,SQRT(worst smoothness),0.0,-0.006838444576800389,0.011678159209398539,0,143,651
breast_cancer,SQUARE(worst smoothness),-0.0116279069767442,-0.006840509542934438,0.01167697865508532,0,782,654
breast_cancer,ABS(worst smoothness),-0.0116279069767442,-0.006838689405516202,0.01167801635352215,0,783,653
breast_cancer,LOG(worst compactness),0.0,-0.007594757013180836,0.012274348214601624,0,144,707
breast_cancer,SQRT(worst compactness),0.0,-0.007594757013180836,0.012274348214601624,0,145,708
breast_cancer,SQUARE(worst compactness),0.0,-0.007596821979314884,0.012273097757510794,0,146,726
breast_cancer,ABS(worst compactness),0.0,-0.007595001841896649,0.012274197211726703,0,147,717
breast_cancer,LOG(worst concavity),0.0,-0.007965127383551205,0.012594209982018913,0,148,738
breast_cancer,SQRT(worst concavity),0.0,-0.007965127383551205,0.012594209982018913,0,149,739
breast_cancer,SQUARE(worst concavity),0.0,-0.007967192349685254,0.012592930554035594,0,150,741
breast_cancer,ABS(worst concavity),0.0,-0.007965372212267018,0.012594055614282713,0,151,740
breast_cancer,LOG(worst concave points),0.0,-0.007594617416306562,0.01227443474787918,0,152,704
breast_cancer,SQRT(worst concave points),0.0,-0.007594617416306562,0.01227443474787918,0,153,703
breast_cancer,SQUARE(worst concave points),0.0,-0.007596682382440609,0.012273184323092014,0,154,720
breast_cancer,ABS(worst concave points),0.0,-0.007594862245022375,0.012274283748853322,0,155,711
breast_cancer,LOG(worst symmetry),0.0,-0.007594617416306562,0.01227443474787918,0,206,701
breast_cancer,SQRT(worst symmetry),0.0,-0.007594617416306562,0.01227443474787918,0,207,702
breast_cancer,SQUARE(worst symmetry),-0.0116279069767442,-0.007596682382440609,0.012273184323092014,0,766,725
breast_cancer,ABS(worst symmetry),0.0,-0.007594862245022375,0.012274283748853322,0,208,710
breast_cancer,LOG(worst fractal dimension),0.0,-0.007594617416306562,0.01227443474787918,0,209,705
breast_cancer,SQRT(worst fractal dimension),0.0,-0.007594617416306562,0.01227443474787918,0,210,691
breast_cancer,SQUARE(worst fractal dimension),0.0,-0.007596682382440609,0.012273184323092014,0,211,719
breast_cancer,ABS(worst fractal dimension),0.0,-0.007594862245022375,0.012274283748853322,0,212,712
breast_cancer,"ADD(mean radius,mean texture)",-0.0116279069767442,0.0,0.0,0,767,3
breast_cancer,"SUB(mean radius,mean texture)",0.0,0.0,0.0,0,213,2
breast_cancer,"MUL(mean radius,mean texture)",0.0,0.0,0.0,0,214,1
breast_cancer,"DIV(mean radius,mean texture)",-0.0116279069767442,0.0,0.0,0,768,4
breast_cancer,"ADD(mean perimeter,mean radius)",0.0,-9.25925925925925e-05,0.0013061792573764762,0,215,80
breast_cancer,"SUB(mean radius,mean perimeter)",0.0,-9.25925925925925e-05,0.0013061792573764762,0,216,81
breast_cancer,"MUL(mean perimeter,mean radius)",-0.0116279069767442,-0.00015432098765432085,0.0015661869699216324,0,769,224
breast_cancer,"DIV(mean radius,mean perimeter)",0.0,-9.25925925925925e-05,0.0013061792573764762,0,217,77
breast_cancer,"ADD(mean area,mean radius)",0.0,-9.25925925925925e-05,0.0013061792573764762,0,252,66
breast_cancer,"SUB(mean radius,mean area)",0.0,-9.25925925925925e-05,0.0013061792573764762,0,253,82
breast_cancer,"MUL(mean area,mean radius)",-0.0116279069767442,-0.00015432098765432085,0.0015661869699216324,0,753,225
breast_cancer,"DIV(mean radius,mean area)",0.0,-9.25925925925925e-05,0.0013061792573764762,0,254,83
breast_cancer,"ADD(mean radius,mean smoothness)",0.0,-9.25925925925925e-05,0.0013061792573764738,0,255,84
breast_cancer,"SUB(mean radius,mean smoothness)",0.0,-9.25925925925925e-05,0.0013061792573764738,0,256,85
breast_cancer,"MUL(mean radius,mean smoothness)",-0.0116279069767442,-9.25925925925925e-05,0.0013061792573764738,0,754,78
breast_cancer,"DIV(mean radius,mean smoothness)",0.0,-9.25925925925925e-05,0.0013061792573764738,0,257,79
breast_cancer,"ADD(mean compactness,mean radius)",0.0,-0.000185185185185185,0.0018425693279752182,0,258,316
breast_cancer,"SUB(mean radius,mean compactness)",0.0,-0.000185185185185185,0.0018425693279752182,0,259,317
breast_cancer,"MUL(mean compactness,mean radius)",0.0,-0.00024691358024691337,0.0020323552633523785,0,260,371
breast_cancer,"DIV(mean radius,mean compactness)",0.0,-0.000185185185185185,0.0018425693279752182,0,261,318
breast_cancer,"ADD(mean concavity,mean radius)",-0.0116279069767442,-0.000185185185185185,0.0018425693279752182,0,755,284
breast_cancer,"SUB(mean radius,mean concavity)",-0.0116279069767442,-0.000185185185185185,0.0018425693279752182,0,756,286
breast_cancer,"MUL(mean concavity,mean radius)",0.0,-0.00024691358024691337,0.0020323552633523785,0,262,370
breast_cancer,"DIV(mean radius,mean concavity)",0.0,-0.000185185185185185,0.0018425693279752182,0,263,287
breast_cancer,"ADD(mean concave points,mean radius)",0.0,-0.000185185185185185,0.0018425693279752182,0,285,334
breast_cancer,"SUB(mean radius,mean concave points)",0.0,-0.000185185185185185,0.0018425693279752182,0,286,332
breast_cancer,"MUL(mean concave points,mean radius)",0.0,-0.00024691358024691337,0.0020323552633523785,0,287,360
breast_cancer,"DIV(mean radius,mean concave points)",-0.0116279069767442,-0.000185185185185185,0.0018425693279752182,0,736,333
breast_cancer,"ADD(mean radius,mean symmetry)",0.0,-9.25925925925925e-05,0.0013061792573764738,0,288,52
breast_cancer,"SUB(mean radius,mean symmetry)",0.0,-9.25925925925925e-05,0.0013061792573764738,0,289,51
breast_cancer,"MUL(mean radius,mean symmetry)",0.0,-0.00015432098765432085,0.0015661869699216315,0,290,220
breast_cancer,"DIV(mean radius,mean symmetry)",0.0,-9.25925925925925e-05,0.0013061792573764738,0,291,53
breast_cancer,"ADD(mean fractal dimension,mean radius)",0.0,-0.00011674120231228125,0.0020862987636460603,0,292,170
breast_cancer,"SUB(mean radius,mean fractal dimension)",0.0,-0.00011674120231228125,0.0020862987636460603,0,293,169
breast_cancer,"MUL(mean fractal dimension,mean radius)",0.0,-0.00017846959737400964,0.002257542600639228,0,294,267
breast_cancer,"DIV(mean radius,mean fractal dimension)",0.0,-0.00011674120231228125,0.0020862987636460603,0,295,173
breast_cancer,"ADD(mean radius,radius error)",0.0,-0.000185185185185185,0.0018425693279752182,0,296,294
breast_cancer,"SUB(mean radius,radius error)",-0.0116279069767442,-0.000185185185185185,0.0018425693279752182,0,737,335
breast_cancer,"MUL(mean radius,radius error)",-0.0116279069767442,-0.00024691358024691337,0.0020323552633523785,0,738,355
breast_cancer,"DIV(mean radius,radius error)",0.0,-0.000185185185185185,0.0018425693279752182,0,297,295
breast_cancer,"ADD(mean radius,texture error)",0.0,-0.000185185185185185,0.0018425693279752182,0,313,303
breast_cancer,"SUB(mean radius,texture error)",0.0,-0.000185185185185185,0.0018425693279752182,0,314,299
breast_cancer,"MUL(mean radius,texture error)",-0.0116279069767442,-0.00024691358024691337,0.0020323552633523785,0,725,363
breast_cancer,"DIV(mean radius,texture error)",0.0,-0.000185185185185185,0.0018425693279752182,0,315,304
breast_cancer,"ADD(mean radius,perimeter error)",0.0,-9.25925925925925e-05,0.0013061792573764762,0,316,100
breast_cancer,"SUB(mean radius,perimeter error)",-0.0116279069767442,-9.25925925925925e-05,0.0013061792573764762,0,726,101
breast_cancer,"MUL(mean radius,perimeter error)",0.0,-0.00015432098765432085,0.0015661869699216324,0,317,222
breast_cancer,"DIV(mean radius,perimeter error)",0.0,-9.25925925925925e-05,0.0013061792573764762,0,318,46
breast_cancer,"ADD(area error,mean radius)",0.0,-9.25925925925925e-05,0.0013061792573764762,0,319,76
breast_cancer,"SUB(mean radius,area error)",0.0,-9.25925925925925e-05,0.0013061792573764762,0,320,75
breast_cancer,"MUL(area error,mean radius)",0.0,-0.00015432098765432085,0.0015661869699216324,0,321,221
breast_cancer,"DIV(mean radius,area error)",-0.0232558139534883,-9.25925925925925e-05,0.0013061792573764762,0,876,47
breast_cancer,"ADD(mean radius,smoothness error)",0.0,-0.00011674120231228125,0.0020862987636460603,0,322,179
breast_cancer,"SUB(mean radius,smoothness error)",0.0,-0.00011674120231228125,0.0020862987636460603,0,323,181
breast_cancer,"MUL(mean radius,smoothness error)",0.0,-0.00017846959737400964,0.002257542600639228,0,324,262
breast_cancer,"DIV(mean radius,smoothness error)",0.0,-0.00011674120231228125,0.0020862987636460603,0,325,180
breast_cancer,"ADD(compactness error,mean radius)",0.0,-0.00011674120231228125,0.0020862987636460603,0,345,183
breast_cancer,"SUB(mean radius,compactness error)",0.0,-0.00011674120231228125,0.0020862987636460603,0,346,193
breast_cancer,"MUL(compactness error,mean radius)",0.0,-0.00017846959737400964,0.002257542600639228,0,347,236
breast_cancer,"DIV(mean radius,compactness error)",0.0,-0.00011674120231228125,0.0020862987636460603,0,348,192
breast_cancer,"ADD(concavity error,mean radius)",0.0,-0.000185185185185185,0.0018425693279752182,0,349,311
breast_cancer,"SUB(mean radius,concavity error)",0.0,-0.000185185185185185,0.0018425693279752182,0,350,309
breast_cancer,"MUL(concavity error,mean radius)",0.0,-0.00024691358024691337,0.0020323552633523785,0,351,356
breast_cancer,"DIV(mean radius,concavity error)",0.0,-0.000185185185185185,0.0018425693279752182,0,352,308
breast_cancer,"ADD(concave points error,mean radius)",0.0,-0.00011674120231228125,0.0020862987636460603,0,353,162
breast_cancer,"SUB(mean radius,concave points error)",0.0,-0.00011674120231228125,0.0020862987636460603,0,354,186
breast_cancer,"MUL(concave points error,mean radius)",0.0,-0.00017846959737400964,0.002257542600639228,0,355,237
breast_cancer,"DIV(mean radius,concave points error)",0.0,-0.00011674120231228125,0.0020862987636460603,0,356,185
breast_cancer,"ADD(mean radius,symmetry error)",0.0,-0.00011674120231228125,0.0020862987636460603,0,357,184
breast_cancer,"SUB(mean radius,symmetry error)",0.0,-0.00011674120231228125,0.0020862987636460603,0,358,191
breast_cancer,"MUL(mean radius,symmetry error)",0.0,-0.00017846959737400964,0.002257542600639228,0,359,263
breast_cancer,"DIV(mean radius,symmetry error)",0.0,-0.00011674120231228125,0.0020862987636460603,0,360,190
breast_cancer,"ADD(fractal dimension error,mean radius)",0.0,-0.00011674120231228125,0.0020862987636460603,0,379,198
breast_cancer,"SUB(mean radius,fractal dimension error)",0.0,-0.00011674120231228125,0.0020862987636460603,0,380,199
breast_cancer,"MUL(fractal dimension error,mean radius)",0.0,-0.00017846959737400964,0.002257542600639228,0,381,238
breast_cancer,"DIV(mean radius,fractal dimension error)",0.0,-0.00011674120231228125,0.0020862987636460603,0,382,182
breast_cancer,"ADD(mean perimeter,mean texture)",-0.0116279069767442,-9.25925925925925e-05,0.0013061792573764762,0,691,70
breast_cancer,"SUB(mean texture,mean perimeter)",0.0,-9.25925925925925e-05,0.0013061792573764762,0,383,71
breast_cancer,"MUL(mean perimeter,mean texture)",0.0,-0.00015432098765432085,0.0015661869699216324,0,384,218
breast_cancer,"DIV(mean texture,mean perimeter)",0.0,-9.25925925925925e-05,0.0013061792573764762,0,385,102
breast_cancer,"ADD(mean area,mean texture)",-0.0116279069767442,-9.25925925925925e-05,0.0013061792573764762,0,692,72
breast_cancer,"SUB(mean texture,mean area)",0.0,-9.25925925925925e-05,0.0013061792573764762,0,386,110
breast_cancer,"MUL(mean area,mean texture)",0.0,-0.00015432098765432085,0.0015661869699216324,0,387,229
breast_cancer,"DIV(mean texture,mean area)",0.0,-9.25925925925925e-05,0.0013061792573764762,0,388,103
breast_cancer,"ADD(mean smoothness,mean texture)",-0.0116279069767442,-9.25925925925925e-05,0.0013061792573764738,0,693,109
breast_cancer,"SUB(mean texture,mean smoothness)",0.0,-9.25925925925925e-05,0.0013061792573764738,0,389,108
breast_cancer,"MUL(mean smoothness,mean texture)",-0.0116279069767442,-9.25925925925925e-05,0.0013061792573764738,0,694,106
breast_cancer,"DIV(mean texture,mean smoothness)",-0.0116279069767442,-9.25925925925925e-05,0.0013061792573764738,0,695,107
breast_cancer,"ADD(mean compactness,mean texture)",0.0,-0.000185185185185185,0.0018425693279752182,0,398,278
breast_cancer,"SUB(mean texture,mean compactness)",-0.0116279069767442,-0.000185185185185185,0.0018425693279752182,0,672,279
breast_cancer,"MUL(mean compactness,mean texture)",-0.0116279069767442,-0.00024691358024691337,0.0020323552633523785,0,673,351
breast_cancer,"DIV(mean texture,mean compactness)",-0.0116279069767442,-0.000185185185185185,0.0018425693279752182,0,674,280
breast_cancer,"ADD(mean concavity,mean texture)",-0.0116279069767442,-0.000185185185185185,0.0018425693279752182,0,675,292
breast_cancer,"SUB(mean texture,mean concavity)",0.0,-0.000185185185185185,0.0018425693279752182,0,399,283
breast_cancer,"MUL(mean concavity,mean texture)",-0.0116279069767442,-0.00024691358024691337,0.0020323552633523785,0,676,348
breast_cancer,"DIV(mean texture,mean concavity)",-0.0116279069767442,-0.000185185185185185,0.0018425693279752182,0,677,275
breast_cancer,"ADD(mean concave points,mean texture)",-0.0116279069767442,-0.000185185185185185,0.0018425693279752182,0,678,282
breast_cancer,"SUB(mean texture,mean concave points)",0.0,-0.000185185185185185,0.0018425693279752182,0,400,281
breast_cancer,"MUL(mean concave points,mean texture)",-0.0116279069767442,-0.00024691358024691337,0.0020323552633523785,0,679,349
breast_cancer,"DIV(mean texture,mean concave points)",-0.0116279069767442,-0.000185185185185185,0.0018425693279752182,0,680,291
breast_cancer,"ADD(mean symmetry,mean texture)",0.0,-9.25925925925925e-05,0.0013061792573764738,0,401,86
breast_cancer,"SUB(mean texture,mean symmetry)",-0.0116279069767442,-9.25925925925925e-05,0.0013061792573764738,0,681,89
breast_cancer,"MUL(mean symmetry,mean texture)",-0.0116279069767442,-0.00015432098765432085,0.0015661869699216315,0,682,217
breast_cancer,"DIV(mean texture,mean symmetry)",0.0,-9.25925925925925e-05,0.0013061792573764738,0,402,94
breast_cancer,"ADD(mean fractal dimension,mean texture)",0.0,-0.00011674120231228125,0.0020862987636460603,0,414,194
breast_cancer,"SUB(mean texture,mean fractal dimension)",-0.0116279069767442,-0.00011674120231228125,0.0020862987636460603,0,657,195
breast_cancer,"MUL(mean fractal dimension,mean texture)",0.0,-0.00017846959737400964,0.002257542600639228,0,415,241
breast_cancer,"DIV(mean texture,mean fractal dimension)",0.0,-0.00011674120231228125,0.0020862987636460603,0,416,196
breast_cancer,"ADD(mean texture,radius error)",-0.0116279069767442,-0.000185185185185185,0.0018425693279752182,0,658,276
breast_cancer,"SUB(mean texture,radius error)",0.0,-0.000185185185185185,0.0018425693279752182,0,417,272
breast_cancer,"MUL(mean texture,radius error)",0.0,-0.00024691358024691337,0.0020323552633523785,0,418,347
breast_cancer,"DIV(mean texture,radius error)",0.0,-0.000185185185185185,0.0018425693279752182,0,419,273
breast_cancer,"ADD(mean texture,texture error)",0.0,-0.000185185185185185,0.0018425693279752182,0,420,274
breast_cancer,"SUB(mean texture,texture error)",-0.0116279069767442,-0.000185185185185185,0.0018425693279752182,0,659,271
breast_cancer,"MUL(mean texture,texture error)",-0.0116279069767442,-0.00024691358024691337,0.0020323552633523785,0,660,352
breast_cancer,"DIV(mean texture,texture error)",-0.0116279069767442,-0.000185185185185185,0.0018425693279752182,0,661,270
breast_cancer,"ADD(mean texture,perimeter error)",-0.0116279069767442,-9.25925925925925e-05,0.0013061792573764762,0,662,93
breast_cancer,"SUB(mean texture,perimeter error)",0.0,-9.25925925925925e-05,0.0013061792573764762,0,421,90
breast_cancer,"MUL(mean texture,perimeter error)",0.0,-0.00015432098765432085,0.0015661869699216324,0,422,233
breast_cancer,"DIV(mean texture,perimeter error)",0.0,-9.25925925925925e-05,0.0013061792573764762,0,423,91
breast_cancer,"ADD(area error,mean texture)",-0.0116279069767442,-9.25925925925925e-05,0.0013061792573764762,0,641,88
breast_cancer,"SUB(mean texture,area error)",0.0,-9.25925925925925e-05,0.0013061792573764762,0,446,92
breast_cancer,"MUL(area error,mean texture)",0.0,-0.00015432098765432085,0.0015661869699216324,0,447,232
breast_cancer,"DIV(mean texture,area error)",0.0,-9.25925925925925e-05,0.0013061792573764762,0,448,87
breast_cancer,"ADD(mean texture,smoothness error)",0.0,-0.00011674120231228125,0.0020862987636460603,0,449,205
breast_cancer,"SUB(mean texture,smoothness error)",0.0,-0.00011674120231228125,0.0020862987636460603,0,450,204
breast_cancer,"MUL(mean texture,smoothness error)",0.0,-0.00017846959737400964,0.002257542600639228,0,451,240
breast_cancer,"DIV(mean texture,smoothness error)",0.0,-0.00011674120231228125,0.0020862987636460603,0,452,203
breast_cancer,"ADD(compactness error,mean texture)",0.0,-0.00011674120231228125,0.0020862987636460603,0,453,202
breast_cancer,"SUB(mean texture,compactness error)",-0.0116279069767442,-0.00011674120231228125,0.0020862987636460603,0,642,206
breast_cancer,"MUL(compactness error,mean texture)",-0.0116279069767442,-0.00017846959737400964,0.002257542600639228,0,643,242
breast_cancer,"DIV(mean texture,compactness error)",-0.0116279069767442,-0.00011674120231228125,0.0020862987636460603,0,644,197
breast_cancer,"ADD(concavity error,mean texture)",0.0,-0.000185185185185185,0.0018425693279752182,0,454,269
breast_cancer,"SUB(mean texture,concavity error)",0.0,-0.000185185185185185,0.0018425693279752182,0,455,268
breast_cancer,"MUL(concavity error,mean texture)",-0.0116279069767442,-0.00024691358024691337,0.0020323552633523785,0,645,350
breast_cancer,"DIV(mean texture,concavity error)",0.0,-0.000185185185185185,0.0018425693279752182,0,456,277
breast_cancer,"ADD(concave points error,mean texture)",0.0,-0.00011674120231228125,0.0020862987636460603,0,494,212
breast_cancer,"SUB(mean texture,concave points error)",-0.0116279069767442,-0.00011674120231228125,0.0020862987636460603,0,626,213
breast_cancer,"MUL(concave points error,mean texture)",-0.0116279069767442,-0.00017846959737400964,0.002257542600639228,0,627,239
breast_cancer,"DIV(mean texture,concave points error)",0.0,-0.00011674120231228125,0.0020862987636460603,0,495,210
breast_cancer,"ADD(mean texture,symmetry error)",0.0,-0.00011674120231228125,0.0020862987636460603,0,496,211
breast_cancer,"SUB(mean texture,symmetry error)",0.0,-0.00011674120231228125,0.0020862987636460603,0,497,209
breast_cancer,"MUL(mean texture,symmetry error)",0.0,-0.00017846959737400964,0.002257542600639228,0,498,235
breast_cancer,"DIV(mean texture,symmetry error)",-0.0116279069767442,-0.00011674120231228125,0.0020862987636460603,0,628,208
breast_cancer,"ADD(fractal dimension error,mean texture)",0.0,-0.00011674120231228125,0.0020862987636460603,0,499,201
breast_cancer,"SUB(mean texture,fractal dimension error)",-0.0116279069767442,-0.00011674120231228125,0.0020862987636460603,0,629,207
breast_cancer,"MUL(fractal dimension error,mean texture)",0.0,-0.00017846959737400964,0.002257542600639228,0,500,234
breast_cancer,"DIV(mean texture,fractal dimension error)",-0.0232558139534883,-0.00011674120231228125,0.0020862987636460603,0,878,200
breast_cancer,"ADD(mean area,mean perimeter)",0.0,-9.25925925925925e-05,0.0013061792573764762,0,501,95
breast_cancer,"SUB(mean perimeter,mean area)",0.0,-9.25925925925925e-05,0.0013061792573764762,0,502,97
breast_cancer,"MUL(mean area,mean perimeter)",-0.0116279069767442,-0.00015432098765432085,0.0015661869699216324,0,630,219
breast_cancer,"DIV(mean perimeter,mean area)",0.0,-9.25925925925925e-05,0.0013061792573764762,0,503,96
breast_cancer,"ADD(mean perimeter,mean smoothness)",0.0,-9.25925925925925e-05,0.0013061792573764738,0,528,105
breast_cancer,"SUB(mean perimeter,mean smoothness)",0.0,-9.25925925925925e-05,0.0013061792573764738,0,529,104
breast_cancer,"MUL(mean perimeter,mean smoothness)",-0.0116279069767442,-9.25925925925925e-05,0.0013061792573764738,0,850,68
breast_cancer,"DIV(mean perimeter,mean smoothness)",0.0,-9.25925925925925e-05,0.0013061792573764738,0,530,69
breast_cancer,"ADD(mean compactness,mean perimeter)",0.0,-0.000185185185185185,0.0018425693279752182,0,531,290
breast_cancer,"SUB(mean perimeter,mean compactness)",-0.0116279069767442,-0.000185185185185185,0.0018425693279752182,0,851,305
breast_cancer,"MUL(mean compactness,mean perimeter)",0.0,-0.00024691358024691337,0.0020323552633523785,0,532,358
breast_cancer,"DIV(mean perimeter,mean compactness)",0.0,-0.000185185185185185,0.0018425693279752182,0,533,307
breast_cancer,"ADD(mean concavity,mean perimeter)",-0.0116279069767442,-0.000185185185185185,0.0018425693279752182,0,852,306
breast_cancer,"SUB(mean perimeter,mean concavity)",-0.0116279069767442,-0.000185185185185185,0.0018425693279752182,0,853,315
breast_cancer,"MUL(mean concavity,mean perimeter)",0.0,-0.00024691358024691337,0.0020323552633523785,0,534,359
breast_cancer,"DIV(mean perimeter,mean concavity)",0.0,-0.000185185185185185,0.0018425693279752182,0,535,313
breast_cancer,"ADD(mean concave points,mean perimeter)",0.0,-0.000185185185185185,0.0018425693279752182,0,536,312
breast_cancer,"SUB(mean perimeter,mean concave points)",0.0,-0.000185185185185185,0.0018425693279752182,0,537,314
breast_cancer,"MUL(mean concave points,mean perimeter)",0.0,-0.00024691358024691337,0.0020323552633523785,0,538,357
breast_cancer,"DIV(mean perimeter,mean concave points)",0.0,-0.000185185185185185,0.0018425693279752182,0,539,310
breast_cancer,"ADD(mean perimeter,mean symmetry)",0.0,-9.25925925925925e-05,0.0013061792573764738,0,570,111
breast_cancer,"SUB(mean perimeter,mean symmetry)",0.0,-9.25925925925925e-05,0.0013061792573764738,0,571,99
breast_cancer,"MUL(mean perimeter,mean symmetry)",0.0,-0.00015432098765432085,0.0015661869699216315,0,572,228
breast_cancer,"DIV(mean perimeter,mean symmetry)",0.0,-9.25925925925925e-05,0.0013061792573764738,0,573,98
breast_cancer,"ADD(mean fractal dimension,mean perimeter)",0.0,-0.00011674120231228125,0.0020862987636460603,0,574,189
breast_cancer,"SUB(mean perimeter,mean fractal dimension)",0.0,-0.00011674120231228125,0.0020862987636460603,0,575,188
breast_cancer,"MUL(mean fractal dimension,mean perimeter)",0.0,-0.00017846959737400964,0.002257542600639228,0,576,264
breast_cancer,"DIV(mean perimeter,mean fractal dimension)",-0.0116279069767442,-0.00011674120231228125,0.0020862987636460603,0,855,187
breast_cancer,"ADD(mean perimeter,radius error)",0.0,-0.000185185185185185,0.0018425693279752182,0,577,320
breast_cancer,"SUB(mean perimeter,radius error)",-0.0116279069767442,-0.000185185185185185,0.0018425693279752182,0,856,321
breast_cancer,"MUL(mean perimeter,radius error)",-0.0116279069767442,-0.00024691358024691337,0.0020323552633523785,0,857,361
breast_cancer,"DIV(mean perimeter,radius error)",0.0,-0.000185185185185185,0.0018425693279752182,0,578,338
breast_cancer,"ADD(mean perimeter,texture error)",0.0,-0.000185185185185185,0.0018425693279752182,0,579,339
breast_cancer,"SUB(mean perimeter,texture error)",0.0,-0.000185185185185185,0.0018425693279752182,0,580,301
breast_cancer,"MUL(mean perimeter,texture error)",-0.0116279069767442,-0.00024691358024691337,0.0020323552633523785,0,858,362
breast_cancer,"DIV(mean perimeter,texture error)",0.0,-0.000185185185185185,0.0018425693279752182,0,581,302
breast_cancer,"ADD(mean perimeter,perimeter error)",0.0,-9.25925925925925e-05,0.0013061792573764762,0,556,45
breast_cancer,"SUB(mean perimeter,perimeter error)",-0.0116279069767442,-9.25925925925925e-05,0.0013061792573764762,0,854,50
breast_cancer,"MUL(mean perimeter,perimeter error)",0.0,-0.00015432098765432085,0.0015661869699216324,0,557,230
breast_cancer,"DIV(mean perimeter,perimeter error)",0.0,-9.25925925925925e-05,0.0013061792573764762,0,558,73
breast_cancer,"ADD(area error,mean perimeter)",0.0,-9.25925925925925e-05,0.0013061792573764762,0,559,48
breast_cancer,"SUB(mean perimeter,area error)",0.0,-9.25925925925925e-05,0.0013061792573764762,0,560,49
breast_cancer,"MUL(area error,mean perimeter)",0.0,-0.00015432098765432085,0.0015661869699216324,0,561,231
breast_cancer,"DIV(mean perimeter,area error)",-0.0232558139534883,-9.25925925925925e-05,0.0013061792573764762,0,864,74
breast_cancer,"ADD(mean perimeter,smoothness error)",0.0,-0.00011674120231228125,0.0020862987636460603,0,562,176
breast_cancer,"SUB(mean perimeter,smoothness error)",0.0,-0.00011674120231228125,0.0020862987636460603,0,563,178
breast_cancer,"MUL(mean perimeter,smoothness error)",0.0,-0.00017846959737400964,0.002257542600639228,0,564,243
breast_cancer,"DIV(mean perimeter,smoothness error)",0.0,-0.00011674120231228125,0.0020862987636460603,0,565,177
breast_cancer,"ADD(compactness error,mean perimeter)",0.0,-0.00011674120231228125,0.0020862987636460603,0,566,166
breast_cancer,"SUB(mean perimeter,compactness error)",0.0,-0.00011674120231228125,0.0020862987636460603,0,567,167
breast_cancer,"MUL(compactness error,mean perimeter)",0.0,-0.00017846959737400964,0.002257542600639228,0,568,261
breast_cancer,"DIV(mean perimeter,compactness error)",0.0,-0.00011674120231228125,0.0020862987636460603,0,569,168
breast_cancer,"ADD(concavity error,mean perimeter)",0.0,-0.000185185185185185,0.0018425693279752182,0,540,296
breast_cancer,"SUB(mean perimeter,concavity error)",0.0,-0.000185185185185185,0.0018425693279752182,0,541,297
breast_cancer,"MUL(concavity error,mean perimeter)",0.0,-0.00024691358024691337,0.0020323552633523785,0,542,354
breast_cancer,"DIV(mean perimeter,concavity error)",0.0,-0.000185185185185185,0.0018425693279752182,0,543,298
breast_cancer,"ADD(concave points error,mean perimeter)",0.0,-0.00011674120231228125,0.0020862987636460603,0,544,172
breast_cancer,"SUB(mean perimeter,concave points error)",0.0,-0.00011674120231228125,0.0020862987636460603,0,545,171
breast_cancer,"MUL(concave points error,mean perimeter)",0.0,-0.00017846959737400964,0.002257542600639228,0,546,266
breast_cancer,"DIV(mean perimeter,concave points error)",0.0,-0.00011674120231228125,0.0020862987636460603,0,547,164
breast_cancer,"ADD(mean perimeter,symmetry error)",0.0,-0.00011674120231228125,0.0020862987636460603,0,548,174
breast_cancer,"SUB(mean perimeter,symmetry error)",0.0,-0.00011674120231228125,0.0020862987636460603,0,549,175
breast_cancer,"MUL(mean perimeter,symmetry error)",0.0,-0.00017846959737400964,0.002257542600639228,0,550,251
breast_cancer,"DIV(mean perimeter,symmetry error)",0.0,-0.00011674120231228125,0.0020862987636460603,0,551,163
breast_cancer,"ADD(fractal dimension error,mean perimeter)",0.0,-0.00011674120231228125,0.0020862987636460603,0,552,165
breast_cancer,"SUB(mean perimeter,fractal dimension error)",0.0,-0.00011674120231228125,0.0020862987636460603,0,553,150
breast_cancer,"MUL(fractal dimension error,mean perimeter)",0.0,-0.00017846959737400964,0.002257542600639228,0,554,265
breast_cancer,"DIV(mean perimeter,fractal dimension error)",0.0,-0.00011674120231228125,0.0020862987636460603,0,555,151
breast_cancer,"ADD(mean area,mean smoothness)",0.0,-9.25925925925925e-05,0.0013061792573764738,0,517,63
breast_cancer,"SUB(mean area,mean smoothness)",0.0,-9.25925925925925e-05,0.0013061792573764738,0,518,58
breast_cancer,"MUL(mean area,mean smoothness)",-0.0116279069767442,-9.25925925925925e-05,0.0013061792573764738,0,634,57
breast_cancer,"DIV(mean area,mean smoothness)",0.0,-9.25925925925925e-05,0.0013061792573764738,0,519,62
breast_cancer,"ADD(mean area,mean compactness)",0.0,-0.000185185185185185,0.0018425693279752182,0,520,328
breast_cancer,"SUB(mean area,mean compactness)",-0.0116279069767442,-0.000185185185185185,0.0018425693279752182,0,635,293
breast_cancer,"MUL(mean area,mean compactness)",0.0,-0.00024691358024691337,0.0020323552633523785,0,521,353
breast_cancer,"DIV(mean area,mean compactness)",0.0,-0.000185185185185185,0.0018425693279752182,0,522,329
breast_cancer,"ADD(mean area,mean concavity)",-0.0116279069767442,-0.000185185185185185,0.0018425693279752182,0,636,330
breast_cancer,"SUB(mean area,mean concavity)",0.0,-0.000185185185185185,0.0018425693279752182,0,523,331
breast_cancer,"MUL(mean area,mean concavity)",0.0,-0.00024691358024691337,0.0020323552633523785,0,524,364
breast_cancer,"DIV(mean area,mean concavity)",-0.0116279069767442,-0.000185185185185185,0.0018425693279752182,0,637,300
breast_cancer,"ADD(mean area,mean concave points)",0.0,-0.000185185185185185,0.0018425693279752182,0,525,345
breast_cancer,"SUB(mean area,mean concave points)",0.0,-0.000185185185185185,0.0018425693279752182,0,526,327
breast_cancer,"MUL(mean area,mean concave points)",0.0,-0.00024691358024691337,0.0020323552633523785,0,527,368
breast_cancer,"DIV(mean area,mean concave points)",-0.0116279069767442,-0.000185185185185185,0.0018425693279752182,0,849,344
breast_cancer,"ADD(mean area,mean symmetry)",0.0,-9.25925925925925e-05,0.0013061792573764738,0,504,60
breast_cancer,"SUB(mean area,mean symmetry)",0.0,-9.25925925925925e-05,0.0013061792573764738,0,505,61
breast_cancer,"MUL(mean area,mean symmetry)",0.0,-0.00015432098765432085,0.0015661869699216315,0,506,223
breast_cancer,"DIV(mean area,mean symmetry)",0.0,-9.25925925925925e-05,0.0013061792573764738,0,507,59
breast_cancer,"ADD(mean area,mean fractal dimension)",0.0,-0.00011674120231228125,0.0020862987636460603,0,508,112
breast_cancer,"SUB(mean area,mean fractal dimension)",-0.0116279069767442,-0.00011674120231228125,0.0020862987636460603,0,631,137
breast_cancer,"MUL(mean area,mean fractal dimension)",0.0,-0.00017846959737400964,0.002257542600639228,0,509,244
breast_cancer,"DIV(mean area,mean fractal dimension)",0.0,-0.00011674120231228125,0.0020862987636460603,0,510,136
breast_cancer,"ADD(mean area,radius error)",0.0,-0.000185185185185185,0.0018425693279752182,0,511,326
breast_cancer,"SUB(mean area,radius error)",0.0,-0.000185185185185185,0.0018425693279752182,0,512,324
breast_cancer,"MUL(mean area,radius error)",-0.0116279069767442,-0.00024691358024691337,0.0020323552633523785,0,632,366
breast_cancer,"DIV(mean area,radius error)",0.0,-0.000185185185185185,0.0018425693279752182,0,513,325
breast_cancer,"ADD(mean area,texture error)",0.0,-0.000185185185185185,0.0018425693279752182,0,514,341
breast_cancer,"SUB(mean area,texture error)",0.0,-0.000185185185185185,0.0018425693279752182,0,515,322
breast_cancer,"MUL(mean area,texture error)",-0.0116279069767442,-0.00024691358024691337,0.0020323552633523785,0,633,369
breast_cancer,"DIV(mean area,texture error)",0.0,-0.000185185185185185,0.0018425693279752182,0,516,342
breast_cancer,"ADD(mean area,perimeter error)",-0.0116279069767442,-9.25925925925925e-05,0.0013061792573764762,0,653,55
breast_cancer,"SUB(mean area,perimeter error)",0.0,-9.25925925925925e-05,0.0013061792573764762,0,482,54
breast_cancer,"MUL(mean area,perimeter error)",-0.0116279069767442,-0.00015432098765432085,0.0015661869699216324,0,623,227
breast_cancer,"DIV(mean area,perimeter error)",-0.0116279069767442,-9.25925925925925e-05,0.0013061792573764762,0,624,64
breast_cancer,"ADD(area error,mean area)",0.0,-9.25925925925925e-05,0.0013061792573764762,0,483,67
breast_cancer,"SUB(mean area,area error)",0.0,-9.25925925925925e-05,0.0013061792573764762,0,484,56
breast_cancer,"MUL(area error,mean area)",0.0,-0.00015432098765432085,0.0015661869699216324,0,485,226
breast_cancer,"DIV(mean area,area error)",-0.0116279069767442,-9.25925925925925e-05,0.0013061792573764762,0,625,65
breast_cancer,"ADD(mean area,smoothness error)",0.0,-0.00011674120231228125,0.0020862987636460603,0,486,118
breast_cancer,"SUB(mean area,smoothness error)",0.0,-0.00011674120231228125,0.0020862987636460603,0,487,123
breast_cancer,"MUL(mean area,smoothness error)",0.0,-0.00017846959737400964,0.002257542600639228,0,488,256
breast_cancer,"DIV(mean area,smoothness error)",0.0,-0.00011674120231228125,0.0020862987636460603,0,489,119
breast_cancer,"ADD(compactness error,mean area)",0.0,-0.00011674120231228125,0.0020862987636460603,0,490,121
breast_cancer,"SUB(mean area,compactness error)",0.0,-0.00011674120231228125,0.0020862987636460603,0,491,120
breast_cancer,"MUL(compactness error,mean area)",0.0,-0.00017846959737400964,0.002257542600639228,0,492,258
breast_cancer,"DIV(mean area,compactness error)",0.0,-0.00011674120231228125,0.0020862987636460603,0,493,122
breast_cancer,"ADD(concavity error,mean area)",0.0,-0.000185185185185185,0.0018425693279752182,0,466,288
breast_cancer,"SUB(mean area,concavity error)",0.0,-0.000185185185185185,0.0018425693279752182,0,467,289
breast_cancer,"MUL(concavity error,mean area)",0.0,-0.00024691358024691337,0.0020323552633523785,0,468,372
breast_cancer,"DIV(mean area,concavity error)",0.0,-0.000185185185185185,0.0018425693279752182,0,469,285
breast_cancer,"ADD(concave points error,mean area)",0.0,-0.00011674120231228125,0.0020862987636460603,0,470,130
breast_cancer,"SUB(mean area,concave points error)",0.0,-0.00011674120231228125,0.0020862987636460603,0,471,128
breast_cancer,"MUL(concave points error,mean area)",0.0,-0.00017846959737400964,0.002257542600639228,0,472,253
breast_cancer,"DIV(mean area,concave points error)",0.0,-0.00011674120231228125,0.0020862987636460603,0,473,129
breast_cancer,"ADD(mean area,symmetry error)",0.0,-0.00011674120231228125,0.0020862987636460603,0,474,127
breast_cancer,"SUB(mean area,symmetry error)",0.0,-0.00011674120231228125,0.0020862987636460603,0,475,126
breast_cancer,"MUL(mean area,symmetry error)",0.0,-0.00017846959737400964,0.002257542600639228,0,476,260
breast_cancer,"DIV(mean area,symmetry error)",0.0,-0.00011674120231228125,0.0020862987636460603,0,477,124
breast_cancer,"ADD(fractal dimension error,mean area)",0.0,-0.00011674120231228125,0.0020862987636460603,0,478,135
breast_cancer,"SUB(mean area,fractal dimension error)",0.0,-0.00011674120231228125,0.0020862987636460603,0,479,134
breast_cancer,"MUL(fractal dimension error,mean area)",0.0,-0.00017846959737400964,0.002257542600639228,0,480,255
breast_cancer,"DIV(mean area,fractal dimension error)",0.0,-0.00011674120231228125,0.0020862987636460603,0,481,125
breast_cancer,"ADD(mean compactness,mean smoothness)",0.0,-0.003553198431031381,0.0076082168997124704,0,457,407
breast_cancer,"SUB(mean smoothness,mean compactness)",-0.0116279069767442,-0.006046143757310039,0.009670415838478608,0,646,532
breast_cancer,"MUL(mean compactness,mean smoothness)",-0.0116279069767442,-0.008764293984001059,0.011114463527579707,0,647,766
breast_cancer,"DIV(mean smoothness,mean compactness)",-0.0116279069767442,-0.006046143757310039,0.009670415838478608,0,648,531
breast_cancer,"ADD(mean concavity,mean smoothness)",-0.0116279069767442,-0.003553198431031381,0.0076082168997124704,0,649,408
breast_cancer,"SUB(mean smoothness,mean concavity)",0.0,-0.006046143757310039,0.009670415838478608,0,458,534
breast_cancer,"MUL(mean concavity,mean smoothness)",-0.0116279069767442,-0.008764293984001059,0.011114463527579707,0,650,767
breast_cancer,"DIV(mean smoothness,mean concavity)",0.0,-0.006046143757310039,0.009670415838478608,0,459,533
breast_cancer,"ADD(mean concave points,mean smoothness)",-0.0116279069767442,-0.003553198431031381,0.0076082168997124704,0,651,409
breast_cancer,"SUB(mean smoothness,mean concave points)",0.0,-0.006046143757310039,0.009670415838478608,0,460,536
breast_cancer,"MUL(mean concave points,mean smoothness)",-0.0116279069767442,-0.008764293984001059,0.011114463527579707,0,652,768
breast_cancer,"DIV(mean smoothness,mean concave points)",0.0,-0.006046143757310039,0.009670415838478608,0,461,535
breast_cancer,"ADD(mean smoothness,mean symmetry)",0.0,-0.0032941840004879347,0.007425079007748658,0,462,384
breast_cancer,"SUB(mean smoothness,mean symmetry)",0.0,-0.0057871293267665914,0.009594539801129695,0,463,515
breast_cancer,"MUL(mean smoothness,mean symmetry)",0.0,-0.008381822763334157,0.011068610704124482,0,464,756
breast_cancer,"DIV(mean smoothness,mean symmetry)",0.0,-0.0057871293267665914,0.009594539801129695,0,465,516
breast_cancer,"ADD(mean fractal dimension,mean smoothness)",0.0,-0.0033771021746227914,0.00766784825973439,0,435,390
breast_cancer,"SUB(mean smoothness,mean fractal dimension)",-0.0116279069767442,-0.005870047500901448,0.009762472622707725,0,667,519
breast_cancer,"MUL(mean fractal dimension,mean smoothness)",-0.0116279069767442,-0.00858819772759247,0.011237328013565846,0,668,763
breast_cancer,"DIV(mean smoothness,mean fractal dimension)",0.0,-0.005870047500901448,0.009762472622707725,0,436,520
breast_cancer,"ADD(mean smoothness,radius error)",-0.0116279069767442,-0.0029914995992261825,0.007153703499645192,0,638,382
breast_cancer,"SUB(mean smoothness,radius error)",0.0,-0.0054844449255048375,0.009466151319935352,0,437,505
breast_cancer,"MUL(mean smoothness,radius error)",0.0,-0.00820259515219586,0.011075917182911824,0,438,745
breast_cancer,"DIV(mean smoothness,radius error)",0.0,-0.0054844449255048375,0.009466151319935352,0,439,504
breast_cancer,"ADD(mean smoothness,texture error)",0.0,-0.0029250219541961412,0.007119335272532759,0,440,381
breast_cancer,"SUB(mean smoothness,texture error)",0.0,-0.005417967280474797,0.0094577445536854,0,441,503
breast_cancer,"MUL(mean smoothness,texture error)",-0.0116279069767442,-0.008043524914573226,0.011075273473997671,0,639,742
breast_cancer,"DIV(mean smoothness,texture error)",0.0,-0.005417967280474797,0.0094577445536854,0,442,502
breast_cancer,"ADD(mean smoothness,perimeter error)",-0.0116279069767442,-0.0030354456290878117,0.007205749096969503,0,640,383
breast_cancer,"SUB(mean smoothness,perimeter error)",0.0,-0.005685798362773873,0.01011321394011821,0,443,507
breast_cancer,"MUL(mean smoothness,perimeter error)",0.0,-0.008432063442633348,0.011658687935725043,0,444,757
breast_cancer,"DIV(mean smoothness,perimeter error)",0.0,-0.005685798362773873,0.01011321394011821,0,445,506
breast_cancer,"ADD(area error,mean smoothness)",-0.0116279069767442,-0.003624951801927317,0.00804572144801185,0,663,410
breast_cancer,"SUB(mean smoothness,area error)",0.0,-0.006695057622033134,0.011053827611665,0,424,586
breast_cancer,"MUL(area error,mean smoothness)",0.0,-0.009656046329784108,0.012455066382012157,0,425,831
breast_cancer,"DIV(mean smoothness,area error)",0.0,-0.006695057622033134,0.011053827611665,0,426,585
breast_cancer,"ADD(mean smoothness,smoothness error)",0.0,-0.0033771021746227914,0.00766784825973439,0,427,389
breast_cancer,"SUB(mean smoothness,smoothness error)",0.0,-0.005870047500901448,0.009762472622707725,0,428,530
breast_cancer,"MUL(mean smoothness,smoothness error)",-0.0116279069767442,-0.00858819772759247,0.011237328013565846,0,664,762
breast_cancer,"DIV(mean smoothness,smoothness error)",-0.0232558139534883,-0.005870047500901448,0.009762472622707725,0,877,529
breast_cancer,"ADD(compactness error,mean smoothness)",0.0,-0.0033771021746227914,0.00766784825973439,0,429,387
breast_cancer,"SUB(mean smoothness,compactness error)",0.0,-0.005870047500901448,0.009762472622707725,0,430,528
breast_cancer,"MUL(compactness error,mean smoothness)",-0.0116279069767442,-0.00858819772759247,0.011237328013565846,0,665,765
breast_cancer,"DIV(mean smoothness,compactness error)",-0.0116279069767442,-0.005870047500901448,0.009762472622707725,0,666,527
breast_cancer,"ADD(concavity error,mean smoothness)",0.0,-0.003553198431031381,0.0076082168997124704,0,431,406
breast_cancer,"SUB(mean smoothness,concavity error)",0.0,-0.006046143757310039,0.009670415838478608,0,432,537
breast_cancer,"MUL(concavity error,mean smoothness)",0.0,-0.008764293984001059,0.011114463527579707,0,433,769
breast_cancer,"DIV(mean smoothness,concavity error)",0.0,-0.006046143757310039,0.009670415838478608,0,434,538
breast_cancer,"ADD(concave points error,mean smoothness)",0.0,-0.0033771021746227914,0.00766784825973439,0,403,385
breast_cancer,"SUB(mean smoothness,concave points error)",0.0,-0.005870047500901448,0.009762472622707725,0,404,526
breast_cancer,"MUL(concave points error,mean smoothness)",-0.0116279069767442,-0.00858819772759247,0.011237328013565846,0,683,760
breast_cancer,"DIV(mean smoothness,concave points error)",0.0,-0.005870047500901448,0.009762472622707725,0,405,522
breast_cancer,"ADD(mean smoothness,symmetry error)",0.0,-0.0033771021746227914,0.00766784825973439,0,406,386
breast_cancer,"SUB(mean smoothness,symmetry error)",0.0,-0.005870047500901448,0.009762472622707725,0,407,521
breast_cancer,"MUL(mean smoothness,symmetry error)",-0.0116279069767442,-0.00858819772759247,0.011237328013565846,0,684,764
breast_cancer,"DIV(mean smoothness,symmetry error)",0.0,-0.005870047500901448,0.009762472622707725,0,408,523
breast_cancer,"ADD(fractal dimension error,mean smoothness)",0.0,-0.0033771021746227914,0.00766784825973439,0,409,388
breast_cancer,"SUB(mean smoothness,fractal dimension error)",0.0,-0.005870047500901448,0.009762472622707725,0,410,524
breast_cancer,"MUL(fractal dimension error,mean smoothness)",-0.0116279069767442,-0.00858819772759247,0.011237328013565846,0,654,761
breast_cancer,"DIV(mean smoothness,fractal dimension error)",0.0,-0.005870047500901448,0.009762472622707725,0,411,525
breast_cancer,"ADD(mean compactness,mean concavity)",0.0,-0.0041016206891839775,0.00846583935632106,0,412,455
breast_cancer,"SUB(mean compactness,mean concavity)",-0.0116279069767442,-0.007011232682129301,0.010712596607611256,0,655,667
breast_cancer,"MUL(mean compactness,mean concavity)",-0.0116279069767442,-0.009729382908820323,0.011812178873292478,0,656,833
breast_cancer,"DIV(mean compactness,mean concavity)",0.0,-0.007011232682129301,0.010712596607611256,0,413,668
breast_cancer,"ADD(mean compactness,mean concave points)",0.0,-0.0041016206891839775,0.00846583935632106,0,390,457
breast_cancer,"SUB(mean compactness,mean concave points)",-0.0116279069767442,-0.007011232682129301,0.010712596607611256,0,696,671
breast_cancer,"MUL(mean compactness,mean concave points)",-0.0116279069767442,-0.009729382908820323,0.011812178873292478,0,697,834
breast_cancer,"DIV(mean compactness,mean concave points)",-0.0116279069767442,-0.007011232682129301,0.010712596607611256,0,698,672
breast_cancer,"ADD(mean compactness,mean symmetry)",-0.0116279069767442,-0.0038426062586405314,0.008318735988301327,0,699,420
breast_cancer,"SUB(mean compactness,mean symmetry)",0.0,-0.006752218251585855,0.010667610861872501,0,391,592
breast_cancer,"MUL(mean compactness,mean symmetry)",0.0,-0.00934691168815342,0.011800366546276099,0,392,787
breast_cancer,"DIV(mean compactness,mean symmetry)",0.0,-0.006752218251585855,0.010667610861872501,0,393,591
breast_cancer,"ADD(mean compactness,mean fractal dimension)",-0.0116279069767442,-0.0038479915211258892,0.008231943557520726,0,700,447
breast_cancer,"SUB(mean compactness,mean fractal dimension)",0.0,-0.006757603514071211,0.010598589988430624,0,394,639
breast_cancer,"MUL(mean compactness,mean fractal dimension)",-0.0116279069767442,-0.009475753740762234,0.011767614786413576,0,669,819
breast_cancer,"DIV(mean compactness,mean fractal dimension)",-0.0116279069767442,-0.006757603514071211,0.010598589988430624,0,670,643
breast_cancer,"ADD(mean compactness,radius error)",0.0,-0.0035399218573787783,0.00809796527890068,0,395,404
breast_cancer,"SUB(mean compactness,radius error)",-0.0116279069767442,-0.006449533850324103,0.010579933035872138,0,671,558
breast_cancer,"MUL(mean compactness,radius error)",0.0,-0.00916768407701512,0.011821860695964817,0,396,783
breast_cancer,"DIV(mean compactness,radius error)",0.0,-0.006449533850324103,0.010579933035872138,0,397,552
breast_cancer,"ADD(mean compactness,texture error)",-0.0116279069767442,-0.0034734442123487376,0.00807213839453846,0,716,393
breast_cancer,"SUB(mean compactness,texture error)",0.0,-0.006383056205294062,0.010578478527289438,0,370,548
breast_cancer,"MUL(mean compactness,texture error)",-0.0116279069767442,-0.009008613839392488,0.011834236994631663,0,685,773
breast_cancer,"DIV(mean compactness,texture error)",-0.0116279069767442,-0.006383056205294062,0.010578478527289438,0,686,542
breast_cancer,"ADD(mean compactness,perimeter error)",0.0,-0.003537571590944112,0.008082071147035252,0,371,400
breast_cancer,"SUB(mean compactness,perimeter error)",-0.0116279069767442,-0.006604590991296841,0.011114993558484698,0,687,561
breast_cancer,"MUL(mean compactness,perimeter error)",0.0,-0.009350856071156316,0.012334686609982676,0,372,790
breast_cancer,"DIV(mean compactness,perimeter error)",0.0,-0.006604590991296841,0.011114993558484698,0,373,565
breast_cancer,"ADD(area error,mean compactness)",0.0,-0.004127077763783617,0.00880560474289795,0,374,459
breast_cancer,"SUB(mean compactness,area error)",-0.0116279069767442,-0.007613850250556101,0.011899516399400928,0,688,731
breast_cancer,"MUL(area error,mean compactness)",0.0,-0.010574838958307076,0.013003806944733168,0,375,856
breast_cancer,"DIV(mean compactness,area error)",0.0,-0.007613850250556101,0.011899516399400928,0,376,732
breast_cancer,"ADD(mean compactness,smoothness error)",0.0,-0.0038479915211258892,0.008231943557520726,0,377,430
breast_cancer,"SUB(mean compactness,smoothness error)",0.0,-0.006757603514071211,0.010598589988430624,0,378,600
breast_cancer,"MUL(mean compactness,smoothness error)",-0.0116279069767442,-0.009475753740762234,0.011767614786413576,0,689,810
breast_cancer,"DIV(mean compactness,smoothness error)",-0.0116279069767442,-0.006757603514071211,0.010598589988430624,0,690,601
breast_cancer,"ADD(compactness error,mean compactness)",0.0,-0.0038479915211258892,0.008231943557520726,0,361,433
breast_cancer,"SUB(mean compactness,compactness error)",0.0,-0.006757603514071211,0.010598589988430624,0,362,612
breast_cancer,"MUL(compactness error,mean compactness)",-0.0116279069767442,-0.009475753740762234,0.011767614786413576,0,709,818
breast_cancer,"DIV(mean compactness,compactness error)",-0.0116279069767442,-0.006757603514071211,0.010598589988430624,0,710,613
breast_cancer,"ADD(concavity error,mean compactness)",0.0,-0.0041016206891839775,0.00846583935632106,0,363,456
breast_cancer,"SUB(mean compactness,concavity error)",0.0,-0.007011232682129301,0.010712596607611256,0,364,669
breast_cancer,"MUL(concavity error,mean compactness)",-0.0116279069767442,-0.009729382908820323,0.011812178873292478,0,711,838
breast_cancer,"DIV(mean compactness,concavity error)",0.0,-0.007011232682129301,0.010712596607611256,0,365,670
breast_cancer,"ADD(concave points error,mean compactness)",-0.0116279069767442,-0.0038479915211258892,0.008231943557520726,0,712,435
breast_cancer,"SUB(mean compactness,concave points error)",0.0,-0.006757603514071211,0.010598589988430624,0,366,614
breast_cancer,"MUL(concave points error,mean compactness)",-0.0116279069767442,-0.009475753740762234,0.011767614786413576,0,713,821
breast_cancer,"DIV(mean compactness,concave points error)",-0.0116279069767442,-0.006757603514071211,0.010598589988430624,0,714,595
breast_cancer,"ADD(mean compactness,symmetry error)",0.0,-0.0038479915211258892,0.008231943557520726,0,367,432
breast_cancer,"SUB(mean compactness,symmetry error)",0.0,-0.006757603514071211,0.010598589988430624,0,368,617
breast_cancer,"MUL(mean compactness,symmetry error)",-0.0116279069767442,-0.009475753740762234,0.011767614786413576,0,715,817
breast_cancer,"DIV(mean compactness,symmetry error)",0.0,-0.006757603514071211,0.010598589988430624,0,369,618
breast_cancer,"ADD(fractal dimension error,mean compactness)",-0.0116279069767442,-0.0038479915211258892,0.008231943557520726,0,731,431
breast_cancer,"SUB(mean compactness,fractal dimension error)",0.0,-0.006757603514071211,0.010598589988430624,0,338,622
breast_cancer,"MUL(fractal dimension error,mean compactness)",-0.0116279069767442,-0.009475753740762234,0.011767614786413576,0,701,822
breast_cancer,"DIV(mean compactness,fractal dimension error)",0.0,-0.006757603514071211,0.010598589988430624,0,339,594
breast_cancer,"ADD(mean concave points,mean concavity)",-0.0116279069767442,-0.0041016206891839775,0.00846583935632106,0,702,452
breast_cancer,"SUB(mean concavity,mean concave points)",0.0,-0.007011232682129301,0.010712596607611256,0,340,665
breast_cancer,"MUL(mean concave points,mean concavity)",-0.0116279069767442,-0.009729382908820323,0.011812178873292478,0,703,835
breast_cancer,"DIV(mean concavity,mean concave points)",0.0,-0.007011232682129301,0.010712596607611256,0,341,666
breast_cancer,"ADD(mean concavity,mean symmetry)",0.0,-0.0038426062586405314,0.008318735988301327,0,342,421
breast_cancer,"SUB(mean concavity,mean symmetry)",-0.0116279069767442,-0.006752218251585855,0.010667610861872501,0,704,590
breast_cancer,"MUL(mean concavity,mean symmetry)",-0.0116279069767442,-0.00934691168815342,0.011800366546276099,0,705,788
breast_cancer,"DIV(mean concavity,mean symmetry)",0.0,-0.006752218251585855,0.010667610861872501,0,343,587
breast_cancer,"ADD(mean concavity,mean fractal dimension)",0.0,-0.0038479915211258892,0.008231943557520726,0,344,436
breast_cancer,"SUB(mean concavity,mean fractal dimension)",-0.0116279069767442,-0.006757603514071211,0.010598589988430624,0,706,615
breast_cancer,"MUL(mean concavity,mean fractal dimension)",-0.0116279069767442,-0.009475753740762234,0.011767614786413576,0,707,827
breast_cancer,"DIV(mean concavity,mean fractal dimension)",-0.0116279069767442,-0.006757603514071211,0.010598589988430624,0,708,611
breast_cancer,"ADD(mean concavity,radius error)",-0.0116279069767442,-0.0035399218573787783,0.00809796527890068,0,727,405
breast_cancer,"SUB(mean concavity,radius error)",0.0,-0.006449533850324103,0.010579933035872138,0,326,553
breast_cancer,"MUL(mean concavity,radius error)",0.0,-0.00916768407701512,0.011821860695964817,0,327,782
breast_cancer,"DIV(mean concavity,radius error)",0.0,-0.006449533850324103,0.010579933035872138,0,328,551
breast_cancer,"ADD(mean concavity,texture error)",0.0,-0.0034734442123487376,0.00807213839453846,0,329,394
breast_cancer,"SUB(mean concavity,texture error)",-0.0116279069767442,-0.006383056205294062,0.010578478527289438,0,728,541
breast_cancer,"MUL(mean concavity,texture error)",0.0,-0.009008613839392488,0.011834236994631663,0,330,772
breast_cancer,"DIV(mean concavity,texture error)",0.0,-0.006383056205294062,0.010578478527289438,0,331,544
breast_cancer,"ADD(mean concavity,perimeter error)",-0.0116279069767442,-0.003537571590944112,0.008082071147035252,0,729,399
breast_cancer,"SUB(mean concavity,perimeter error)",0.0,-0.006604590991296841,0.011114993558484698,0,332,566
breast_cancer,"MUL(mean concavity,perimeter error)",0.0,-0.009350856071156316,0.012334686609982676,0,333,791
breast_cancer,"DIV(mean concavity,perimeter error)",0.0,-0.006604590991296841,0.011114993558484698,0,334,564
breast_cancer,"ADD(area error,mean concavity)",-0.0116279069767442,-0.004127077763783617,0.00880560474289795,0,730,460
breast_cancer,"SUB(mean concavity,area error)",0.0,-0.007613850250556101,0.011899516399400928,0,335,730
breast_cancer,"MUL(area error,mean concavity)",0.0,-0.010574838958307076,0.013003806944733168,0,336,855
breast_cancer,"DIV(mean concavity,area error)",0.0,-0.007613850250556101,0.011899516399400928,0,337,729
breast_cancer,"ADD(mean concavity,smoothness error)",-0.0116279069767442,-0.0038479915211258892,0.008231943557520726,0,746,425
breast_cancer,"SUB(mean concavity,smoothness error)",-0.0116279069767442,-0.006757603514071211,0.010598589988430624,0,747,609
breast_cancer,"MUL(mean concavity,smoothness error)",-0.0116279069767442,-0.009475753740762234,0.011767614786413576,0,717,812
breast_cancer,"DIV(mean concavity,smoothness error)",0.0,-0.006757603514071211,0.010598589988430624,0,307,610
breast_cancer,"ADD(compactness error,mean concavity)",0.0,-0.0038479915211258892,0.008231943557520726,0,308,426
breast_cancer,"SUB(mean concavity,compactness error)",-0.0116279069767442,-0.006757603514071211,0.010598589988430624,0,718,593
breast_cancer,"MUL(compactness error,mean concavity)",-0.0116279069767442,-0.009475753740762234,0.011767614786413576,0,719,811
breast_cancer,"DIV(mean concavity,compactness error)",-0.0116279069767442,-0.006757603514071211,0.010598589988430624,0,720,624
breast_cancer,"ADD(concavity error,mean concavity)",-0.0116279069767442,-0.0041016206891839775,0.00846583935632106,0,721,458
breast_cancer,"SUB(mean concavity,concavity error)",-0.0116279069767442,-0.007011232682129301,0.010712596607611256,0,722,677
breast_cancer,"MUL(concavity error,mean concavity)",0.0,-0.009729382908820323,0.011812178873292478,0,309,837
breast_cancer,"DIV(mean concavity,concavity error)",0.0,-0.007011232682129301,0.010712596607611256,0,310,678
breast_cancer,"ADD(concave points error,mean concavity)",0.0,-0.0038479915211258892,0.008231943557520726,0,311,438
breast_cancer,"SUB(mean concavity,concave points error)",-0.0116279069767442,-0.006757603514071211,0.010598589988430624,0,723,605
breast_cancer,"MUL(concave points error,mean concavity)",-0.0116279069767442,-0.009475753740762234,0.011767614786413576,0,724,823
breast_cancer,"DIV(mean concavity,concave points error)",0.0,-0.006757603514071211,0.010598589988430624,0,312,606
breast_cancer,"ADD(mean concavity,symmetry error)",-0.0116279069767442,-0.0038479915211258892,0.008231943557520726,0,739,424
breast_cancer,"SUB(mean concavity,symmetry error)",0.0,-0.006757603514071211,0.010598589988430624,0,298,623
breast_cancer,"MUL(mean concavity,symmetry error)",-0.0116279069767442,-0.009475753740762234,0.011767614786413576,0,740,825
breast_cancer,"DIV(mean concavity,symmetry error)",0.0,-0.006757603514071211,0.010598589988430624,0,299,621
breast_cancer,"ADD(fractal dimension error,mean concavity)",0.0,-0.0038479915211258892,0.008231943557520726,0,300,437
breast_cancer,"SUB(mean concavity,fractal dimension error)",-0.0116279069767442,-0.006757603514071211,0.010598589988430624,0,741,596
breast_cancer,"MUL(fractal dimension error,mean concavity)",-0.0116279069767442,-0.009475753740762234,0.011767614786413576,0,742,814
breast_cancer,"DIV(mean concavity,fractal dimension error)",0.0,-0.006757603514071211,0.010598589988430624,0,301,620
breast_cancer,"ADD(mean concave points,mean symmetry)",0.0,-0.0038426062586405314,0.008318735988301327,0,302,419
breast_cancer,"SUB(mean concave points,mean symmetry)",-0.0116279069767442,-0.006752218251585855,0.010667610861872501,0,743,589
breast_cancer,"MUL(mean concave points,mean symmetry)",0.0,-0.00934691168815342,0.011800366546276099,0,303,786
breast_cancer,"DIV(mean concave points,mean symmetry)",0.0,-0.006752218251585855,0.010667610861872501,0,304,588
breast_cancer,"ADD(mean concave points,mean fractal dimension)",0.0,-0.0038479915211258892,0.008231943557520726,0,305,439
breast_cancer,"SUB(mean concave points,mean fractal dimension)",-0.0116279069767442,-0.006757603514071211,0.010598589988430624,0,744,607
breast_cancer,"MUL(mean concave points,mean fractal dimension)",-0.0116279069767442,-0.009475753740762234,0.011767614786413576,0,745,824
breast_cancer,"DIV(mean concave points,mean fractal dimension)",0.0,-0.006757603514071211,0.010598589988430624,0,306,608
breast_cancer,"ADD(mean concave points,radius error)",-0.0116279069767442,-0.0035399218573787783,0.00809796527890068,0,762,402
breast_cancer,"SUB(mean concave points,radius error)",0.0,-0.006449533850324103,0.010579933035872138,0,274,554
breast_cancer,"MUL(mean concave points,radius error)",0.0,-0.00916768407701512,0.011821860695964817,0,275,781
breast_cancer,"DIV(mean concave points,radius error)",0.0,-0.006449533850324103,0.010579933035872138,0,276,556
breast_cancer,"ADD(mean concave points,texture error)",0.0,-0.0034734442123487376,0.00807213839453846,0,277,395
breast_cancer,"SUB(mean concave points,texture error)",-0.0116279069767442,-0.006383056205294062,0.010578478527289438,0,732,543
breast_cancer,"MUL(mean concave points,texture error)",-0.0116279069767442,-0.009008613839392488,0.011834236994631663,0,733,774
breast_cancer,"DIV(mean concave points,texture error)",-0.0116279069767442,-0.006383056205294062,0.010578478527289438,0,734,546
breast_cancer,"ADD(mean concave points,perimeter error)",-0.0116279069767442,-0.003537571590944112,0.008082071147035252,0,735,398
breast_cancer,"SUB(mean concave points,perimeter error)",0.0,-0.006604590991296841,0.011114993558484698,0,278,562
breast_cancer,"MUL(mean concave points,perimeter error)",0.0,-0.009350856071156316,0.012334686609982676,0,279,789
breast_cancer,"DIV(mean concave points,perimeter error)",0.0,-0.006604590991296841,0.011114993558484698,0,280,563
breast_cancer,"ADD(area error,mean concave points)",0.0,-0.004127077763783617,0.00880560474289795,0,281,461
breast_cancer,"SUB(mean concave points,area error)",0.0,-0.007613850250556101,0.011899516399400928,0,282,733
breast_cancer,"MUL(area error,mean concave points)",0.0,-0.010574838958307076,0.013003806944733168,0,283,857
breast_cancer,"DIV(mean concave points,area error)",0.0,-0.007613850250556101,0.011899516399400928,0,284,734
breast_cancer,"ADD(mean concave points,smoothness error)",0.0,-0.0038479915211258892,0.008231943557520726,0,264,444
breast_cancer,"SUB(mean concave points,smoothness error)",0.0,-0.006757603514071211,0.010598589988430624,0,265,628
breast_cancer,"MUL(mean concave points,smoothness error)",-0.0116279069767442,-0.009475753740762234,0.011767614786413576,0,757,826
breast_cancer,"DIV(mean concave points,smoothness error)",0.0,-0.006757603514071211,0.010598589988430624,0,266,629
breast_cancer,"ADD(compactness error,mean concave points)",0.0,-0.0038479915211258892,0.008231943557520726,0,267,440
breast_cancer,"SUB(mean concave points,compactness error)",0.0,-0.006757603514071211,0.010598589988430624,0,268,630
breast_cancer,"MUL(compactness error,mean concave points)",-0.0116279069767442,-0.009475753740762234,0.011767614786413576,0,758,815
breast_cancer,"DIV(mean concave points,compactness error)",-0.0232558139534883,-0.006757603514071211,0.010598589988430624,0,875,627
breast_cancer,"ADD(concavity error,mean concave points)",0.0,-0.0041016206891839775,0.00846583935632106,0,269,454
breast_cancer,"SUB(mean concave points,concavity error)",0.0,-0.007011232682129301,0.010712596607611256,0,270,673
breast_cancer,"MUL(concavity error,mean concave points)",-0.0116279069767442,-0.009729382908820323,0.011812178873292478,0,759,836
breast_cancer,"DIV(mean concave points,concavity error)",0.0,-0.007011232682129301,0.010712596607611256,0,271,674
breast_cancer,"ADD(concave points error,mean concave points)",0.0,-0.0038479915211258892,0.008231943557520726,0,272,427
breast_cancer,"SUB(mean concave points,concave points error)",-0.0116279069767442,-0.006757603514071211,0.010598589988430624,0,760,619
breast_cancer,"MUL(concave points error,mean concave points)",-0.0116279069767442,-0.009475753740762234,0.011767614786413576,0,761,816
breast_cancer,"DIV(mean concave points,concave points error)",0.0,-0.006757603514071211,0.010598589988430624,0,273,616
breast_cancer,"ADD(mean concave points,symmetry error)",-0.0116279069767442,-0.0038479915211258892,0.008231943557520726,0,777,446
breast_cancer,"SUB(mean concave points,symmetry error)",0.0,-0.006757603514071211,0.010598589988430624,0,243,631
breast_cancer,"MUL(mean concave points,symmetry error)",-0.0116279069767442,-0.009475753740762234,0.011767614786413576,0,778,813
breast_cancer,"DIV(mean concave points,symmetry error)",-0.0116279069767442,-0.006757603514071211,0.010598589988430624,0,748,625
breast_cancer,"ADD(fractal dimension error,mean concave points)",0.0,-0.0038479915211258892,0.008231943557520726,0,244,445
breast_cancer,"SUB(mean concave points,fractal dimension error)",0.0,-0.006757603514071211,0.010598589988430624,0,245,638
breast_cancer,"MUL(fractal dimension error,mean concave points)",-0.0116279069767442,-0.009475753740762234,0.011767614786413576,0,749,808
breast_cancer,"DIV(mean concave points,fractal dimension error)",0.0,-0.006757603514071211,0.010598589988430624,0,246,635
breast_cancer,"ADD(mean fractal dimension,mean symmetry)",-0.0116279069767442,-0.0038479915211258892,0.008231943557520726,0,750,442
breast_cancer,"SUB(mean symmetry,mean fractal dimension)",0.0,-0.006757603514071211,0.010598589988430624,0,247,636
breast_cancer,"MUL(mean fractal dimension,mean symmetry)",0.0,-0.009457986432916225,0.011779220004148919,0,248,802
breast_cancer,"DIV(mean symmetry,mean fractal dimension)",-0.0116279069767442,-0.006757603514071211,0.010598589988430624,0,751,633
breast_cancer,"ADD(mean symmetry,radius error)",0.0,-0.0035399218573787783,0.00809796527890068,0,249,403
breast_cancer,"SUB(mean symmetry,radius error)",-0.0116279069767442,-0.006449533850324103,0.010579933035872138,0,752,555
breast_cancer,"MUL(mean symmetry,radius error)",0.0,-0.009149916769169111,0.011832950152959038,0,250,780
breast_cancer,"DIV(mean symmetry,radius error)",0.0,-0.006449533850324103,0.010579933035872138,0,251,557
breast_cancer,"ADD(mean symmetry,texture error)",0.0,-0.0034734442123487376,0.00807213839453846,0,231,396
breast_cancer,"SUB(mean symmetry,texture error)",0.0,-0.006383056205294062,0.010578478527289438,0,232,545
breast_cancer,"MUL(mean symmetry,texture error)",-0.0116279069767442,-0.008990846531546477,0.011845076266236603,0,773,771
breast_cancer,"DIV(mean symmetry,texture error)",-0.0116279069767442,-0.006383056205294062,0.010578478527289438,0,774,547
breast_cancer,"ADD(mean symmetry,perimeter error)",0.0,-0.003537571590944112,0.008082071147035252,0,233,401
breast_cancer,"SUB(mean symmetry,perimeter error)",-0.0116279069767442,-0.006604590991296841,0.011114993558484698,0,775,568
breast_cancer,"MUL(mean symmetry,perimeter error)",0.0,-0.009333088763310307,0.012345579035449052,0,234,785
breast_cancer,"DIV(mean symmetry,perimeter error)",0.0,-0.006604590991296841,0.011114993558484698,0,235,567
breast_cancer,"ADD(area error,mean symmetry)",0.0,-0.004127077763783617,0.00880560474289795,0,236,462
breast_cancer,"SUB(mean symmetry,area error)",-0.0116279069767442,-0.007613850250556101,0.011899516399400928,0,776,728
breast_cancer,"MUL(area error,mean symmetry)",0.0,-0.010557071650461065,0.01301581026180976,0,237,854
breast_cancer,"DIV(mean symmetry,area error)",0.0,-0.007613850250556101,0.011899516399400928,0,238,727
breast_cancer,"ADD(mean symmetry,smoothness error)",0.0,-0.0038479915211258892,0.008231943557520726,0,239,443
breast_cancer,"SUB(mean symmetry,smoothness error)",0.0,-0.006757603514071211,0.010598589988430624,0,240,626
breast_cancer,"MUL(mean symmetry,smoothness error)",0.0,-0.009457986432916225,0.011779220004148919,0,241,805
breast_cancer,"DIV(mean symmetry,smoothness error)",0.0,-0.006757603514071211,0.010598589988430624,0,242,632
breast_cancer,"ADD(compactness error,mean symmetry)",0.0,-0.0038479915211258892,0.008231943557520726,0,218,428
breast_cancer,"SUB(mean symmetry,compactness error)",0.0,-0.006757603514071211,0.010598589988430624,0,219,645
breast_cancer,"MUL(compactness error,mean symmetry)",-0.0116279069767442,-0.009457986432916225,0.011779220004148919,0,770,807
breast_cancer,"DIV(mean symmetry,compactness error)",-0.0116279069767442,-0.006757603514071211,0.010598589988430624,0,771,646
breast_cancer,"ADD(concavity error,mean symmetry)",0.0,-0.0041016206891839775,0.00846583935632106,0,220,453
breast_cancer,"SUB(mean symmetry,concavity error)",0.0,-0.007011232682129301,0.010712596607611256,0,221,676
breast_cancer,"MUL(concavity error,mean symmetry)",0.0,-0.009711615600974312,0.011824121468185057,0,222,832
breast_cancer,"DIV(mean symmetry,concavity error)",0.0,-0.007011232682129301,0.010712596607611256,0,223,675
breast_cancer,"ADD(concave points error,mean symmetry)",0.0,-0.0038479915211258892,0.008231943557520726,0,224,429
breast_cancer,"SUB(mean symmetry,concave points error)",0.0,-0.006757603514071211,0.010598589988430624,0,225,597
breast_cancer,"MUL(concave points error,mean symmetry)",0.0,-0.009457986432916225,0.011779220004148919,0,226,803
breast_cancer,"DIV(mean symmetry,concave points error)",0.0,-0.006757603514071211,0.010598589988430624,0,227,603
breast_cancer,"ADD(mean symmetry,symmetry error)",0.0,-0.0038479915211258892,0.008231943557520726,0,228,448
breast_cancer,"SUB(mean symmetry,symmetry error)",0.0,-0.006757603514071211,0.010598589988430624,0,229,642
breast_cancer,"MUL(mean symmetry,symmetry error)",-0.0116279069767442,-0.009457986432916225,0.011779220004148919,0,772,806
breast_cancer,"DIV(mean symmetry,symmetry error)",0.0,-0.006757603514071211,0.010598589988430624,0,230,640
breast_cancer,"ADD(fractal dimension error,mean symmetry)",0.0,-0.0038479915211258892,0.008231943557520726,0,195,441
breast_cancer,"SUB(mean symmetry,fractal dimension error)",0.0,-0.006757603514071211,0.010598589988430624,0,196,637
breast_cancer,"MUL(fractal dimension error,mean symmetry)",0.0,-0.009457986432916225,0.011779220004148919,0,197,804
breast_cancer,"DIV(mean symmetry,fractal dimension error)",-0.0116279069767442,-0.006757603514071211,0.010598589988430624,0,793,634
breast_cancer,"ADD(mean fractal dimension,radius error)",0.0,-0.003498527799214027,0.00817583687198097,0,198,397
breast_cancer,"SUB(mean fractal dimension,radius error)",-0.0116279069767442,-0.00640813979215935,0.01065096855871086,0,794,550
breast_cancer,"MUL(mean fractal dimension,radius error)",0.0,-0.009089252981813331,0.011911753454690992,0,199,775
breast_cancer,"DIV(mean fractal dimension,radius error)",0.0,-0.00640813979215935,0.01065096855871086,0,200,549
breast_cancer,"ADD(mean fractal dimension,texture error)",-0.0116279069767442,-0.0034320501541839857,0.008149919116195873,0,763,391
breast_cancer,"SUB(mean fractal dimension,texture error)",0.0,-0.006341662147129309,0.010649265354399922,0,201,540
breast_cancer,"MUL(mean fractal dimension,texture error)",-0.0116279069767442,-0.008930182744190699,0.011922990111115273,0,764,770
breast_cancer,"DIV(mean fractal dimension,texture error)",0.0,-0.006341662147129309,0.010649265354399922,0,202,539
breast_cancer,"ADD(mean fractal dimension,perimeter error)",0.0,-0.0034498812364830637,0.008153517874837483,0,203,392
breast_cancer,"SUB(mean fractal dimension,perimeter error)",-0.0116279069767442,-0.0065169006368357915,0.01119111064869893,0,765,559
breast_cancer,"MUL(mean fractal dimension,perimeter error)",0.0,-0.009226128679658229,0.012439230349511018,0,204,784
breast_cancer,"DIV(mean fractal dimension,perimeter error)",0.0,-0.0065169006368357915,0.01119111064869893,0,205,560
breast_cancer,"ADD(area error,mean fractal dimension)",0.0,-0.004039387409322569,0.008877051459139336,0,182,449
breast_cancer,"SUB(mean fractal dimension,area error)",-0.0116279069767442,-0.0075261598960950525,0.011978037021576298,0,790,690
breast_cancer,"MUL(area error,mean fractal dimension)",0.0,-0.010450111566808988,0.013114659025804094,0,183,853
breast_cancer,"DIV(mean fractal dimension,area error)",0.0,-0.0075261598960950525,0.011978037021576298,0,184,689
breast_cancer,"ADD(mean fractal dimension,smoothness error)",0.0,-0.0037745191927039522,0.008318458873737842,0,185,411
breast_cancer,"SUB(mean fractal dimension,smoothness error)",0.0,-0.006684131185649273,0.010685949886583546,0,186,580
breast_cancer,"MUL(mean fractal dimension,smoothness error)",0.0,-0.00936524437530326,0.01188092318696815,0,187,798
breast_cancer,"DIV(mean fractal dimension,smoothness error)",-0.0116279069767442,-0.006684131185649273,0.010685949886583546,0,791,579
breast_cancer,"ADD(compactness error,mean fractal dimension)",0.0,-0.0037745191927039522,0.008318458873737842,0,188,412
breast_cancer,"SUB(mean fractal dimension,compactness error)",0.0,-0.006684131185649273,0.010685949886583546,0,189,584
breast_cancer,"MUL(compactness error,mean fractal dimension)",-0.0116279069767442,-0.00936524437530326,0.01188092318696815,0,792,796
breast_cancer,"DIV(mean fractal dimension,compactness error)",0.0,-0.006684131185649273,0.010685949886583546,0,190,583
breast_cancer,"ADD(concavity error,mean fractal dimension)",0.0,-0.004060226631019226,0.008543079356662158,0,191,451
breast_cancer,"SUB(mean fractal dimension,concavity error)",0.0,-0.006969838623964549,0.010784914290838991,0,192,656
breast_cancer,"MUL(concavity error,mean fractal dimension)",0.0,-0.009650951813618535,0.011905845585018605,0,193,829
breast_cancer,"DIV(mean fractal dimension,concavity error)",0.0,-0.006969838623964549,0.010784914290838991,0,194,655
breast_cancer,"ADD(concave points error,mean fractal dimension)",0.0,-0.0037745191927039522,0.008318458873737842,0,170,416
breast_cancer,"SUB(mean fractal dimension,concave points error)",0.0,-0.006684131185649273,0.010685949886583546,0,171,581
breast_cancer,"MUL(concave points error,mean fractal dimension)",0.0,-0.00936524437530326,0.01188092318696815,0,172,797
breast_cancer,"DIV(mean fractal dimension,concave points error)",0.0,-0.006684131185649273,0.010685949886583546,0,173,572
breast_cancer,"ADD(mean fractal dimension,symmetry error)",0.0,-0.0037745191927039522,0.008318458873737842,0,174,415
breast_cancer,"SUB(mean fractal dimension,symmetry error)",0.0,-0.006684131185649273,0.010685949886583546,0,175,569
breast_cancer,"MUL(mean fractal dimension,symmetry error)",-0.0116279069767442,-0.00936524437530326,0.01188092318696815,0,786,795
breast_cancer,"DIV(mean fractal dimension,symmetry error)",0.0,-0.006684131185649273,0.010685949886583546,0,176,582
breast_cancer,"ADD(fractal dimension error,mean fractal dimension)",-0.0116279069767442,-0.0037745191927039522,0.008318458873737842,0,787,413
breast_cancer,"SUB(mean fractal dimension,fractal dimension error)",0.0,-0.006684131185649273,0.010685949886583546,0,177,573
breast_cancer,"MUL(fractal dimension error,mean fractal dimension)",0.0,-0.00936524437530326,0.01188092318696815,0,178,799
breast_cancer,"DIV(mean fractal dimension,fractal dimension error)",0.0,-0.006684131185649273,0.010685949886583546,0,179,574
breast_cancer,"ADD(radius error,texture error)",0.0,-0.004313089982062516,0.009131134573623039,0,180,463
breast_cancer,"SUB(radius error,texture error)",-0.0116279069767442,-0.007839985925625124,0.011651283995003786,0,788,736
breast_cancer,"MUL(radius error,texture error)",-0.0116279069767442,-0.010979189343166535,0.012869665808354034,0,789,864
breast_cancer,"DIV(radius error,texture error)",0.0,-0.007839985925625124,0.011651283995003786,0,181,735
breast_cancer,"ADD(perimeter error,radius error)",-0.0116279069767442,-0.004479069212509744,0.009279656937802428,0,784,464
breast_cancer,"SUB(radius error,perimeter error)",0.0,-0.008163372563479758,0.012193314241834655,0,156,744
breast_cancer,"MUL(perimeter error,radius error)",0.0,-0.011423283426782218,0.013328236310541879,0,157,865
breast_cancer,"DIV(radius error,perimeter error)",0.0,-0.008163372563479758,0.012193314241834655,0,158,743
breast_cancer,"ADD(area error,radius error)",0.0,-0.005330921064361595,0.010196611713052188,0,159,485
breast_cancer,"SUB(radius error,area error)",0.0,-0.009434977501751362,0.012968524299994847,0,160,800
breast_cancer,"MUL(area error,radius error)",0.0,-0.012909611992945323,0.013867111219272749,0,161,879
breast_cancer,"DIV(radius error,area error)",0.0,-0.009434977501751362,0.012968524299994847,0,162,801
breast_cancer,"ADD(radius error,smoothness error)",0.0,-0.004687637290839669,0.009238729401194396,0,163,467
breast_cancer,"SUB(radius error,smoothness error)",0.0,-0.008214533234402277,0.011622690837801498,0,164,750
breast_cancer,"MUL(radius error,smoothness error)",0.0,-0.011446329244536283,0.012736358256663416,0,165,868
breast_cancer,"DIV(radius error,smoothness error)",0.0,-0.008214533234402277,0.011622690837801498,0,166,749
breast_cancer,"ADD(compactness error,radius error)",-0.0116279069767442,-0.004687637290839669,0.009238729401194396,0,785,469
breast_cancer,"SUB(radius error,compactness error)",0.0,-0.008214533234402277,0.011622690837801498,0,167,748
breast_cancer,"MUL(compactness error,radius error)",0.0,-0.011446329244536283,0.012736358256663416,0,168,866
breast_cancer,"DIV(radius error,compactness error)",0.0,-0.008214533234402277,0.011622690837801498,0,169,747
breast_cancer,"ADD(concavity error,radius error)",-0.0116279069767442,-0.004941266458897757,0.00942516551076157,0,803,484
breast_cancer,"SUB(radius error,concavity error)",0.0,-0.008468162402460367,0.01169519212753187,0,131,758
breast_cancer,"MUL(concavity error,radius error)",0.0,-0.011699958412594372,0.01273836892086581,0,132,871
breast_cancer,"DIV(radius error,concavity error)",0.0,-0.008468162402460367,0.01169519212753187,0,133,759
breast_cancer,"ADD(concave points error,radius error)",0.0,-0.004687637290839669,0.009238729401194396,0,134,465
breast_cancer,"SUB(radius error,concave points error)",-0.0116279069767442,-0.008214533234402277,0.011622690837801498,0,804,746
breast_cancer,"MUL(concave points error,radius error)",-0.0116279069767442,-0.011446329244536283,0.012736358256663416,0,779,867
breast_cancer,"DIV(radius error,concave points error)",0.0,-0.008214533234402277,0.011622690837801498,0,135,753
breast_cancer,"ADD(radius error,symmetry error)",-0.0116279069767442,-0.004687637290839669,0.009238729401194396,0,780,468
breast_cancer,"SUB(radius error,symmetry error)",0.0,-0.008214533234402277,0.011622690837801498,0,136,754
breast_cancer,"MUL(radius error,symmetry error)",0.0,-0.011446329244536283,0.012736358256663416,0,137,869
breast_cancer,"DIV(radius error,symmetry error)",0.0,-0.008214533234402277,0.011622690837801498,0,138,752
breast_cancer,"ADD(fractal dimension error,radius error)",0.0,-0.004687637290839669,0.009238729401194396,0,139,466
breast_cancer,"SUB(radius error,fractal dimension error)",0.0,-0.008214533234402277,0.011622690837801498,0,140,755
breast_cancer,"MUL(fractal dimension error,radius error)",0.0,-0.011446329244536283,0.012736358256663416,0,141,870
breast_cancer,"DIV(radius error,fractal dimension error)",-0.0116279069767442,-0.008214533234402277,0.011622690837801498,0,781,751
breast_cancer,"ADD(perimeter error,texture error)",0.0,-0.007106701940035269,0.010607436348784471,0,122,679
breast_cancer,"SUB(texture error,perimeter error)",-0.0116279069767442,-0.009920634920634915,0.012434290835303114,0,799,849
breast_cancer,"MUL(perimeter error,texture error)",-0.0116279069767442,-0.012141096477928602,0.012657925607417115,0,800,872
breast_cancer,"DIV(texture error,perimeter error)",0.0,-0.009920634920634915,0.012434290835303114,0,123,850
breast_cancer,"ADD(area error,texture error)",0.0,-0.007896825396825395,0.011192094333081444,0,124,737
breast_cancer,"SUB(texture error,area error)",0.0,-0.010945326278659608,0.013041062647222636,0,125,862
breast_cancer,"MUL(area error,texture error)",-0.0116279069767442,-0.013257054673721338,0.013098083045083588,0,801,880
breast_cancer,"DIV(texture error,area error)",-0.0232558139534883,-0.010945326278659608,0.013041062647222636,0,871,863
breast_cancer,"ADD(smoothness error,texture error)",0.0,-0.007004614852012564,0.01029022014063078,0,126,662
breast_cancer,"SUB(texture error,smoothness error)",0.0,-0.009846325610389988,0.011872803969003462,0,127,840
breast_cancer,"MUL(smoothness error,texture error)",-0.0232558139534883,-0.012186820462663372,0.012092781115403566,0,870,874
breast_cancer,"DIV(texture error,smoothness error)",0.0,-0.009846325610389988,0.011872803969003462,0,128,839
breast_cancer,"ADD(compactness error,texture error)",0.0,-0.007004614852012564,0.01029022014063078,0,129,660
breast_cancer,"SUB(texture error,compactness error)",0.0,-0.009846325610389988,0.011872803969003462,0,130,848
breast_cancer,"MUL(compactness error,texture error)",-0.0116279069767442,-0.012186820462663372,0.012092781115403566,0,802,875
breast_cancer,"DIV(texture error,compactness error)",-0.0232558139534883,-0.009846325610389988,0.011872803969003462,0,869,841
breast_cancer,"ADD(concavity error,texture error)",0.0,-0.007258244020070653,0.01040158393307964,0,99,680
breast_cancer,"SUB(texture error,concavity error)",0.0,-0.010099954778448075,0.011909085203726747,0,100,851
breast_cancer,"MUL(concavity error,texture error)",-0.0116279069767442,-0.01244044963072146,0.012079360739867281,0,833,878
breast_cancer,"DIV(texture error,concavity error)",-0.0116279069767442,-0.010099954778448075,0.011909085203726747,0,834,852
breast_cancer,"ADD(concave points error,texture error)",0.0,-0.007004614852012564,0.01029022014063078,0,101,663
breast_cancer,"SUB(texture error,concave points error)",0.0,-0.009846325610389988,0.011872803969003462,0,102,847
breast_cancer,"MUL(concave points error,texture error)",-0.0116279069767442,-0.012186820462663372,0.012092781115403566,0,805,873
breast_cancer,"DIV(texture error,concave points error)",-0.0116279069767442,-0.009846325610389988,0.011872803969003462,0,806,846
breast_cancer,"ADD(symmetry error,texture error)",0.0,-0.007004614852012564,0.01029022014063078,0,103,664
breast_cancer,"SUB(texture error,symmetry error)",0.0,-0.009846325610389988,0.011872803969003462,0,104,843
breast_cancer,"MUL(symmetry error,texture error)",-0.0116279069767442,-0.012186820462663372,0.012092781115403566,0,807,877
breast_cancer,"DIV(texture error,symmetry error)",-0.0116279069767442,-0.009846325610389988,0.011872803969003462,0,808,844
breast_cancer,"ADD(fractal dimension error,texture error)",0.0,-0.007004614852012564,0.01029022014063078,0,105,661
breast_cancer,"SUB(texture error,fractal dimension error)",0.0,-0.009846325610389988,0.011872803969003462,0,106,845
breast_cancer,"MUL(fractal dimension error,texture error)",-0.0116279069767442,-0.012186820462663372,0.012092781115403566,0,809,876
breast_cancer,"DIV(texture error,fractal dimension error)",-0.0232558139534883,-0.009846325610389988,0.011872803969003462,0,868,842
breast_cancer,"ADD(area error,perimeter error)",-0.0116279069767442,-0.0001296296296296295,0.001404358295529388,0,829,214
breast_cancer,"SUB(perimeter error,area error)",0.0,-0.0001296296296296295,0.001404358295529388,0,87,216
breast_cancer,"MUL(area error,perimeter error)",0.0,-0.00019135802469135782,0.001647570065540683,0,88,346
breast_cancer,"DIV(perimeter error,area error)",0.0,-0.0001296296296296295,0.001404358295529388,0,89,215
breast_cancer,"ADD(perimeter error,smoothness error)",0.0,-0.00011674120231228125,0.0020862987636460603,0,90,152
breast_cancer,"SUB(perimeter error,smoothness error)",-0.0116279069767442,-0.00011674120231228125,0.0020862987636460603,0,830,153
breast_cancer,"MUL(perimeter error,smoothness error)",-0.0116279069767442,-0.00017846959737400964,0.002257542600639228,0,831,252
breast_cancer,"DIV(perimeter error,smoothness error)",0.0,-0.00011674120231228125,0.0020862987636460603,0,91,157
breast_cancer,"ADD(compactness error,perimeter error)",0.0,-0.00011674120231228125,0.0020862987636460603,0,92,156
breast_cancer,"SUB(perimeter error,compactness error)",0.0,-0.00011674120231228125,0.0020862987636460603,0,93,155
breast_cancer,"MUL(compactness error,perimeter error)",0.0,-0.00017846959737400964,0.002257542600639228,0,94,250
breast_cancer,"DIV(perimeter error,compactness error)",0.0,-0.00011674120231228125,0.0020862987636460603,0,95,154
breast_cancer,"ADD(concavity error,perimeter error)",-0.0116279069767442,-0.000185185185185185,0.0018425693279752182,0,832,337
breast_cancer,"SUB(perimeter error,concavity error)",0.0,-0.000185185185185185,0.0018425693279752182,0,96,336
breast_cancer,"MUL(concavity error,perimeter error)",0.0,-0.00024691358024691337,0.0020323552633523785,0,97,367
breast_cancer,"DIV(perimeter error,concavity error)",0.0,-0.000185185185185185,0.0018425693279752182,0,98,343
breast_cancer,"ADD(concave points error,perimeter error)",0.0,-0.00011674120231228125,0.0020862987636460603,0,68,158
breast_cancer,"SUB(perimeter error,concave points error)",-0.0116279069767442,-0.00011674120231228125,0.0020862987636460603,0,620,159
breast_cancer,"MUL(concave points error,perimeter error)",-0.0116279069767442,-0.00017846959737400964,0.002257542600639228,0,621,249
breast_cancer,"DIV(perimeter error,concave points error)",0.0,-0.00011674120231228125,0.0020862987636460603,0,69,160
breast_cancer,"ADD(perimeter error,symmetry error)",-0.0116279069767442,-0.00011674120231228125,0.0020862987636460603,0,622,161
breast_cancer,"SUB(perimeter error,symmetry error)",0.0,-0.00011674120231228125,0.0020862987636460603,0,70,117
breast_cancer,"MUL(perimeter error,symmetry error)",0.0,-0.00017846959737400964,0.002257542600639228,0,71,248
breast_cancer,"DIV(perimeter error,symmetry error)",0.0,-0.00011674120231228125,0.0020862987636460603,0,72,116
breast_cancer,"ADD(fractal dimension error,perimeter error)",0.0,-0.00011674120231228125,0.0020862987636460603,0,73,115
breast_cancer,"SUB(perimeter error,fractal dimension error)",-0.0116279069767442,-0.00011674120231228125,0.0020862987636460603,0,820,114
breast_cancer,"MUL(fractal dimension error,perimeter error)",-0.0116279069767442,-0.00017846959737400964,0.002257542600639228,0,821,246
breast_cancer,"DIV(perimeter error,fractal dimension error)",-0.0116279069767442,-0.00011674120231228125,0.0020862987636460603,0,822,138
breast_cancer,"ADD(area error,smoothness error)",0.0,-0.00011674120231228125,0.0020862987636460603,0,74,139
breast_cancer,"SUB(area error,smoothness error)",0.0,-0.00011674120231228125,0.0020862987636460603,0,75,140
breast_cancer,"MUL(area error,smoothness error)",0.0,-0.00017846959737400964,0.002257542600639228,0,76,245
breast_cancer,"DIV(area error,smoothness error)",0.0,-0.00011674120231228125,0.0020862987636460603,0,77,141
breast_cancer,"ADD(area error,compactness error)",0.0,-0.00011674120231228125,0.0020862987636460603,0,53,113
breast_cancer,"SUB(area error,compactness error)",0.0,-0.00011674120231228125,0.0020862987636460603,0,54,142
breast_cancer,"MUL(area error,compactness error)",0.0,-0.00017846959737400964,0.002257542600639228,0,55,247
breast_cancer,"DIV(area error,compactness error)",0.0,-0.00011674120231228125,0.0020862987636460603,0,56,149
breast_cancer,"ADD(area error,concavity error)",0.0,-0.000185185185185185,0.0018425693279752182,0,57,323
breast_cancer,"SUB(area error,concavity error)",0.0,-0.000185185185185185,0.0018425693279752182,0,58,340
breast_cancer,"MUL(area error,concavity error)",0.0,-0.00024691358024691337,0.0020323552633523785,0,59,365
breast_cancer,"DIV(area error,concavity error)",0.0,-0.000185185185185185,0.0018425693279752182,0,60,319
breast_cancer,"ADD(area error,concave points error)",0.0,-0.00011674120231228125,0.0020862987636460603,0,61,148
breast_cancer,"SUB(area error,concave points error)",-0.0116279069767442,-0.00011674120231228125,0.0020862987636460603,0,619,147
breast_cancer,"MUL(area error,concave points error)",0.0,-0.00017846959737400964,0.002257542600639228,0,62,259
breast_cancer,"DIV(area error,concave points error)",0.0,-0.00011674120231228125,0.0020862987636460603,0,63,146
breast_cancer,"ADD(area error,symmetry error)",0.0,-0.00011674120231228125,0.0020862987636460603,0,64,145
breast_cancer,"SUB(area error,symmetry error)",0.0,-0.00011674120231228125,0.0020862987636460603,0,65,144
breast_cancer,"MUL(area error,symmetry error)",0.0,-0.00017846959737400964,0.002257542600639228,0,66,257
breast_cancer,"DIV(area error,symmetry error)",0.0,-0.00011674120231228125,0.0020862987636460603,0,67,143
breast_cancer,"ADD(area error,fractal dimension error)",0.0,-0.00011674120231228125,0.0020862987636460603,0,43,133
breast_cancer,"SUB(area error,fractal dimension error)",0.0,-0.00011674120231228125,0.0020862987636460603,0,44,132
breast_cancer,"MUL(area error,fractal dimension error)",0.0,-0.00017846959737400964,0.002257542600639228,0,45,254
breast_cancer,"DIV(area error,fractal dimension error)",-0.0116279069767442,-0.00011674120231228125,0.0020862987636460603,0,615,131
breast_cancer,"ADD(compactness error,smoothness error)",0.0,-0.0013928191707938526,0.01199485478363566,0,46,373
breast_cancer,"SUB(smoothness error,compactness error)",0.0,-0.004812622430001311,0.012933292477017083,0,47,470
breast_cancer,"MUL(compactness error,smoothness error)",-0.0232558139534883,-0.0057204604533471,0.015181181265050329,0,880,508
breast_cancer,"DIV(smoothness error,compactness error)",-0.0116279069767442,-0.004869021942407979,0.0129078744393241,0,616,477
breast_cancer,"ADD(concavity error,smoothness error)",0.0,-0.0025338772547144144,0.011416063101510446,0,48,380
breast_cancer,"SUB(smoothness error,concavity error)",0.0,-0.005797251143641562,0.012272800415088487,0,49,517
breast_cancer,"MUL(concavity error,smoothness error)",-0.0232558139534883,-0.006982013795029052,0.014115232019949088,0,879,659
breast_cancer,"DIV(smoothness error,concavity error)",-0.0116279069767442,-0.005853650656048229,0.01224147593696058,0,617,518
breast_cancer,"ADD(concave points error,smoothness error)",0.0,-0.0014221439726103135,0.011939302600663443,0,50,376
breast_cancer,"SUB(smoothness error,concave points error)",0.0,-0.004841947231817773,0.012874000524316932,0,51,473
breast_cancer,"MUL(concave points error,smoothness error)",-0.0116279069767442,-0.005776739636189679,0.01507065119538736,0,618,510
breast_cancer,"DIV(smoothness error,concave points error)",0.0,-0.004898346744224441,0.0128483364657202,0,52,480
breast_cancer,"ADD(smoothness error,symmetry error)",0.0,-0.0014221439726103135,0.011939302600663443,0,20,375
breast_cancer,"SUB(smoothness error,symmetry error)",0.0,-0.004841947231817773,0.012874000524316932,0,21,472
breast_cancer,"MUL(smoothness error,symmetry error)",0.0,-0.005776739636189679,0.01507065119538736,0,22,512
breast_cancer,"DIV(smoothness error,symmetry error)",0.0,-0.004898346744224441,0.0128483364657202,0,23,483
breast_cancer,"ADD(fractal dimension error,smoothness error)",0.0,-0.0014221439726103135,0.011939302600663443,0,24,374
breast_cancer,"SUB(smoothness error,fractal dimension error)",0.0,-0.004841947231817773,0.012874000524316932,0,25,471
breast_cancer,"MUL(fractal dimension error,smoothness error)",-0.0232558139534883,-0.005776739636189679,0.01507065119538736,0,866,511
breast_cancer,"DIV(smoothness error,fractal dimension error)",0.0,-0.004898346744224441,0.0128483364657202,0,26,481
breast_cancer,"ADD(compactness error,concavity error)",0.0,-0.004060226631019226,0.008543079356662158,0,27,450
breast_cancer,"SUB(compactness error,concavity error)",0.0,-0.006969838623964549,0.010784914290838991,0,28,658
breast_cancer,"MUL(compactness error,concavity error)",-0.0116279069767442,-0.009650951813618535,0.011905845585018605,0,848,830
breast_cancer,"DIV(compactness error,concavity error)",0.0,-0.006969838623964549,0.010784914290838991,0,29,657
breast_cancer,"ADD(compactness error,concave points error)",0.0,-0.0037745191927039522,0.008318458873737842,0,30,414
breast_cancer,"SUB(compactness error,concave points error)",0.0,-0.006684131185649273,0.010685949886583546,0,31,571
breast_cancer,"MUL(compactness error,concave points error)",-0.0232558139534883,-0.00936524437530326,0.01188092318696815,0,865,792
breast_cancer,"DIV(compactness error,concave points error)",0.0,-0.006684131185649273,0.010685949886583546,0,32,570
breast_cancer,"ADD(compactness error,symmetry error)",0.0,-0.0037745191927039522,0.008318458873737842,0,8,418
breast_cancer,"SUB(compactness error,symmetry error)",0.0,-0.006684131185649273,0.010685949886583546,0,9,578
breast_cancer,"MUL(compactness error,symmetry error)",-0.0116279069767442,-0.00936524437530326,0.01188092318696815,0,844,794
breast_cancer,"DIV(compactness error,symmetry error)",0.0,-0.006684131185649273,0.010685949886583546,0,10,575
breast_cancer,"ADD(compactness error,fractal dimension error)",0.0,-0.0037745191927039522,0.008318458873737842,0,11,417
breast_cancer,"SUB(compactness error,fractal dimension error)",0.0,-0.006684131185649273,0.010685949886583546,0,12,576
breast_cancer,"MUL(compactness error,fractal dimension error)",-0.0116279069767442,-0.00936524437530326,0.01188092318696815,0,845,793
breast_cancer,"DIV(compactness error,fractal dimension error)",0.0,-0.006684131185649273,0.010685949886583546,0,13,577
breast_cancer,"ADD(concave points error,concavity error)",0.0,-0.0038479915211258892,0.008231943557520726,0,14,422
breast_cancer,"SUB(concavity error,concave points error)",0.0,-0.006757603514071211,0.010598589988430624,0,15,604
breast_cancer,"MUL(concave points error,concavity error)",0.0,-0.009475753740762234,0.011767614786413576,0,16,820
breast_cancer,"DIV(concavity error,concave points error)",0.0,-0.006757603514071211,0.010598589988430624,0,17,598
breast_cancer,"ADD(concavity error,symmetry error)",0.0,-0.0038479915211258892,0.008231943557520726,0,18,423
breast_cancer,"SUB(concavity error,symmetry error)",0.0,-0.006757603514071211,0.010598589988430624,0,19,644
breast_cancer,"MUL(concavity error,symmetry error)",-0.0116279069767442,-0.009475753740762234,0.011767614786413576,0,846,828
breast_cancer,"DIV(concavity error,symmetry error)",-0.0116279069767442,-0.006757603514071211,0.010598589988430624,0,847,641
breast_cancer,"ADD(concavity error,fractal dimension error)",0.0,-0.0038479915211258892,0.008231943557520726,0,585,434
breast_cancer,"SUB(concavity error,fractal dimension error)",0.0,-0.006757603514071211,0.010598589988430624,0,586,602
breast_cancer,"MUL(concavity error,fractal dimension error)",0.0,-0.009475753740762234,0.011767614786413576,0,587,809
breast_cancer,"DIV(concavity error,fractal dimension error)",0.0,-0.006757603514071211,0.010598589988430624,0,588,599
breast_cancer,"ADD(concave points error,symmetry error)",0.0,-0.0014221439726103135,0.011939302600663443,0,589,377
breast_cancer,"SUB(concave points error,symmetry error)",0.0,-0.004841947231817773,0.012874000524316932,0,590,476
breast_cancer,"MUL(concave points error,symmetry error)",-0.0116279069767442,-0.005776739636189679,0.01507065119538736,0,601,514
breast_cancer,"DIV(concave points error,symmetry error)",-0.0116279069767442,-0.004898346744224441,0.0128483364657202,0,600,478
breast_cancer,"ADD(concave points error,fractal dimension error)",0.0,-0.0014221439726103135,0.011939302600663443,0,591,378
breast_cancer,"SUB(concave points error,fractal dimension error)",0.0,-0.004841947231817773,0.012874000524316932,0,592,474
breast_cancer,"MUL(concave points error,fractal dimension error)",-0.0116279069767442,-0.005776739636189679,0.01507065119538736,0,599,513
breast_cancer,"DIV(concave points error,fractal dimension error)",0.0,-0.004898346744224441,0.0128483364657202,0,593,479
breast_cancer,"ADD(fractal dimension error,symmetry error)",0.0,-0.0014221439726103135,0.011939302600663443,0,594,379
breast_cancer,"SUB(symmetry error,fractal dimension error)",0.0,-0.004841947231817773,0.012874000524316932,0,595,475
breast_cancer,"MUL(fractal dimension error,symmetry error)",-0.0116279069767442,-0.005776739636189679,0.01507065119538736,0,598,509
breast_cancer,"DIV(symmetry error,fractal dimension error)",0.0,-0.004898346744224441,0.0128483364657202,0,596,482
