target_dataset,candidate_id,actual_utility,predicted_utility,uncertainty,has_exact_history,similarity_weight_sum,rank_actual,rank_predicted
diabetes,LOG(age),-0.0048703042108928,-0.013503904167179354,0.01129677273377578,0,27.514451534623802,189,220
diabetes,SQRT(age),-0.00481911230309,-0.011677884418194492,0.011125766927209261,0,27.514451534623802,188,194
diabetes,SQUARE(age),-0.0010920824509412,-0.011929948012796844,0.010599545490501443,0,27.514451534623802,175,201
diabetes,ABS(age),0.0002025826855341,-0.011929948012796844,0.010599545490501443,0,27.514451534623802,170,200
diabetes,LOG(sex),0.021731172319771,-0.009156261535622,0.010004132499865355,0,27.514451534623802,79,178
diabetes,SQRT(sex),0.021731172319771,-0.004654710635330789,0.007649958383855259,0,27.514451534623802,76,60
diabetes,SQUARE(sex),0.021731172319771,-0.006959135699930278,0.008040465725143355,0,27.514451534623802,77,143
diabetes,ABS(sex),0.021731172319771,-0.006959135699930278,0.008040465725143355,0,27.514451534623802,78,142
diabetes,LOG(bmi),0.010597584381679,-0.009417566445182723,0.010316898398777481,0,27.514451534623802,117,179
diabetes,SQRT(bmi),0.010597584381679,-0.005007710922439603,0.008210337257295218,0,27.514451534623802,116,74
diabetes,SQUARE(bmi),-0.0056465608376025,-0.00676802889545138,0.00819077344185672,0,27.514451534623802,190,120
diabetes,ABS(bmi),-0.0023089694486492,-0.00676802889545138,0.00819077344185672,0,27.514451534623802,178,121
diabetes,LOG(bp),0.005521289256143,-0.008971291682047496,0.009992139722224671,0,27.514451534623802,146,173
diabetes,SQRT(bp),0.0053382750176784,-0.004426459128009515,0.007512570584104041,0,27.514451534623802,147,46
diabetes,SQUARE(bp),0.0126396940899116,-0.006663054735244662,0.00791330290391917,0,27.514451534623802,110,106
diabetes,ABS(bp),0.0123774771035704,-0.006663054735244662,0.00791330290391917,0,27.514451534623802,113,109
diabetes,LOG(s1),-0.0067793560415395,-0.008971291682047496,0.009992139722224671,0,27.514451534623802,194,174
diabetes,SQRT(s1),-0.0072294875537747,-0.004426459128009515,0.007512570584104041,0,27.514451534623802,196,44
diabetes,SQUARE(s1),-0.0025977798196593,-0.006663054735244662,0.00791330290391917,0,27.514451534623802,179,110
diabetes,ABS(s1),-0.0045803625326491,-0.006663054735244662,0.00791330290391917,0,27.514451534623802,186,107
diabetes,LOG(s2),0.0074350206313442,-0.009861903223821826,0.01044427125312842,0,27.514451534623802,135,180
diabetes,SQRT(s2),0.006670683097917,-0.0049482793978918,0.007859496861904515,0,27.514451534623802,141,72
diabetes,SQUARE(s2),-0.002988329150933,-0.007184875005126945,0.00810056387812274,0,27.514451534623802,180,155
diabetes,ABS(s2),-0.0034519505055181,-0.007184875005126945,0.00810056387812274,0,27.514451534623802,182,154
diabetes,LOG(s3),0.0017639001050026,-0.008901631905992372,0.010063489299874922,0,27.514451534623802,159,172
diabetes,SQRT(s3),0.0010916808215443,-0.004507746811041385,0.007421985875773666,0,27.514451534623802,164,47
diabetes,SQUARE(s3),0.0011337394929017,-0.006594686948853619,0.007926590947241467,0,27.514451534623802,163,103
diabetes,ABS(s3),-0.0008609023215827,-0.006594686948853619,0.007926590947241467,0,27.514451534623802,174,104
diabetes,LOG(s4),0.0082829461333696,-0.008994224498584964,0.01006635340071747,0,27.514451534623802,130,176
diabetes,SQRT(s4),0.0091285885817727,-0.004507746811041385,0.007421985875773666,0,27.514451534623802,128,48
diabetes,SQUARE(s4),0.0100209876413277,-0.006594686948853619,0.007926590947241467,0,27.514451534623802,120,101
diabetes,ABS(s4),0.0098305376382465,-0.006594686948853619,0.007926590947241467,0,27.514451534623802,122,102
diabetes,LOG(s5),0.0095499325660414,-0.008971291682047496,0.009992139722224671,0,27.514451534623802,124,175
diabetes,SQRT(s5),0.0094020215544619,-0.004426459128009515,0.007512570584104041,0,27.514451534623802,127,45
diabetes,SQUARE(s5),-0.0219904102992595,-0.006663054735244662,0.00791330290391917,0,27.514451534623802,214,105
diabetes,ABS(s5),-0.0210595192009082,-0.006663054735244662,0.00791330290391917,0,27.514451534623802,213,108
diabetes,LOG(s6),0.0108897150934313,-0.00906388427464009,0.009994378928646375,0,27.514451534623802,114,177
diabetes,SQRT(s6),0.0069044651317167,-0.004519051720602107,0.007571334517785539,0,27.514451534623802,137,55
diabetes,SQUARE(s6),0.0154778281536854,-0.006755647327837256,0.007943083033465696,0,27.514451534623802,100,119
diabetes,ABS(s6),0.0172186606282692,-0.006755647327837256,0.007943083033465696,0,27.514451534623802,95,118
diabetes,"ADD(age,sex)",0.0034779593303524,-0.011399286329518882,0.010902496207984103,0,170.0319995265831,151,185
diabetes,"SUB(age,sex)",0.0367776096225102,-0.011698915138837616,0.010946112909258735,0,170.03199952658315,26,195
diabetes,"MUL(age,sex)",0.0124182910303836,-0.01252540143964563,0.010936949937511445,0,170.0319995265837,112,206
diabetes,"DIV(age,sex)",0.0018521154983097,-0.013166246257331527,0.01182502045314354,0,170.03199952658306,158,215
diabetes,"ADD(age,bmi)",-0.0084704815129365,-0.011308847053033096,0.010922215775748284,0,170.0319995265831,198,183
diabetes,"SUB(age,bmi)",0.003059552452668,-0.011608475862351829,0.010968224930889931,0,170.03199952658315,153,193
diabetes,"MUL(age,bmi)",0.0073169037761189,-0.01248341177556294,0.010932205876376605,0,170.0319995265837,136,205
diabetes,"DIV(age,bmi)",0.0034913418671382,-0.0131048767482876,0.01183169605962778,0,170.03199952658306,150,214
diabetes,"ADD(age,bp)",0.0194839025485492,-0.011447735941921984,0.010954094468110345,0,170.0319995265831,90,189
diabetes,"SUB(age,bp)",-0.013926144729962,-0.011747364751240717,0.010996186433216999,0,170.03199952658315,206,198
diabetes,"MUL(age,bp)",0.0076999335422398,-0.012573851052048729,0.010983420064151029,0,170.0319995265837,132,207
diabetes,"DIV(age,bp)",0.0207630318832517,-0.013243765637176488,0.011840081193730128,0,170.03199952658306,83,218
diabetes,"ADD(age,s1)",0.0269785768978977,-0.011447735941921984,0.010954094468110345,0,170.0319995265831,52,186
diabetes,"SUB(age,s1)",0.053190259324068,-0.011747364751240717,0.010996186433216999,0,170.03199952658315,8,197
diabetes,"MUL(age,s1)",-0.0042669331993498,-0.012573851052048729,0.010983420064151029,0,170.0319995265837,185,210
diabetes,"DIV(age,s1)",0.007437449824925,-0.013243765637176488,0.011840081193730128,0,170.03199952658306,134,219
diabetes,"ADD(age,s2)",-0.0166459830959032,-0.01127798285550223,0.01101046321132263,0,170.0319995265831,209,181
diabetes,"SUB(age,s2)",0.0005747899190426,-0.011477021040974525,0.01096412444053873,0,170.03199952658315,168,191
diabetes,"MUL(age,s2)",0.0565754432856157,-0.011956823448587017,0.010548914153305701,0,170.0319995265837,6,202
diabetes,"DIV(age,s2)",0.0067214743982805,-0.012599462696361917,0.011466464148036664,0,170.03199952658306,139,211
diabetes,"ADD(age,s3)",0.0371986153387624,-0.011308847053033096,0.010922215775748284,0,170.0319995265831,24,182
diabetes,"SUB(age,s3)",0.00083948821881,-0.011462050367089123,0.010822283655212327,0,170.03199952658315,166,190
diabetes,"MUL(age,s3)",-0.0176848195039569,-0.012336986280300237,0.010797648658462337,0,170.0319995265837,211,203
diabetes,"DIV(age,s3)",0.0189777769490261,-0.012958451253024894,0.011715251576827566,0,170.03199952658306,93,212
diabetes,"ADD(age,s4)",0.0029413712141042,-0.011308847053033096,0.010922215775748284,0,170.0319995265831,154,184
diabetes,"SUB(age,s4)",0.0051813748656965,-0.011608475862351829,0.010968224930889931,0,170.03199952658315,148,192
diabetes,"MUL(age,s4)",0.0234695428981258,-0.01248341177556294,0.010932205876376605,0,170.0319995265837,64,204
diabetes,"DIV(age,s4)",0.0198490511198522,-0.0131048767482876,0.01183169605962778,0,170.03199952658306,87,213
diabetes,"ADD(age,s5)",-0.011366442034251,-0.011447735941921984,0.010954094468110345,0,170.0319995265831,203,188
diabetes,"SUB(age,s5)",0.0101787237547522,-0.011747364751240717,0.010996186433216999,0,170.03199952658315,119,199
diabetes,"MUL(age,s5)",-0.0174799231060683,-0.012573851052048729,0.010983420064151029,0,170.0319995265837,210,208
diabetes,"DIV(age,s5)",0.000877621550435,-0.013243765637176488,0.011840081193730128,0,170.03199952658306,165,217
diabetes,"ADD(age,s6)",0.023465598141196,-0.011447735941921984,0.010954094468110345,0,170.0319995265831,65,187
diabetes,"SUB(age,s6)",0.0200713535022035,-0.011747364751240717,0.010996186433216999,0,170.03199952658315,85,196
diabetes,"MUL(age,s6)",0.0451696211312798,-0.012573851052048729,0.010983420064151029,0,170.0319995265837,16,209
diabetes,"DIV(age,s6)",0.0432865689278474,-0.013243765637176488,0.011840081193730128,0,170.03199952658306,18,216
diabetes,"ADD(bmi,sex)",0.022953814983548,-0.0034398865920183754,0.00604623766426514,0,170.0319995265831,67,21
diabetes,"SUB(sex,bmi)",0.0345257441072697,-0.004721678766252409,0.007452564848349603,0,170.03199952658315,31,64
diabetes,"MUL(bmi,sex)",0.0355479072745701,-0.00672180437635864,0.008808744311728015,0,170.0319995265837,29,115
diabetes,"DIV(sex,bmi)",0.0334540282524036,-0.006844838193675398,0.010162677464598709,0,170.03199952658306,33,138
diabetes,"ADD(bp,sex)",0.0199996243313804,-0.0035787754809072634,0.006280143342897616,0,170.0319995265831,86,28
diabetes,"SUB(sex,bp)",0.0360410611643241,-0.004860567655141297,0.007620228339865367,0,170.03199952658315,27,71
diabetes,"MUL(bp,sex)",0.0193178967529811,-0.006812243652844428,0.008930762483722859,0,170.0319995265837,91,132
diabetes,"DIV(sex,bp)",0.0585569774699499,-0.006983727082564287,0.010257553503378676,0,170.03199952658306,5,146
diabetes,"ADD(s1,sex)",0.0228225189611296,-0.0035787754809072634,0.006280143342897616,0,170.0319995265831,69,26
diabetes,"SUB(sex,s1)",0.0163158467972455,-0.004860567655141297,0.007620228339865367,0,170.03199952658315,98,70
diabetes,"MUL(s1,sex)",0.0247037582115069,-0.006812243652844428,0.008930762483722859,0,170.0319995265837,59,131
diabetes,"DIV(sex,s1)",-0.0126467793230183,-0.006983727082564287,0.010257553503378676,0,170.03199952658306,205,145
diabetes,"ADD(s2,sex)",0.0224509484073017,-0.0033164298018949186,0.006004786829098573,0,170.0319995265831,73,8
diabetes,"SUB(sex,s2)",0.0214756236077733,-0.004407622739018087,0.0069998322554661666,0,170.03199952658315,80,43
diabetes,"MUL(s2,sex)",0.0144760561094465,-0.0060126148435256975,0.007696496927956586,0,170.0319995265837,105,86
diabetes,"DIV(sex,s2)",0.0315805517931241,-0.006156822935892702,0.00918908256713257,0,170.03199952658306,38,87
diabetes,"ADD(s3,sex)",0.0491359556769297,-0.0034398865920183754,0.00604623766426514,0,170.0319995265831,13,20
diabetes,"SUB(sex,s3)",0.0056162679658648,-0.004575253270989704,0.007095335287849068,0,170.03199952658315,145,59
diabetes,"MUL(s3,sex)",0.0290461956936227,-0.006575378881095936,0.008542995677374281,0,170.0319995265837,46,100
diabetes,"DIV(sex,s3)",-0.0007012960254688,-0.006698412698412695,0.009935031082939118,0,170.03199952658306,173,113
diabetes,"ADD(s4,sex)",-0.0205726156047761,-0.0034398865920183754,0.00604623766426514,0,170.0319995265831,212,19
diabetes,"SUB(sex,s4)",0.0320355795049577,-0.004721678766252409,0.007452564848349603,0,170.03199952658315,36,65
diabetes,"MUL(s4,sex)",-0.0096569857066242,-0.00672180437635864,0.008808744311728015,0,170.0319995265837,200,114
diabetes,"DIV(sex,s4)",-0.0006251642606424,-0.006844838193675398,0.010162677464598709,0,170.03199952658306,172,137
diabetes,"ADD(s5,sex)",0.0124257554098173,-0.0035787754809072634,0.006280143342897616,0,170.0319995265831,111,27
diabetes,"SUB(sex,s5)",0.0468277220378631,-0.004860567655141297,0.007620228339865367,0,170.03199952658315,15,68
diabetes,"MUL(s5,sex)",0.0196129420882473,-0.006812243652844428,0.008930762483722859,0,170.0319995265837,89,129
diabetes,"DIV(sex,s5)",0.0289599332615829,-0.006983727082564287,0.010257553503378676,0,170.03199952658306,47,148
diabetes,"ADD(s6,sex)",0.0254364610426656,-0.0035787754809072634,0.006280143342897616,0,170.0319995265831,56,25
diabetes,"SUB(sex,s6)",0.0096398198822338,-0.004860567655141297,0.007620228339865367,0,170.03199952658315,123,69
diabetes,"MUL(s6,sex)",0.0077646510609142,-0.006812243652844428,0.008930762483722859,0,170.0319995265837,131,130
diabetes,"DIV(sex,s6)",0.0302683876740303,-0.006983727082564287,0.010257553503378676,0,170.03199952658306,42,147
diabetes,"ADD(bmi,bp)",0.0432106057860502,-0.003836670973298882,0.006519263364312055,0,170.0319995265831,19,29
diabetes,"SUB(bmi,bp)",-0.0018691862806288,-0.005086881177966449,0.007799572492349744,0,170.03199952658315,177,77
diabetes,"MUL(bmi,bp)",0.014150349997651,-0.0076800659324884136,0.009722248164724886,0,170.0319995265837,108,165
diabetes,"DIV(bmi,bp)",0.0303034295834502,-0.007881731676305315,0.010751007984821053,0,170.03199952658306,40,170
diabetes,"ADD(bmi,s1)",-0.0042570856144344,-0.003836670973298882,0.006519263364312055,0,170.0319995265831,184,32
diabetes,"SUB(bmi,s1)",-0.0069591316958823,-0.005086881177966449,0.007799572492349744,0,170.03199952658315,195,78
diabetes,"MUL(bmi,s1)",-0.0487394166512609,-0.0076800659324884136,0.009722248164724886,0,170.0319995265837,220,166
diabetes,"DIV(bmi,s1)",0.0292654812566848,-0.007881731676305315,0.010751007984821053,0,170.03199952658306,45,171
diabetes,"ADD(bmi,s2)",0.0234931245732945,-0.003481732701693943,0.006179970539387316,0,170.0319995265831,63,22
diabetes,"SUB(bmi,s2)",0.0228921909309945,-0.004541343669250647,0.007148636454010122,0,170.03199952658315,68,57
diabetes,"MUL(bmi,s2)",0.0152332920584427,-0.00678784453057709,0.008656698630783935,0,170.0319995265837,103,122
diabetes,"DIV(bmi,s2)",0.0239609931843046,-0.006962234937041138,0.00979154396399754,0,170.03199952658306,62,144
diabetes,"ADD(bmi,s3)",0.0209674643123202,-0.0034323858742463407,0.00583479881024939,0,170.0319995265831,82,16
diabetes,"SUB(bmi,s3)",0.0710305165584612,-0.0045361705836512054,0.006941175026142663,0,170.03199952658315,3,56
diabetes,"MUL(bmi,s3)",0.0264821016454436,-0.00720687471801813,0.009178890199378394,0,170.0319995265837,53,156
diabetes,"DIV(bmi,s3)",-0.0111925181100063,-0.007360090849431932,0.01028353066783266,0,170.03199952658306,202,159
diabetes,"ADD(bmi,s4)",0.0234120393792354,-0.0034323858742463407,0.00583479881024939,0,170.0319995265831,66,15
diabetes,"SUB(bmi,s4)",0.0263277829587477,-0.004682596078913909,0.007306729509096813,0,170.03199952658315,54,61
diabetes,"MUL(bmi,s4)",0.036811974995897,-0.007353300213280833,0.009416915222972683,0,170.0319995265837,25,158
diabetes,"DIV(bmi,s4)",0.0298181386366536,-0.007506516344694636,0.010494398530874258,0,170.03199952658306,43,161
diabetes,"ADD(bmi,s5)",0.131197376924255,-0.003836670973298882,0.006519263364312055,0,170.0319995265831,1,31
diabetes,"SUB(bmi,s5)",-0.0012923636876138,-0.005086881177966449,0.007799572492349744,0,170.03199952658315,176,75
diabetes,"MUL(bmi,s5)",0.0048365203314683,-0.0076800659324884136,0.009722248164724886,0,170.0319995265837,149,164
diabetes,"DIV(bmi,s5)",0.0166672336854359,-0.007881731676305315,0.010751007984821053,0,170.03199952658306,97,169
diabetes,"ADD(bmi,s6)",0.0812305736813238,-0.003836670973298882,0.006519263364312055,0,170.0319995265831,2,30
diabetes,"SUB(bmi,s6)",0.0192453387744195,-0.005086881177966449,0.007799572492349744,0,170.03199952658315,92,76
diabetes,"MUL(bmi,s6)",0.0099918516257671,-0.0076800659324884136,0.009722248164724886,0,170.0319995265837,121,167
diabetes,"DIV(bmi,s6)",0.0302848033814295,-0.007881731676305315,0.010751007984821053,0,170.03199952658306,41,168
diabetes,"ADD(bp,s1)",0.0025504693074056,-0.0033433462532299753,0.0059059020352723365,0,170.0319995265831,156,11
diabetes,"SUB(bp,s1)",0.0257132123121809,-0.004508859357696566,0.007243537080069734,0,170.03199952658315,55,53
diabetes,"MUL(bp,s1)",0.0015723331020964,-0.006564612300561914,0.008706193751945635,0,170.0319995265837,161,96
diabetes,"DIV(bp,s1)",0.0287964189990184,-0.0068084471514704035,0.010177521799764425,0,170.03199952658306,48,126
diabetes,"ADD(bp,s2)",-0.0357092774697667,-0.002988407981625037,0.005497337560829332,0,170.0319995265831,219,1
diabetes,"SUB(bp,s2)",0.0017422325567066,-0.003963321848980765,0.006489055120038828,0,170.03199952658315,160,35
diabetes,"MUL(bp,s2)",0.0032655198622828,-0.00567239089865059,0.007363672198546597,0,170.0319995265837,152,82
diabetes,"DIV(bp,s2)",-0.0261250919456916,-0.005888950412206225,0.009049770563506797,0,170.03199952658306,217,85
diabetes,"ADD(bp,s3)",0.0226428199536186,-0.0032044573643410868,0.005650758473690325,0,170.0319995265831,71,6
diabetes,"SUB(bp,s3)",0.0343795826873646,-0.004223544973544974,0.0066741319625162575,0,170.03199952658315,32,40
diabetes,"MUL(bp,s3)",0.002292931865619,-0.006327747528813422,0.00830088886577267,0,170.0319995265837,157,88
diabetes,"DIV(bp,s3)",0.0213812212822245,-0.006523132767318811,0.009847302623448838,0,170.03199952658306,81,92
diabetes,"ADD(bp,s4)",0.0389865018142039,-0.0032044573643410868,0.005650758473690325,0,170.0319995265831,21,5
diabetes,"SUB(bp,s4)",-0.0221825291593527,-0.0043699704688076775,0.007060026596849616,0,170.03199952658315,215,41
diabetes,"MUL(bp,s4)",0.0197224274882841,-0.006474173024076125,0.008578372587762501,0,170.0319995265837,88,91
diabetes,"DIV(bp,s4)",0.0274583165701757,-0.0066695582625815155,0.010079477689330851,0,170.03199952658306,51,112
diabetes,"ADD(bp,s5)",0.048768680411541,-0.0033433462532299753,0.0059059020352723365,0,170.0319995265831,14,13
diabetes,"SUB(bp,s5)",-0.0001468972294876,-0.004508859357696566,0.007243537080069734,0,170.03199952658315,171,52
diabetes,"MUL(bp,s5)",0.0094026091801703,-0.006564612300561914,0.008706193751945635,0,170.0319995265837,126,99
diabetes,"DIV(bp,s5)",-0.0146813480049858,-0.0068084471514704035,0.010177521799764425,0,170.03199952658306,207,123
diabetes,"ADD(bp,s6)",-0.0075063788315024,-0.0033433462532299753,0.0059059020352723365,0,170.0319995265831,197,14
diabetes,"SUB(bp,s6)",0.0219945952162616,-0.004508859357696566,0.007243537080069734,0,170.03199952658315,74,51
diabetes,"MUL(bp,s6)",-0.0097626888410145,-0.006564612300561914,0.008706193751945635,0,170.0319995265837,201,98
diabetes,"DIV(bp,s6)",0.0028314984920785,-0.0068084471514704035,0.010177521799764425,0,170.03199952658306,155,124
diabetes,"ADD(s1,s2)",0.0187454726661384,-0.002988407981625037,0.005497337560829332,0,170.0319995265831,94,2
diabetes,"SUB(s1,s2)",-0.0039990433255175,-0.003963321848980765,0.006489055120038828,0,170.03199952658315,183,36
diabetes,"MUL(s1,s2)",0.0253570273323365,-0.00567239089865059,0.007363672198546597,0,170.0319995265837,57,83
diabetes,"DIV(s1,s2)",-0.0346753127343256,-0.005888950412206225,0.009049770563506797,0,170.03199952658306,218,84
diabetes,"ADD(s1,s3)",0.0143179357399068,-0.0032044573643410868,0.005650758473690325,0,170.0319995265831,106,4
diabetes,"SUB(s1,s3)",0.0503561630153795,-0.004223544973544974,0.0066741319625162575,0,170.03199952658315,12,39
diabetes,"MUL(s1,s3)",0.0328504804421692,-0.006327747528813422,0.00830088886577267,0,170.0319995265837,34,89
diabetes,"DIV(s1,s3)",0.0240721147387054,-0.006523132767318811,0.009847302623448838,0,170.03199952658306,61,93
diabetes,"ADD(s1,s4)",0.0086464810333793,-0.0032044573643410868,0.005650758473690325,0,170.0319995265831,129,3
diabetes,"SUB(s1,s4)",0.0285894194120723,-0.0043699704688076775,0.007060026596849616,0,170.03199952658315,50,42
diabetes,"MUL(s1,s4)",0.0241452286622849,-0.006474173024076125,0.008578372587762501,0,170.0319995265837,60,90
diabetes,"DIV(s1,s4)",0.0146972793044098,-0.0066695582625815155,0.010079477689330851,0,170.03199952658306,104,111
diabetes,"ADD(s1,s5)",0.0132073231509735,-0.0033433462532299753,0.0059059020352723365,0,170.0319995265831,109,12
diabetes,"SUB(s1,s5)",0.0505230803972641,-0.004508859357696566,0.007243537080069734,0,170.03199952658315,10,54
diabetes,"MUL(s1,s5)",0.0075291930163985,-0.006564612300561914,0.008706193751945635,0,170.0319995265837,133,94
diabetes,"DIV(s1,s5)",0.0372373557132931,-0.0068084471514704035,0.010177521799764425,0,170.03199952658306,23,127
diabetes,"ADD(s1,s6)",0.0064741258752992,-0.0033433462532299753,0.0059059020352723365,0,170.0319995265831,143,9
diabetes,"SUB(s1,s6)",0.0249822846216407,-0.004508859357696566,0.007243537080069734,0,170.03199952658315,58,50
diabetes,"MUL(s1,s6)",0.0067231831116447,-0.006564612300561914,0.008706193751945635,0,170.0319995265837,138,97
diabetes,"DIV(s1,s6)",0.0065158973765278,-0.0068084471514704035,0.010177521799764425,0,170.03199952658306,142,128
diabetes,"ADD(s2,s3)",0.0503742782385232,-0.003927899799023831,0.006267434410384326,0,170.0319995265831,11,33
diabetes,"SUB(s2,s3)",0.0350418072239907,-0.005005126943111438,0.00710750501758918,0,170.03199952658315,30,73
diabetes,"MUL(s2,s3)",0.0002027359791973,-0.006725393236536651,0.00806986164975301,0,170.0319995265837,169,116
diabetes,"DIV(s2,s3)",0.0529054672909458,-0.007325458348714161,0.010339313329827658,0,170.03199952658306,9,157
diabetes,"ADD(s2,s4)",0.0326564341697525,-0.003927899799023831,0.006267434410384326,0,170.0319995265831,35,34
diabetes,"SUB(s2,s4)",0.0553141184988997,-0.005151552438374144,0.0074557144940128875,0,170.03199952658315,7,79
diabetes,"MUL(s2,s4)",0.0154294619590718,-0.0068718187317993555,0.008348049856064332,0,170.0319995265837,101,139
diabetes,"DIV(s2,s4)",0.0171250094416695,-0.007471883843976865,0.010549546901315354,0,170.03199952658306,96,160
diabetes,"ADD(s2,s5)",-0.0159500186240357,-0.004047408842951479,0.006466069816996668,0,170.0319995265831,208,37
diabetes,"SUB(s2,s5)",-0.0226043176952441,-0.005271061482301792,0.007604244097343484,0,170.03199952658315,216,81
diabetes,"MUL(s2,s5)",0.015415551070127,-0.006904118473401421,0.008482775948175113,0,170.0319995265837,102,140
diabetes,"DIV(s2,s5)",0.0373837624030591,-0.007591392887904513,0.010628978705550398,0,170.03199952658306,22,163
diabetes,"ADD(s2,s6)",0.010842804166659,-0.004047408842951479,0.006466069816996668,0,170.0319995265831,115,38
diabetes,"SUB(s2,s6)",0.0101874819327022,-0.005271061482301792,0.007604244097343484,0,170.03199952658315,118,80
diabetes,"MUL(s2,s6)",-0.0031967257541283,-0.006904118473401421,0.008482775948175113,0,170.0319995265837,181,141
diabetes,"DIV(s2,s6)",-0.0120487715457675,-0.007591392887904513,0.010628978705550398,0,170.03199952658306,204,162
diabetes,"ADD(s3,s4)",-0.004685619071501,-0.0032954349698535762,0.005526673038190146,0,170.0319995265831,187,7
diabetes,"SUB(s3,s4)",0.0015710617866506,-0.00455784729912637,0.006953239348960094,0,170.03199952658315,162,58
diabetes,"MUL(s3,s4)",0.0067161397788056,-0.006754211783766049,0.008683333023064257,0,170.0319995265837,140,117
diabetes,"DIV(s3,s4)",0.0160365917312331,-0.0069928786760182085,0.010059878631673572,0,170.03199952658306,99,149
diabetes,"ADD(s3,s5)",-0.0063813290453815,-0.003434323858742465,0.0057851059485736185,0,170.0319995265831,193,17
diabetes,"SUB(s3,s5)",0.0693115069697519,-0.004696736188015258,0.007135839356209361,0,170.03199952658315,4,62
diabetes,"MUL(s3,s5)",0.0224596728606459,-0.006844651060251838,0.00880675608699092,0,170.0319995265837,72,134
diabetes,"DIV(s3,s5)",0.0227299919280592,-0.0071317675649070975,0.01015369028250367,0,170.03199952658306,70,151
diabetes,"ADD(s3,s6)",0.0142858503542687,-0.003434323858742465,0.0057851059485736185,0,170.0319995265831,107,18
diabetes,"SUB(s3,s6)",0.0319566853883227,-0.004696736188015258,0.007135839356209361,0,170.03199952658315,37,63
diabetes,"MUL(s3,s6)",-0.0059644602141168,-0.006844651060251838,0.00880675608699092,0,170.0319995265837,192,133
diabetes,"DIV(s3,s6)",0.0094119294348848,-0.0071317675649070975,0.01015369028250367,0,170.03199952658306,125,150
diabetes,"ADD(s4,s5)",0.0417788838512982,-0.003521533161068047,0.005834715702518931,0,170.0319995265831,20,24
diabetes,"SUB(s4,s5)",-0.005905725236133,-0.004725805955457118,0.007152155132285572,0,170.03199952658315,191,66
diabetes,"MUL(s4,s5)",0.035679906403923,-0.006844651060251838,0.008825926202240826,0,170.0319995265837,28,136
diabetes,"DIV(s4,s5)",0.0296785136585417,-0.007160837332348958,0.010158197403082013,0,170.03199952658306,44,153
diabetes,"ADD(s4,s6)",0.031091485734385,-0.003521533161068047,0.005834715702518931,0,170.0319995265831,39,23
diabetes,"SUB(s4,s6)",0.0063793719962833,-0.004725805955457118,0.007152155132285572,0,170.03199952658315,144,67
diabetes,"MUL(s4,s6)",0.0218142983634643,-0.006844651060251838,0.008825926202240826,0,170.0319995265837,75,135
diabetes,"DIV(s4,s6)",0.0286819413353542,-0.007160837332348958,0.010158197403082013,0,170.03199952658306,49,152
diabetes,"ADD(s5,s6)",0.0449330328014884,-0.0033433462532299753,0.0059059020352723365,0,170.0319995265831,17,10
diabetes,"SUB(s5,s6)",-0.0092952678475004,-0.004508859357696566,0.007243537080069734,0,170.03199952658315,199,49
diabetes,"MUL(s5,s6)",0.0200814903011634,-0.006564612300561914,0.008706193751945635,0,170.0319995265837,84,95
diabetes,"DIV(s5,s6)",0.0006455993278875,-0.0068084471514704035,0.010177521799764425,0,170.03199952658306,167,125
wine,LOG(alcohol),0.0,-0.004602153880447154,0.007002328236722778,0,13.553983827890388,1,123
wine,SQRT(alcohol),0.0,-0.004602153880447154,0.007002328236722778,0,13.553983827890384,2,124
wine,SQUARE(alcohol),0.0,-0.004526579877168653,0.006969950480127087,0,13.553983827890384,314,119
wine,ABS(alcohol),0.0,-0.004526579877168653,0.006969950480127087,0,13.553983827890383,315,120
wine,LOG(malic_acid),0.0,-0.0038122856197974637,0.005323345874044255,0,13.553983827890388,316,73
wine,SQRT(malic_acid),0.0,-0.0038122856197974637,0.005323345874044255,0,13.553983827890384,317,72
wine,SQUARE(malic_acid),0.0,-0.003736711616518963,0.005269367442329582,0,13.553983827890384,318,59
wine,ABS(malic_acid),0.0,-0.003736711616518963,0.005269367442329582,0,13.553983827890383,319,60
wine,LOG(ash),0.0,-0.004782404906036387,0.007315124948470015,0,13.553983827890388,320,147
wine,SQRT(ash),0.0,-0.004782404906036387,0.007315124948470015,0,13.553983827890384,321,146
wine,SQUARE(ash),0.0,-0.004706830902757886,0.007286007586843762,0,13.553983827890384,322,134
wine,ABS(ash),0.0,-0.004706830902757886,0.007286007586843762,0,13.553983827890383,323,133
wine,LOG(alcalinity_of_ash),0.0,-0.0041486238100798475,0.007060967894286605,0,13.553983827890388,324,97
wine,SQRT(alcalinity_of_ash),0.0,-0.0041486238100798475,0.007060967894286605,0,13.553983827890384,325,98
wine,SQUARE(alcalinity_of_ash),0.0,-0.004073049806801347,0.007023982232232322,0,13.553983827890384,326,87
wine,ABS(alcalinity_of_ash),0.0,-0.004073049806801347,0.007023982232232322,0,13.553983827890383,327,88
wine,LOG(magnesium),0.0,-0.0017848564428492083,0.004481178968073684,0,13.553983827890388,328,3
wine,SQRT(magnesium),0.0,-0.0017848564428492083,0.004481178968073684,0,13.553983827890384,12,4
wine,SQUARE(magnesium),0.0,-0.0017092824395707076,0.004382093679162243,0,13.553983827890384,13,1
wine,ABS(magnesium),0.0,-0.0017092824395707076,0.004382093679162243,0,13.553983827890383,14,2
wine,LOG(total_phenols),0.0,-0.004724265371152666,0.0073066904475718696,0,13.553983827890388,15,138
wine,SQRT(total_phenols),0.0,-0.004724265371152666,0.0073066904475718696,0,13.553983827890384,16,137
wine,SQUARE(total_phenols),0.0,-0.004648691367874165,0.007276935561460939,0,13.553983827890384,17,126
wine,ABS(total_phenols),0.0,-0.004648691367874165,0.007276935561460939,0,13.553983827890383,18,127
wine,LOG(flavanoids),0.0,-0.004948084113005294,0.007218970116146648,0,13.553983827890388,19,181
wine,SQRT(flavanoids),0.0,-0.004948084113005294,0.007218970116146648,0,13.553983827890384,20,180
wine,SQUARE(flavanoids),-0.037037037037037,-0.004872510109726793,0.007191204708774187,0,13.553983827890384,350,165
wine,ABS(flavanoids),0.0,-0.004872510109726793,0.007191204708774187,0,13.553983827890383,21,166
wine,LOG(nonflavanoid_phenols),0.0,-0.005252933082884712,0.00592369581049778,0,13.553983827890388,22,264
wine,SQRT(nonflavanoid_phenols),0.0,-0.005252933082884712,0.00592369581049778,0,13.553983827890384,23,265
wine,SQUARE(nonflavanoid_phenols),0.0,-0.005177359079606211,0.005893737777937275,0,13.553983827890384,24,236
wine,ABS(nonflavanoid_phenols),0.0,-0.005177359079606211,0.005893737777937275,0,13.553983827890383,25,237
wine,LOG(proanthocyanins),-0.074074074074074,-0.0054719500306706385,0.005799818671433967,0,13.553983827890388,363,334
wine,SQRT(proanthocyanins),0.0,-0.0054719500306706385,0.005799818671433967,0,13.553983827890384,203,333
wine,SQUARE(proanthocyanins),0.0,-0.005396376027392137,0.005772085718035574,0,13.553983827890384,204,316
wine,ABS(proanthocyanins),0.0,-0.005396376027392137,0.005772085718035574,0,13.553983827890383,205,315
wine,LOG(color_intensity),0.0,-0.00354485854347302,0.005160984320826543,0,13.553983827890388,206,46
wine,SQRT(color_intensity),0.0,-0.00354485854347302,0.005160984320826543,0,13.553983827890384,207,45
wine,SQUARE(color_intensity),0.0,-0.0034692845401945193,0.005101329242257415,0,13.553983827890384,208,44
wine,ABS(color_intensity),0.0,-0.0034692845401945193,0.005101329242257415,0,13.553983827890383,209,43
wine,LOG(hue),0.0,-0.0047794979292922,0.00733905027014574,0,13.553983827890388,210,144
wine,SQRT(hue),0.0,-0.0047794979292922,0.00733905027014574,0,13.553983827890384,211,145
wine,SQUARE(hue),0.0,-0.004703923926013699,0.00730999815511623,0,13.553983827890384,212,132
wine,ABS(hue),0.0,-0.004703923926013699,0.00730999815511623,0,13.553983827890383,213,131
wine,LOG(od280/od315_of_diluted_wines),0.0,-0.004881266815062624,0.007113434372081851,0,13.553983827890388,214,171
wine,SQRT(od280/od315_of_diluted_wines),0.0,-0.004881266815062624,0.007113434372081851,0,13.553983827890384,215,170
wine,SQUARE(od280/od315_of_diluted_wines),0.0,-0.004805692811784123,0.007084542673328025,0,13.553983827890384,216,151
wine,ABS(od280/od315_of_diluted_wines),0.0,-0.004805692811784123,0.007084542673328025,0,13.553983827890383,217,150
wine,LOG(proline),0.0,-0.0025038733906351356,0.004677401715592571,0,13.553983827890388,218,11
wine,SQRT(proline),0.0,-0.0025038733906351356,0.004677401715592571,0,13.553983827890384,298,12
wine,SQUARE(proline),0.0,-0.002428299387356635,0.004594403645351001,0,13.553983827890384,299,10
wine,ABS(proline),0.0,-0.002428299387356635,0.004594403645351001,0,13.553983827890383,300,9
wine,"ADD(alcohol,malic_acid)",0.0,-0.004713621081634859,0.009353101036622792,0,77.1147821217088,301,136
wine,"SUB(alcohol,malic_acid)",0.0,-0.004806047416527802,0.009329604705743287,0,77.1147821217088,302,152
wine,"MUL(alcohol,malic_acid)",0.0,-0.004391440990084775,0.00923205460345598,0,77.11478212170908,303,108
wine,"DIV(alcohol,malic_acid)",0.0,-0.004806047416527802,0.009329604705743287,0,77.11478212170884,304,155
wine,"ADD(alcohol,ash)",0.0,-0.0052921007618983605,0.007956164250251283,0,77.1147821217088,305,277
wine,"SUB(alcohol,ash)",0.0,-0.005345767406868822,0.00791009598490434,0,77.1147821217088,306,297
wine,"MUL(alcohol,ash)",0.0,-0.005017703136247878,0.007751430997617702,0,77.11478212170908,307,192
wine,"DIV(alcohol,ash)",0.0,-0.005345767406868822,0.00791009598490434,0,77.11478212170884,308,298
wine,"ADD(alcalinity_of_ash,alcohol)",0.0,-0.005358233116787757,0.008213890400125757,0,77.1147821217088,309,304
wine,"SUB(alcohol,alcalinity_of_ash)",0.0,-0.005263605573612987,0.008281358192634584,0,77.1147821217088,310,269
wine,"MUL(alcalinity_of_ash,alcohol)",0.0,-0.004935541302992042,0.008108118530138021,0,77.11478212170908,311,179
wine,"DIV(alcohol,alcalinity_of_ash)",-0.074074074074074,-0.005263605573612987,0.008281358192634584,0,77.11478212170884,358,268
wine,"ADD(alcohol,magnesium)",0.0,-0.005000314929474635,0.009491387040973914,0,77.1147821217088,312,186
wine,"SUB(alcohol,magnesium)",0.0,-0.004857237773896764,0.00955826721323077,0,77.1147821217088,282,162
wine,"MUL(alcohol,magnesium)",0.0,-0.004413561580011877,0.0094665167317331,0,77.11478212170908,283,113
wine,"DIV(alcohol,magnesium)",0.0,-0.004857237773896764,0.00955826721323077,0,77.11478212170884,284,163
wine,"ADD(alcohol,total_phenols)",0.0,-0.0052921007618983605,0.007956164250251283,0,77.1147821217088,285,279
wine,"SUB(alcohol,total_phenols)",0.0,-0.005345767406868822,0.00791009598490434,0,77.1147821217088,286,296
wine,"MUL(alcohol,total_phenols)",0.0,-0.005017703136247878,0.007751430997617702,0,77.11478212170908,287,193
wine,"DIV(alcohol,total_phenols)",0.0,-0.005345767406868822,0.00791009598490434,0,77.11478212170884,288,301
wine,"ADD(alcohol,flavanoids)",0.0,-0.005250810226909791,0.007978110558965475,0,77.1147821217088,289,263
wine,"SUB(alcohol,flavanoids)",0.0,-0.005304476871880253,0.00793244910815464,0,77.1147821217088,290,283
wine,"MUL(alcohol,flavanoids)",0.0,-0.005005482368701169,0.007786435669641875,0,77.11478212170908,291,188
wine,"DIV(alcohol,flavanoids)",0.0,-0.005304476871880253,0.00793244910815464,0,77.11478212170884,292,284
wine,"ADD(alcohol,nonflavanoid_phenols)",0.0,-0.005619595338853616,0.007606530416907041,0,77.1147821217088,293,355
wine,"SUB(alcohol,nonflavanoid_phenols)",0.0,-0.0056412468654462875,0.007686049198102649,0,77.1147821217088,294,359
wine,"MUL(alcohol,nonflavanoid_phenols)",0.0,-0.005326981062504394,0.007519372486797891,0,77.11478212170908,295,289
wine,"DIV(alcohol,nonflavanoid_phenols)",0.0,-0.0056412468654462875,0.007686049198102649,0,77.11478212170884,296,358
wine,"ADD(alcohol,proanthocyanins)",0.0,-0.00547242589801047,0.0077797116636539425,0,77.1147821217088,297,335
wine,"SUB(alcohol,proanthocyanins)",0.0,-0.005526092542980933,0.007731340607740574,0,77.1147821217088,266,347
wine,"MUL(alcohol,proanthocyanins)",0.0,-0.005173803466158438,0.007573183363235892,0,77.11478212170908,267,235
wine,"DIV(alcohol,proanthocyanins)",0.0,-0.005526092542980933,0.007731340607740574,0,77.11478212170884,268,346
wine,"ADD(alcohol,color_intensity)",0.0,-0.004713621081634859,0.009353101036622792,0,77.1147821217088,269,135
wine,"SUB(alcohol,color_intensity)",0.0,-0.004806047416527802,0.009329604705743287,0,77.1147821217088,270,154
wine,"MUL(alcohol,color_intensity)",0.0,-0.004391440990084775,0.00923205460345598,0,77.11478212170908,271,107
wine,"DIV(alcohol,color_intensity)",0.0,-0.004806047416527802,0.009329604705743287,0,77.11478212170884,272,153
wine,"ADD(alcohol,hue)",0.0,-0.0052921007618983605,0.007956164250251283,0,77.1147821217088,273,278
wine,"SUB(alcohol,hue)",0.0,-0.005345767406868822,0.00791009598490434,0,77.1147821217088,274,300
wine,"MUL(alcohol,hue)",0.0,-0.005017703136247878,0.007751430997617702,0,77.11478212170908,275,191
wine,"DIV(alcohol,hue)",0.0,-0.005345767406868822,0.00791009598490434,0,77.11478212170884,276,299
wine,"ADD(alcohol,od280/od315_of_diluted_wines)",0.0,-0.005279879994351652,0.007990691722424057,0,77.1147821217088,277,275
wine,"SUB(alcohol,od280/od315_of_diluted_wines)",0.0,-0.005333546639322114,0.007944906217912584,0,77.1147821217088,278,292
wine,"MUL(alcohol,od280/od315_of_diluted_wines)",0.0,-0.005005482368701169,0.007786435669641875,0,77.11478212170908,279,189
wine,"DIV(alcohol,od280/od315_of_diluted_wines)",0.0,-0.005333546639322114,0.007944906217912584,0,77.11478212170884,280,293
wine,"ADD(alcohol,proline)",0.0,-0.005349494097198315,0.009355621584884793,0,77.1147821217088,281,302
wine,"SUB(alcohol,proline)",0.0,-0.005238432059998235,0.009324555288881937,0,77.1147821217088,251,260
wine,"MUL(alcohol,proline)",0.0,-0.005056415342730475,0.009218267373182678,0,77.11478212170908,252,205
wine,"DIV(alcohol,proline)",-0.074074074074074,-0.005238432059998235,0.009324555288881937,0,77.11478212170884,360,259
wine,"ADD(ash,malic_acid)",0.0,-0.0038981046358101084,0.0072473381796014395,0,77.1147821217088,253,81
wine,"SUB(malic_acid,ash)",0.0,-0.0037405309707030515,0.007168571704541692,0,77.1147821217088,254,64
wine,"MUL(ash,malic_acid)",0.0,-0.004086844699403223,0.007168566930301971,0,77.11478212170908,255,94
wine,"DIV(malic_acid,ash)",0.0,-0.0037405309707030515,0.007168571704541692,0,77.11478212170884,256,61
wine,"ADD(alcalinity_of_ash,malic_acid)",0.0,-0.0038382679984514433,0.0075008265305089175,0,77.1147821217088,257,74
wine,"SUB(malic_acid,alcalinity_of_ash)",0.0,-0.0036486792149665955,0.007547356871699598,0,77.1147821217088,258,53
wine,"MUL(alcalinity_of_ash,malic_acid)",0.0,-0.004140341780876069,0.0075540925778820435,0,77.11478212170908,259,96
wine,"DIV(malic_acid,alcalinity_of_ash)",0.0,-0.0036486792149665955,0.007547356871699598,0,77.11478212170884,260,54
wine,"ADD(magnesium,malic_acid)",0.0,-0.003736002464896269,0.00884381370670237,0,77.1147821217088,261,58
wine,"SUB(malic_acid,magnesium)",0.0,-0.0036045532162951423,0.008895771377714285,0,77.1147821217088,262,50
wine,"MUL(magnesium,malic_acid)",0.0,-0.004640204146119051,0.009057220715529508,0,77.11478212170908,263,125
wine,"DIV(malic_acid,magnesium)",0.0,-0.0036045532162951423,0.008895771377714285,0,77.11478212170884,264,49
wine,"ADD(malic_acid,total_phenols)",0.0,-0.0038981046358101084,0.0072473381796014395,0,77.1147821217088,265,82
wine,"SUB(malic_acid,total_phenols)",0.0,-0.0037405309707030515,0.007168571704541692,0,77.1147821217088,235,62
wine,"MUL(malic_acid,total_phenols)",0.0,-0.004086844699403223,0.007168566930301971,0,77.11478212170908,236,93
wine,"DIV(malic_acid,total_phenols)",0.0,-0.0037405309707030515,0.007168571704541692,0,77.11478212170884,237,63
wine,"ADD(flavanoids,malic_acid)",0.0,-0.0039343334806665005,0.007294254319476073,0,77.1147821217088,238,83
wine,"SUB(malic_acid,flavanoids)",0.0,-0.0037767598155594435,0.007216791052439836,0,77.1147821217088,239,67
wine,"MUL(flavanoids,malic_acid)",0.0,-0.004094003776817754,0.007219887104650057,0,77.11478212170908,240,95
wine,"DIV(malic_acid,flavanoids)",0.0,-0.0037767598155594435,0.007216791052439836,0,77.11478212170884,241,66
wine,"ADD(malic_acid,nonflavanoid_phenols)",0.0,-0.0042669738429069945,0.007076455656632385,0,77.1147821217088,242,105
wine,"SUB(malic_acid,nonflavanoid_phenols)",0.0,-0.004077385059422147,0.007137154713703186,0,77.1147821217088,243,91
wine,"MUL(malic_acid,nonflavanoid_phenols)",0.0,-0.004394629020680458,0.007126915955040975,0,77.11478212170908,244,109
wine,"DIV(malic_acid,nonflavanoid_phenols)",0.0,-0.004077385059422147,0.007137154713703186,0,77.11478212170884,245,90
wine,"ADD(malic_acid,proanthocyanins)",0.0,-0.004034825120759428,0.007086855599859699,0,77.1147821217088,246,86
wine,"SUB(malic_acid,proanthocyanins)",0.0,-0.003877251455652371,0.0070093593846176335,0,77.1147821217088,247,77
wine,"MUL(malic_acid,proanthocyanins)",0.0,-0.0042817047192362625,0.007015547223058904,0,77.11478212170908,248,106
wine,"DIV(malic_acid,proanthocyanins)",0.0,-0.003877251455652371,0.0070093593846176335,0,77.11478212170884,249,76
wine,"ADD(color_intensity,malic_acid)",0.0,-0.003450277609304555,0.008603493783193162,0,77.1147821217088,250,42
wine,"SUB(malic_acid,color_intensity)",0.0,-0.0032927039441974972,0.00852897903498944,0,77.1147821217088,219,40
wine,"MUL(color_intensity,malic_acid)",0.0,-0.0037760292926260564,0.008611816563393123,0,77.11478212170908,220,65
wine,"DIV(malic_acid,color_intensity)",0.0,-0.0032927039441974972,0.00852897903498944,0,77.11478212170884,221,41
wine,"ADD(hue,malic_acid)",0.0,-0.003956244170693829,0.007262458509787376,0,77.1147821217088,222,84
wine,"SUB(malic_acid,hue)",0.0,-0.0037986705055867726,0.007185132964617204,0,77.1147821217088,223,71
wine,"MUL(hue,malic_acid)",0.0,-0.004086844699403223,0.007168566930301971,0,77.11478212170908,224,92
wine,"DIV(malic_acid,hue)",0.0,-0.0037986705055867726,0.007185132964617204,0,77.11478212170884,225,70
wine,"ADD(malic_acid,od280/od315_of_diluted_wines)",0.0,-0.0038858838682633997,0.0072828870587228305,0,77.1147821217088,226,80
wine,"SUB(malic_acid,od280/od315_of_diluted_wines)",0.0,-0.0037283102031563427,0.007204241956062697,0,77.1147821217088,227,57
wine,"MUL(malic_acid,od280/od315_of_diluted_wines)",0.0,-0.004074623931856513,0.00720482464406392,0,77.11478212170908,228,89
wine,"DIV(malic_acid,od280/od315_of_diluted_wines)",0.0,-0.0037283102031563427,0.007204241956062697,0,77.11478212170884,229,56
wine,"ADD(malic_acid,proline)",0.0,-0.004231776317005331,0.008789308188024134,0,77.1147821217088,230,104
wine,"SUB(malic_acid,proline)",0.0,-0.004159473969727731,0.008749462785358332,0,77.1147821217088,231,102
wine,"MUL(malic_acid,proline)",0.0,-0.005340505306401325,0.008784621892900397,0,77.11478212170908,232,295
wine,"DIV(malic_acid,proline)",0.0,-0.004159473969727731,0.008749462785358332,0,77.11478212170884,233,101
wine,"ADD(alcalinity_of_ash,ash)",0.0,-0.005232035408502834,0.008427193627127065,0,77.1147821217088,234,256
wine,"SUB(ash,alcalinity_of_ash)",0.0,-0.0051374078653280645,0.008491560921311845,0,77.1147821217088,189,224
wine,"MUL(alcalinity_of_ash,ash)",-0.037037037037037,-0.004789963749745878,0.008315358296537465,0,77.11478212170908,344,148
wine,"DIV(ash,alcalinity_of_ash)",0.0,-0.0051374078653280645,0.008491560921311845,0,77.11478212170884,190,225
wine,"ADD(ash,magnesium)",0.0,-0.005092795264748454,0.00988157437065531,0,77.1147821217088,191,213
wine,"SUB(ash,magnesium)",0.0,-0.004949718109170584,0.009947161396467978,0,77.1147821217088,192,183
wine,"MUL(ash,magnesium)",0.0,-0.004651390752494999,0.009905104894090504,0,77.11478212170908,193,128
wine,"DIV(ash,magnesium)",0.0,-0.004949718109170584,0.009947161396467978,0,77.11478212170884,194,182
wine,"ADD(ash,total_phenols)",0.0,-0.0052140289546439575,0.008102642296373207,0,77.1147821217088,195,247
wine,"SUB(ash,total_phenols)",0.0,-0.005267695599614419,0.008057931546018722,0,77.1147821217088,196,272
wine,"MUL(ash,total_phenols)",0.0,-0.004881491794109754,0.007901853292940141,0,77.11478212170908,197,172
wine,"DIV(ash,total_phenols)",0.0,-0.005267695599614419,0.008057931546018722,0,77.11478212170884,198,273
wine,"ADD(ash,flavanoids)",0.0,-0.005192118264616629,0.008134541936632505,0,77.1147821217088,199,241
wine,"SUB(ash,flavanoids)",0.0,-0.00524578490958709,0.008090152834318132,0,77.1147821217088,200,261
wine,"MUL(ash,flavanoids)",-0.037037037037037,-0.004888650871524285,0.00794772455188815,0,77.11478212170908,345,174
wine,"DIV(ash,flavanoids)",0.0,-0.00524578490958709,0.008090152834318132,0,77.11478212170884,201,262
wine,"ADD(ash,nonflavanoid_phenols)",0.0,-0.005532157320491174,0.007861213533823878,0,77.1147821217088,202,348
wine,"SUB(ash,nonflavanoid_phenols)",0.0,-0.005553808847083844,0.007938419984471588,0,77.1147821217088,173,350
wine,"MUL(ash,nonflavanoid_phenols)",0.0,-0.005220163199180712,0.007791468909955303,0,77.11478212170908,174,249
wine,"DIV(ash,nonflavanoid_phenols)",0.0,-0.005553808847083844,0.007938419984471588,0,77.11478212170884,175,351
wine,"ADD(ash,proanthocyanins)",0.0,-0.005394354090756067,0.007931225176108163,0,77.1147821217088,176,314
wine,"SUB(ash,proanthocyanins)",0.0,-0.00544802073572653,0.007884315222095158,0,77.1147821217088,177,326
wine,"MUL(ash,proanthocyanins)",0.0,-0.005076351813942794,0.00774332916584527,0,77.11478212170908,178,206
wine,"DIV(ash,proanthocyanins)",0.0,-0.00544802073572653,0.007884315222095158,0,77.11478212170884,179,325
wine,"ADD(ash,color_intensity)",0.0,-0.004799318471172244,0.009752390774016151,0,77.1147821217088,180,149
wine,"SUB(ash,color_intensity)",0.0,-0.004891744806065187,0.00972904462843184,0,77.1147821217088,181,176
wine,"MUL(ash,color_intensity)",0.0,-0.004496518224583401,0.009649681306221678,0,77.11478212170908,182,117
wine,"DIV(ash,color_intensity)",0.0,-0.004891744806065187,0.00972904462843184,0,77.11478212170884,183,175
wine,"ADD(ash,hue)",0.0,-0.0052140289546439575,0.008102642296373207,0,77.1147821217088,184,248
wine,"SUB(ash,hue)",0.0,-0.005267695599614419,0.008057931546018722,0,77.1147821217088,185,271
wine,"MUL(ash,hue)",0.0,-0.004881491794109754,0.007901853292940141,0,77.11478212170908,186,173
wine,"DIV(ash,hue)",0.0,-0.005267695599614419,0.008057931546018722,0,77.11478212170884,187,270
wine,"ADD(ash,od280/od315_of_diluted_wines)",0.0,-0.005201808187097249,0.008136430950607211,0,77.1147821217088,188,244
wine,"SUB(ash,od280/od315_of_diluted_wines)",0.0,-0.005255474832067711,0.008091987946514315,0,77.1147821217088,158,267
wine,"MUL(ash,od280/od315_of_diluted_wines)",0.0,-0.004869271026563045,0.007935984764066319,0,77.11478212170908,159,164
wine,"DIV(ash,od280/od315_of_diluted_wines)",0.0,-0.005255474832067711,0.008091987946514315,0,77.11478212170884,160,266
wine,"ADD(ash,proline)",0.0,-0.005332478308441127,0.009764305065775062,0,77.1147821217088,161,291
wine,"SUB(ash,proline)",0.0,-0.0052214162712410465,0.00973434897140259,0,77.1147821217088,162,253
wine,"MUL(ash,proline)",0.0,-0.005078159243895767,0.009664490975848794,0,77.11478212170908,163,209
wine,"DIV(ash,proline)",-0.074074074074074,-0.0052214162712410465,0.00973434897140259,0,77.11478212170884,362,252
wine,"ADD(alcalinity_of_ash,magnesium)",0.0,-0.004586160433410516,0.009799447275154742,0,77.1147821217088,164,121
wine,"SUB(alcalinity_of_ash,magnesium)",0.0,-0.004400447618917915,0.00985159716719169,0,77.1147821217088,165,111
wine,"MUL(alcalinity_of_ash,magnesium)",0.0,-0.0038785599078680227,0.009703809900126965,0,77.11478212170908,166,79
wine,"DIV(alcalinity_of_ash,magnesium)",0.0,-0.004400447618917915,0.00985159716719169,0,77.11478212170884,167,112
wine,"ADD(alcalinity_of_ash,total_phenols)",0.0,-0.005089336824865542,0.00806940838582172,0,77.1147821217088,168,211
wine,"SUB(alcalinity_of_ash,total_phenols)",0.0,-0.005123623624874765,0.008033058813071283,0,77.1147821217088,169,221
wine,"MUL(alcalinity_of_ash,total_phenols)",0.0,-0.004760952488251605,0.007853717360475278,0,77.11478212170908,170,142
wine,"DIV(alcalinity_of_ash,total_phenols)",0.0,-0.005123623624874765,0.008033058813071283,0,77.11478212170884,171,222
wine,"ADD(alcalinity_of_ash,flavanoids)",0.0,-0.005018976522435112,0.008097650368135046,0,77.1147821217088,172,195
wine,"SUB(alcalinity_of_ash,flavanoids)",0.0,-0.005053263322444335,0.008061727391873665,0,77.1147821217088,145,203
wine,"MUL(alcalinity_of_ash,flavanoids)",0.0,-0.004748731720704896,0.007887870366892468,0,77.11478212170908,146,140
wine,"DIV(alcalinity_of_ash,flavanoids)",0.0,-0.005053263322444335,0.008061727391873665,0,77.11478212170884,147,202
wine,"ADD(alcalinity_of_ash,nonflavanoid_phenols)",0.0,-0.005373550462030588,0.007839475013191786,0,77.1147821217088,148,307
wine,"SUB(alcalinity_of_ash,nonflavanoid_phenols)",0.0,-0.005375822143662018,0.007925761500876807,0,77.1147821217088,149,308
wine,"MUL(alcalinity_of_ash,nonflavanoid_phenols)",-0.037037037037037,-0.005041484358438842,0.007722908818776181,0,77.11478212170908,346,200
wine,"DIV(alcalinity_of_ash,nonflavanoid_phenols)",-0.037037037037037,-0.005375822143662018,0.007925761500876807,0,77.11478212170884,347,309
wine,"ADD(alcalinity_of_ash,proanthocyanins)",0.0,-0.005284196844698583,0.007909122039203865,0,77.1147821217088,150,276
wine,"SUB(alcalinity_of_ash,proanthocyanins)",0.0,-0.005318483644707804,0.007871183606996665,0,77.1147821217088,151,287
wine,"MUL(alcalinity_of_ash,proanthocyanins)",0.0,-0.004917052818162165,0.007683063050783132,0,77.11478212170908,152,178
wine,"DIV(alcalinity_of_ash,proanthocyanins)",0.0,-0.005318483644707804,0.007871183606996665,0,77.11478212170884,153,286
wine,"ADD(alcalinity_of_ash,color_intensity)",0.0,-0.00439636581037694,0.009675748754299744,0,77.1147821217088,154,110
wine,"SUB(alcalinity_of_ash,color_intensity)",0.0,-0.004446156486355155,0.009649505160494206,0,77.1147821217088,155,115
wine,"MUL(alcalinity_of_ash,color_intensity)",-0.037037037037037,-0.003982408310188984,0.009515918046170802,0,77.11478212170908,348,85
wine,"DIV(alcalinity_of_ash,color_intensity)",0.0,-0.004446156486355155,0.009649505160494206,0,77.11478212170884,156,116
wine,"ADD(alcalinity_of_ash,hue)",0.0,-0.005089336824865542,0.00806940838582172,0,77.1147821217088,157,212
wine,"SUB(alcalinity_of_ash,hue)",0.0,-0.005123623624874765,0.008033058813071283,0,77.1147821217088,130,219
wine,"MUL(alcalinity_of_ash,hue)",0.0,-0.004760952488251605,0.007853717360475278,0,77.11478212170908,131,143
wine,"DIV(alcalinity_of_ash,hue)",0.0,-0.005123623624874765,0.008033058813071283,0,77.11478212170884,132,220
wine,"ADD(alcalinity_of_ash,od280/od315_of_diluted_wines)",0.0,-0.005077116057318833,0.008103147565059338,0,77.1147821217088,133,207
wine,"SUB(alcalinity_of_ash,od280/od315_of_diluted_wines)",0.0,-0.005111402857328056,0.008067001963570165,0,77.1147821217088,134,214
wine,"MUL(alcalinity_of_ash,od280/od315_of_diluted_wines)",0.0,-0.004748731720704896,0.007887870366892468,0,77.11478212170908,135,141
wine,"DIV(alcalinity_of_ash,od280/od315_of_diluted_wines)",0.0,-0.005111402857328056,0.008067001963570165,0,77.11478212170884,136,215
wine,"ADD(alcalinity_of_ash,proline)",0.0,-0.005031652653778573,0.009695412664699076,0,77.1147821217088,137,199
wine,"SUB(alcalinity_of_ash,proline)",0.0,-0.004877954957663765,0.00965712628378358,0,77.1147821217088,138,167
wine,"MUL(alcalinity_of_ash,proline)",-0.037037037037037,-0.004588656955789139,0.009520139232147291,0,77.11478212170908,352,122
wine,"DIV(alcalinity_of_ash,proline)",0.0,-0.004877954957663765,0.00965712628378358,0,77.11478212170884,139,168
wine,"ADD(magnesium,total_phenols)",0.0,-0.002641555892877198,0.006946951108776458,0,77.1147821217088,140,23
wine,"SUB(magnesium,total_phenols)",0.0,-0.0025615016076151013,0.006851163694364363,0,77.1147821217088,141,17
wine,"MUL(magnesium,total_phenols)",0.0,-0.0026597533208113974,0.006774630290679454,0,77.11478212170908,142,27
wine,"DIV(magnesium,total_phenols)",0.0,-0.0025615016076151013,0.006851163694364363,0,77.11478212170884,143,18
wine,"ADD(flavanoids,magnesium)",0.0,-0.0026293351253304886,0.006981830057236954,0,77.1147821217088,144,22
wine,"SUB(magnesium,flavanoids)",0.0,-0.0025492808400683926,0.00688638573983194,0,77.1147821217088,114,14
wine,"MUL(flavanoids,magnesium)",0.0,-0.002647532553264688,0.006810424479345754,0,77.11478212170908,115,24
wine,"DIV(magnesium,flavanoids)",0.0,-0.0025492808400683926,0.00688638573983194,0,77.11478212170884,116,15
wine,"ADD(magnesium,nonflavanoid_phenols)",0.0,-0.0029913689663854247,0.006931229977894891,0,77.1147821217088,117,36
wine,"SUB(magnesium,nonflavanoid_phenols)",0.0,-0.002879299562745538,0.00697004681809585,0,77.1147821217088,118,33
wine,"MUL(magnesium,nonflavanoid_phenols)",0.0,-0.002919411741058112,0.0068660819578210365,0,77.11478212170908,119,35
wine,"DIV(magnesium,nonflavanoid_phenols)",0.0,-0.002879299562745538,0.00697004681809585,0,77.11478212170884,120,34
wine,"ADD(magnesium,proanthocyanins)",0.0,-0.002836415912710239,0.006830295654178463,0,77.1147821217088,121,31
wine,"SUB(magnesium,proanthocyanins)",0.0,-0.002756361627448142,0.006735165309178599,0,77.1147821217088,122,30
wine,"MUL(magnesium,proanthocyanins)",0.0,-0.0028546133406444373,0.006654422040178547,0,77.11478212170908,123,32
wine,"DIV(magnesium,proanthocyanins)",0.0,-0.002756361627448142,0.006735165309178599,0,77.11478212170884,124,29
wine,"ADD(color_intensity,magnesium)",0.0,-0.0020348869529988414,0.008456134679352134,0,77.1147821217088,125,7
wine,"SUB(magnesium,color_intensity)",0.0,-0.0019354528227755045,0.008353873940680556,0,77.1147821217088,126,6
wine,"MUL(color_intensity,magnesium)",0.0,-0.002073816930893986,0.008357743457953499,0,77.11478212170908,127,8
wine,"DIV(magnesium,color_intensity)",0.0,-0.0019354528227755045,0.008353873940680556,0,77.11478212170884,128,5
wine,"ADD(hue,magnesium)",0.0,-0.00269969542776092,0.006973208224594378,0,77.1147821217088,129,28
wine,"SUB(magnesium,hue)",0.0,-0.0026196411424988224,0.006878463188868402,0,77.1147821217088,98,20
wine,"MUL(hue,magnesium)",0.0,-0.0026597533208113974,0.006774630290679454,0,77.11478212170908,99,26
wine,"DIV(magnesium,hue)",0.0,-0.0026196411424988224,0.006878463188868402,0,77.11478212170884,100,19
wine,"ADD(magnesium,od280/od315_of_diluted_wines)",0.0,-0.0026293351253304886,0.006981830057236954,0,77.1147821217088,101,21
wine,"SUB(magnesium,od280/od315_of_diluted_wines)",0.0,-0.0025492808400683926,0.00688638573983194,0,77.1147821217088,102,16
wine,"MUL(magnesium,od280/od315_of_diluted_wines)",0.0,-0.002647532553264688,0.006810424479345754,0,77.11478212170908,103,25
wine,"DIV(magnesium,od280/od315_of_diluted_wines)",0.0,-0.0025492808400683926,0.00688638573983194,0,77.11478212170884,104,13
wine,"ADD(magnesium,proline)",0.0,-0.0029996311607415603,0.008733570395707756,0,77.1147821217088,105,37
wine,"SUB(magnesium,proline)",0.0,-0.003024228038270162,0.008688934247023173,0,77.1147821217088,106,39
wine,"MUL(magnesium,proline)",0.0,-0.003784716739284841,0.008764715748559594,0,77.11478212170908,107,68
wine,"DIV(magnesium,proline)",0.0,-0.003024228038270162,0.008688934247023173,0,77.11478212170884,108,38
wine,"ADD(flavanoids,total_phenols)",0.0,-0.005133978729732908,0.008129888430473659,0,77.1147821217088,109,223
wine,"SUB(total_phenols,flavanoids)",0.0,-0.00518764537470337,0.008085859667549091,0,77.1147821217088,110,239
wine,"MUL(flavanoids,total_phenols)",0.0,-0.0048305113366405635,0.00794074001712867,0,77.11478212170908,111,158
wine,"DIV(total_phenols,flavanoids)",0.0,-0.00518764537470337,0.008085859667549091,0,77.11478212170884,112,240
wine,"ADD(nonflavanoid_phenols,total_phenols)",0.0,-0.005474017785607453,0.00785891411217823,0,77.1147821217088,113,336
wine,"SUB(total_phenols,nonflavanoid_phenols)",0.0,-0.005495669312200123,0.007936301548419608,0,77.1147821217088,82,343
wine,"MUL(nonflavanoid_phenols,total_phenols)",0.0,-0.005162023664296991,0.007786819773618711,0,77.11478212170908,83,230
wine,"DIV(total_phenols,nonflavanoid_phenols)",0.0,-0.005495669312200123,0.007936301548419608,0,77.11478212170884,84,344
wine,"ADD(proanthocyanins,total_phenols)",0.0,-0.005336214555872347,0.00792793554218157,0,77.1147821217088,85,294
wine,"SUB(total_phenols,proanthocyanins)",0.0,-0.0053898812008428085,0.007881401905484198,0,77.1147821217088,86,312
wine,"MUL(proanthocyanins,total_phenols)",0.0,-0.005018212279059073,0.0077375705960302365,0,77.11478212170908,87,194
wine,"DIV(total_phenols,proanthocyanins)",0.0,-0.0053898812008428085,0.007881401905484198,0,77.11478212170884,88,313
wine,"ADD(color_intensity,total_phenols)",0.0,-0.004741178936288523,0.009746166671448094,0,77.1147821217088,89,139
wine,"SUB(total_phenols,color_intensity)",0.0,-0.004833605271181466,0.009723358247477665,0,77.1147821217088,90,160
wine,"MUL(color_intensity,total_phenols)",0.0,-0.00443837868969968,0.009641565171650048,0,77.11478212170908,91,114
wine,"DIV(total_phenols,color_intensity)",0.0,-0.004833605271181466,0.009723358247477665,0,77.11478212170884,92,159
wine,"ADD(hue,total_phenols)",0.0,-0.005155889419760236,0.008098127765770744,0,77.1147821217088,93,227
wine,"SUB(total_phenols,hue)",0.0,-0.005209556064730698,0.008053779375898573,0,77.1147821217088,94,246
wine,"MUL(hue,total_phenols)",0.0,-0.0048233522592260325,0.00789477545464277,0,77.11478212170908,95,157
wine,"DIV(total_phenols,hue)",0.0,-0.005209556064730698,0.008053779375898573,0,77.11478212170884,96,245
wine,"ADD(od280/od315_of_diluted_wines,total_phenols)",0.0,-0.005143668652213528,0.008131847804914204,0,77.1147821217088,97,226
wine,"SUB(total_phenols,od280/od315_of_diluted_wines)",0.0,-0.005197335297183989,0.008087765410938703,0,77.1147821217088,68,243
wine,"MUL(od280/od315_of_diluted_wines,total_phenols)",0.0,-0.004811131491679324,0.007928847783385155,0,77.11478212170908,69,156
wine,"DIV(total_phenols,od280/od315_of_diluted_wines)",0.0,-0.005197335297183989,0.008087765410938703,0,77.11478212170884,70,242
wine,"ADD(proline,total_phenols)",0.0,-0.005274338773557406,0.009761264658125265,0,77.1147821217088,71,274
wine,"SUB(total_phenols,proline)",0.0,-0.0051632767363573254,0.009730635642912523,0,77.1147821217088,72,231
wine,"MUL(proline,total_phenols)",0.0,-0.005020019709012046,0.009659888619774987,0,77.11478212170908,73,196
wine,"DIV(total_phenols,proline)",-0.074074074074074,-0.0051632767363573254,0.009730635642912523,0,77.11478212170884,361,232
wine,"ADD(flavanoids,nonflavanoid_phenols)",0.0,-0.005727228428253152,0.007714590903029626,0,77.1147821217088,74,362
wine,"SUB(flavanoids,nonflavanoid_phenols)",0.0,-0.005768259799807064,0.007783200790634755,0,77.1147821217088,75,363
wine,"MUL(flavanoids,nonflavanoid_phenols)",0.0,-0.005353218803066721,0.007646313205334807,0,77.11478212170908,76,303
wine,"DIV(flavanoids,nonflavanoid_phenols)",0.0,-0.005768259799807064,0.007783200790634755,0,77.11478212170884,77,364
wine,"ADD(flavanoids,proanthocyanins)",0.0,-0.005570369064929387,0.007878776733733401,0,77.1147821217088,78,353
wine,"SUB(flavanoids,proanthocyanins)",0.0,-0.005643415554861089,0.007821194186344976,0,77.1147821217088,79,361
wine,"MUL(flavanoids,proanthocyanins)",0.0,-0.005180661361759525,0.0076884254158941425,0,77.11478212170908,80,238
wine,"DIV(flavanoids,proanthocyanins)",0.0,-0.005643415554861089,0.007821194186344976,0,77.11478212170884,81,360
wine,"ADD(color_intensity,flavanoids)",-0.037037037037037,-0.0050545582385541936,0.009485921605372524,0,77.1147821217088,354,204
wine,"SUB(flavanoids,color_intensity)",0.0,-0.005166364418408375,0.009452827888911932,0,77.1147821217088,55,233
wine,"MUL(color_intensity,flavanoids)",0.0,-0.00468005256560876,0.009377777735404323,0,77.11478212170908,56,129
wine,"DIV(flavanoids,color_intensity)",0.0,-0.005166364418408375,0.009452827888911932,0,77.11478212170884,57,234
wine,"ADD(flavanoids,hue)",0.0,-0.005380354006336657,0.008053570260545241,0,77.1147821217088,58,311
wine,"SUB(flavanoids,hue)",0.0,-0.0054534004962683595,0.007998981778211834,0,77.1147821217088,59,330
wine,"MUL(flavanoids,hue)",0.0,-0.004985801341926484,0.007850648112697384,0,77.11478212170908,60,185
wine,"DIV(flavanoids,hue)",0.0,-0.0054534004962683595,0.007998981778211834,0,77.11478212170884,61,329
wine,"ADD(flavanoids,od280/od315_of_diluted_wines)",0.0,-0.005377823161270568,0.008089504346027957,0,77.1147821217088,62,310
wine,"SUB(flavanoids,od280/od315_of_diluted_wines)",0.0,-0.005450869651202271,0.008035183000388278,0,77.1147821217088,63,328
wine,"MUL(flavanoids,od280/od315_of_diluted_wines)",-0.037037037037037,-0.0049735805743797755,0.00788516290175519,0,77.11478212170908,355,184
wine,"DIV(flavanoids,od280/od315_of_diluted_wines)",0.0,-0.005450869651202271,0.008035183000388278,0,77.11478212170884,64,327
wine,"ADD(flavanoids,proline)",-0.037037037037037,-0.005548958385900594,0.009443138906216958,0,77.1147821217088,356,349
wine,"SUB(flavanoids,proline)",0.0,-0.005457276193661753,0.00940748761582569,0,77.1147821217088,65,331
wine,"MUL(flavanoids,proline)",0.0,-0.005231239542839177,0.009344105563580547,0,77.11478212170908,66,255
wine,"DIV(flavanoids,proline)",-0.037037037037037,-0.005457276193661753,0.00940748761582569,0,77.11478212170884,353,332
wine,"ADD(nonflavanoid_phenols,proanthocyanins)",0.0,-0.005559715236866102,0.007515112494562376,0,77.1147821217088,67,352
wine,"SUB(nonflavanoid_phenols,proanthocyanins)",0.0,-0.005632761726797803,0.007454825815263147,0,77.1147821217088,39,356
wine,"MUL(nonflavanoid_phenols,proanthocyanins)",0.0,-0.0050881592025690085,0.00732910005792268,0,77.11478212170908,40,210
wine,"DIV(nonflavanoid_phenols,proanthocyanins)",0.0,-0.005632761726797803,0.007454825815263147,0,77.11478212170884,41,357
wine,"ADD(color_intensity,nonflavanoid_phenols)",0.0,-0.005004807491080868,0.009298007612805897,0,77.1147821217088,42,187
wine,"SUB(nonflavanoid_phenols,color_intensity)",0.0,-0.005116613670935052,0.00926484305554897,0,77.1147821217088,43,217
wine,"MUL(color_intensity,nonflavanoid_phenols)",0.0,-0.004524914239302859,0.009154835153969736,0,77.11478212170908,44,118
wine,"DIV(nonflavanoid_phenols,color_intensity)",0.0,-0.005116613670935052,0.00926484305554897,0,77.11478212170884,45,216
wine,"ADD(hue,nonflavanoid_phenols)",0.0,-0.0053697001782733724,0.007697904789741172,0,77.1147821217088,46,306
wine,"SUB(nonflavanoid_phenols,hue)",0.0,-0.0054427466682050755,0.007640877577087271,0,77.1147821217088,47,323
wine,"MUL(hue,nonflavanoid_phenols)",0.0,-0.004893299182735967,0.0074966958139919895,0,77.11478212170908,48,177
wine,"DIV(nonflavanoid_phenols,hue)",0.0,-0.0054427466682050755,0.007640877577087271,0,77.11478212170884,49,324
wine,"ADD(nonflavanoid_phenols,od280/od315_of_diluted_wines)",0.0,-0.005367169333207284,0.007735487757627844,0,77.1147821217088,50,305
wine,"SUB(nonflavanoid_phenols,od280/od315_of_diluted_wines)",0.0,-0.005440215823138987,0.007678763740552417,0,77.1147821217088,51,322
wine,"MUL(nonflavanoid_phenols,od280/od315_of_diluted_wines)",0.0,-0.0048810784151892585,0.007532682485713335,0,77.11478212170908,52,169
wine,"DIV(nonflavanoid_phenols,od280/od315_of_diluted_wines)",0.0,-0.005440215823138987,0.007678763740552417,0,77.11478212170884,53,321
wine,"ADD(nonflavanoid_phenols,proline)",0.0,-0.00551024937324219,0.009307046393463613,0,77.1147821217088,54,345
wine,"SUB(nonflavanoid_phenols,proline)",0.0,-0.005418567181003349,0.009270488959899013,0,77.1147821217088,26,319
wine,"MUL(nonflavanoid_phenols,proline)",0.0,-0.005121057680030367,0.00918177869092592,0,77.11478212170908,27,218
wine,"DIV(nonflavanoid_phenols,proline)",-0.074074074074074,-0.005418567181003349,0.009270488959899013,0,77.11478212170884,364,320
wine,"ADD(color_intensity,proanthocyanins)",0.0,-0.0050445721688627924,0.009316508105370623,0,77.1147821217088,28,201
wine,"SUB(proanthocyanins,color_intensity)",0.0,-0.005156378348716974,0.009282930716113445,0,77.1147821217088,29,228
wine,"MUL(color_intensity,proanthocyanins)",-0.037037037037037,-0.004698399847317341,0.009195738515930512,0,77.11478212170908,357,130
wine,"DIV(proanthocyanins,color_intensity)",0.0,-0.005156378348716974,0.009282930716113445,0,77.11478212170884,30,229
wine,"ADD(hue,proanthocyanins)",0.0,-0.005409464856055295,0.007718360977649193,0,77.1147821217088,31,318
wine,"SUB(proanthocyanins,hue)",0.0,-0.005482511345986997,0.007661106893729018,0,77.1147821217088,32,340
wine,"MUL(hue,proanthocyanins)",-0.037037037037037,-0.005028025100827969,0.007544139334701446,0,77.11478212170908,351,198
wine,"DIV(proanthocyanins,hue)",0.0,-0.005482511345986997,0.007661106893729018,0,77.11478212170884,33,339
wine,"ADD(od280/od315_of_diluted_wines,proanthocyanins)",0.0,-0.0054069340109892065,0.0077558577961606085,0,77.1147821217088,34,317
wine,"SUB(proanthocyanins,od280/od315_of_diluted_wines)",0.0,-0.005479980500920908,0.007698906581379395,0,77.1147821217088,35,337
wine,"MUL(od280/od315_of_diluted_wines,proanthocyanins)",0.0,-0.00501580433328126,0.007580117974853163,0,77.11478212170908,36,190
wine,"DIV(proanthocyanins,od280/od315_of_diluted_wines)",0.0,-0.005479980500920908,0.007698906581379395,0,77.11478212170884,37,338
wine,"ADD(proanthocyanins,proline)",0.0,-0.005582576967371983,0.00927896821653829,0,77.1147821217088,38,354
wine,"SUB(proanthocyanins,proline)",0.0,-0.005490894775133143,0.009243017172646148,0,77.1147821217088,329,342
wine,"MUL(proanthocyanins,proline)",0.0,-0.005293191475710549,0.009167229782328047,0,77.11478212170908,330,280
wine,"DIV(proanthocyanins,proline)",-0.074074074074074,-0.005490894775133143,0.009243017172646148,0,77.11478212170884,359,341
wine,"ADD(color_intensity,hue)",0.0,-0.003795774277601773,0.0071818088017403525,0,77.1147821217088,331,69
wine,"SUB(color_intensity,hue)",0.0,-0.003638200612494716,0.007100044937830551,0,77.1147821217088,332,52
wine,"MUL(color_intensity,hue)",0.0,-0.003877925193908065,0.007030137007099739,0,77.11478212170908,333,78
wine,"DIV(color_intensity,hue)",0.0,-0.003638200612494716,0.007100044937830551,0,77.11478212170884,334,51
wine,"ADD(color_intensity,od280/od315_of_diluted_wines)",0.0,-0.0037254139751713433,0.007200898315353911,0,77.1147821217088,335,55
wine,"SUB(color_intensity,od280/od315_of_diluted_wines)",0.0,-0.003567840310064286,0.0071177962278405225,0,77.1147821217088,336,47
wine,"MUL(color_intensity,od280/od315_of_diluted_wines)",0.0,-0.003865704426361356,0.007066743687347074,0,77.11478212170908,337,75
wine,"DIV(color_intensity,od280/od315_of_diluted_wines)",0.0,-0.003567840310064286,0.0071177962278405225,0,77.11478212170884,338,48
wine,"ADD(color_intensity,proline)",0.0,-0.004229252160347384,0.008741265421023613,0,77.1147821217088,339,103
wine,"SUB(color_intensity,proline)",0.0,-0.0041569498130697834,0.008701179044484888,0,77.1147821217088,340,100
wine,"MUL(color_intensity,proline)",0.0,-0.005308911382301516,0.008744910186120907,0,77.11478212170908,341,285
wine,"DIV(color_intensity,proline)",0.0,-0.0041569498130697834,0.008701179044484888,0,77.11478212170884,342,99
wine,"ADD(hue,od280/od315_of_diluted_wines)",0.0,-0.005226619165460623,0.008142173749943688,0,77.1147821217088,343,254
wine,"SUB(hue,od280/od315_of_diluted_wines)",0.0,-0.005299665655392325,0.0080895715895164,0,77.1147821217088,313,282
wine,"MUL(hue,od280/od315_of_diluted_wines)",0.0,-0.0048417564235310705,0.007943346246998844,0,77.11478212170908,11,161
wine,"DIV(hue,od280/od315_of_diluted_wines)",0.0,-0.005299665655392325,0.0080895715895164,0,77.11478212170884,10,281
wine,"ADD(hue,proline)",0.0,-0.005324726370456629,0.009762707982670107,0,77.1147821217088,9,288
wine,"SUB(hue,proline)",0.0,-0.00523304417821779,0.00972611442608013,0,77.1147821217088,8,258
wine,"MUL(hue,proline)",0.0,-0.005026387372356453,0.009668947761581944,0,77.11478212170908,7,197
wine,"DIV(hue,proline)",0.0,-0.00523304417821779,0.00972611442608013,0,77.11478212170884,6,257
wine,"ADD(od280/od315_of_diluted_wines,proline)",0.0,-0.005332131483966269,0.009750719194169252,0,77.1147821217088,5,290
wine,"SUB(od280/od315_of_diluted_wines,proline)",0.0,-0.005221069446766189,0.009720717270088742,0,77.1147821217088,4,251
wine,"MUL(od280/od315_of_diluted_wines,proline)",0.0,-0.00507781241942091,0.009650755452301698,0,77.11478212170908,3,208
wine,"DIV(od280/od315_of_diluted_wines,proline)",-0.037037037037037,-0.005221069446766189,0.009720717270088742,0,77.11478212170884,349,250
breast_cancer,LOG(mean radius),-0.0116279069767442,-9.25925925925925e-05,0.0013061792573764738,0,2.564121655062996,859,38
breast_cancer,SQRT(mean radius),-0.0116279069767442,-9.25925925925925e-05,0.0013061792573764738,0,2.564121655062996,860,39
breast_cancer,SQUARE(mean radius),-0.0116279069767442,-9.25925925925925e-05,0.0013061792573764738,0,2.564121655062995,861,40
breast_cancer,ABS(mean radius),-0.0116279069767442,-9.25925925925925e-05,0.0013061792573764738,0,2.5641216550629955,862,41
breast_cancer,LOG(mean texture),-0.0116279069767442,-9.25925925925925e-05,0.0013061792573764738,0,2.564121655062996,863,42
breast_cancer,SQRT(mean texture),0.0,-9.25925925925925e-05,0.0013061792573764738,0,2.564121655062996,582,43
breast_cancer,SQUARE(mean texture),-0.0116279069767442,-9.25925925925925e-05,0.0013061792573764738,0,2.564121655062995,835,44
breast_cancer,ABS(mean texture),-0.0116279069767442,-9.25925925925925e-05,0.0013061792573764738,0,2.5641216550629955,608,45
breast_cancer,LOG(mean perimeter),-0.0116279069767442,-9.25925925925925e-05,0.0013061792573764738,0,2.564121655062996,607,46
breast_cancer,SQRT(mean perimeter),-0.0116279069767442,-9.25925925925925e-05,0.0013061792573764738,0,2.564121655062996,606,47
breast_cancer,SQUARE(mean perimeter),-0.0116279069767442,-9.25925925925925e-05,0.0013061792573764738,0,2.564121655062995,605,48
breast_cancer,ABS(mean perimeter),-0.0116279069767442,-9.25925925925925e-05,0.0013061792573764738,0,2.5641216550629955,604,49
breast_cancer,LOG(mean area),-0.0116279069767442,-9.25925925925925e-05,0.0013061792573764738,0,2.564121655062996,603,50
breast_cancer,SQRT(mean area),-0.0116279069767442,-9.25925925925925e-05,0.0013061792573764738,0,2.564121655062996,602,51
breast_cancer,SQUARE(mean area),0.0,-9.25925925925925e-05,0.0013061792573764738,0,2.564121655062995,583,52
breast_cancer,ABS(mean area),0.0,-9.25925925925925e-05,0.0013061792573764738,0,2.5641216550629955,584,33
breast_cancer,LOG(mean smoothness),0.0,-0.00638039215857262,0.010972710046996152,0,2.564121655062996,1,577
breast_cancer,SQRT(mean smoothness),0.0,-0.006380054520763396,0.01097290740800129,0,2.564121655062996,2,575
breast_cancer,SQUARE(mean smoothness),-0.0116279069767442,-0.006382212295990854,0.010971681669715566,0,2.564121655062995,597,578
breast_cancer,ABS(mean smoothness),-0.0116279069767442,-0.006380054520763396,0.01097290740800129,0,2.5641216550629955,836,576
breast_cancer,LOG(mean compactness),-0.0116279069767442,-0.006851281505075717,0.011324999192059372,0,2.564121655062996,837,693
breast_cancer,SQRT(mean compactness),0.0,-0.006850943867266494,0.011325204452430841,0,2.564121655062996,3,673
breast_cancer,SQUARE(mean compactness),-0.0116279069767442,-0.0068531016424939525,0.011323927120024621,0,2.564121655062995,838,710
breast_cancer,ABS(mean compactness),0.0,-0.006850943867266494,0.011325204452430841,0,2.5641216550629955,4,674
breast_cancer,LOG(mean concavity),0.0,-0.006851281505075717,0.011324999192059372,0,2.564121655062996,5,694
breast_cancer,SQRT(mean concavity),-0.0116279069767442,-0.006850943867266494,0.011325204452430841,0,2.564121655062996,839,688
breast_cancer,SQUARE(mean concavity),-0.0116279069767442,-0.0068531016424939525,0.011323927120024621,0,2.564121655062995,840,705
breast_cancer,ABS(mean concavity),-0.0116279069767442,-0.006850943867266494,0.011325204452430841,0,2.5641216550629955,841,672
breast_cancer,LOG(mean concave points),0.0,-0.006851281505075717,0.011324999192059372,0,2.564121655062996,6,692
breast_cancer,SQRT(mean concave points),0.0,-0.006850943867266494,0.011325204452430841,0,2.564121655062996,7,671
breast_cancer,SQUARE(mean concave points),-0.0116279069767442,-0.0068531016424939525,0.011323927120024621,0,2.564121655062995,842,707
breast_cancer,ABS(mean concave points),-0.0116279069767442,-0.006850943867266494,0.011325204452430841,0,2.5641216550629955,843,675
breast_cancer,LOG(mean symmetry),-0.0116279069767442,-0.006851281505075717,0.011324999192059372,0,2.564121655062996,609,698
breast_cancer,SQRT(mean symmetry),-0.0116279069767442,-0.006850943867266494,0.011325204452430841,0,2.564121655062996,610,676
breast_cancer,SQUARE(mean symmetry),0.0,-0.0068531016424939525,0.011323927120024621,0,2.564121655062995,33,703
breast_cancer,ABS(mean symmetry),0.0,-0.006850943867266494,0.011325204452430841,0,2.5641216550629955,34,689
breast_cancer,LOG(mean fractal dimension),0.0,-0.006599250881402635,0.011468258974695788,0,2.564121655062996,35,659
breast_cancer,SQRT(mean fractal dimension),0.0,-0.006598913243593412,0.011468454251108528,0,2.564121655062996,36,655
breast_cancer,SQUARE(mean fractal dimension),-0.0116279069767442,-0.006601071018820871,0.011467240299693371,0,2.564121655062995,611,662
breast_cancer,ABS(mean fractal dimension),0.0,-0.006598913243593412,0.011468454251108528,0,2.5641216550629955,37,658
breast_cancer,LOG(radius error),-0.0116279069767442,-0.008093059842606987,0.012354443512333382,0,2.564121655062996,612,826
breast_cancer,SQRT(radius error),0.0,-0.008092722204797764,0.012354665605805974,0,2.564121655062996,38,825
breast_cancer,SQUARE(radius error),0.0,-0.008094879980025222,0.012353277816210777,0,2.564121655062995,39,827
breast_cancer,ABS(radius error),0.0,-0.008092722204797764,0.012354665605805974,0,2.5641216550629955,40,824
breast_cancer,LOG(texture error),0.0,-0.00989988225332195,0.012462213802058942,0,2.564121655062996,41,856
breast_cancer,SQRT(texture error),0.0,-0.009899544615512727,0.012462482926094549,0,2.564121655062996,42,854
breast_cancer,SQUARE(texture error),-0.0116279069767442,-0.009901702390740185,0.012460794269352248,0,2.564121655062995,613,857
breast_cancer,ABS(texture error),-0.0116279069767442,-0.009899544615512727,0.012462482926094549,0,2.5641216550629955,614,855
breast_cancer,LOG(perimeter error),-0.0116279069767442,-9.25925925925925e-05,0.0013061792573764738,0,2.564121655062996,823,34
breast_cancer,SQRT(perimeter error),0.0,-9.25925925925925e-05,0.0013061792573764738,0,2.564121655062996,78,31
breast_cancer,SQUARE(perimeter error),0.0,-9.25925925925925e-05,0.0013061792573764738,0,2.564121655062995,79,32
breast_cancer,ABS(perimeter error),0.0,-9.25925925925925e-05,0.0013061792573764738,0,2.5641216550629955,80,21
breast_cancer,LOG(area error),0.0,-9.25925925925925e-05,0.0013061792573764738,0,2.564121655062996,81,30
breast_cancer,SQRT(area error),0.0,-9.25925925925925e-05,0.0013061792573764738,0,2.564121655062996,82,28
breast_cancer,SQUARE(area error),0.0,-9.25925925925925e-05,0.0013061792573764738,0,2.564121655062995,83,53
breast_cancer,ABS(area error),0.0,-9.25925925925925e-05,0.0013061792573764738,0,2.5641216550629955,84,58
breast_cancer,LOG(smoothness error),0.0,-0.005932276533504397,0.012329633191172478,0,2.564121655062996,85,485
breast_cancer,SQRT(smoothness error),-0.0116279069767442,-0.005931938895695174,0.01232979656103155,0,2.564121655062996,824,479
breast_cancer,SQUARE(smoothness error),-0.0232558139534883,-0.0059340966709226315,0.01232878415655892,0,2.564121655062995,867,490
breast_cancer,ABS(smoothness error),-0.0116279069767442,-0.005931938895695174,0.01232979656103155,0,2.5641216550629955,825,480
breast_cancer,LOG(compactness error),-0.0116279069767442,-0.006599250881402635,0.011468258974695788,0,2.564121655062996,826,660
breast_cancer,SQRT(compactness error),0.0,-0.006598913243593412,0.011468454251108528,0,2.564121655062996,86,657
breast_cancer,SQUARE(compactness error),-0.0116279069767442,-0.006601071018820871,0.011467240299693371,0,2.564121655062995,827,661
breast_cancer,ABS(compactness error),-0.0116279069767442,-0.006598913243593412,0.011468454251108528,0,2.5641216550629955,828,656
breast_cancer,LOG(concavity error),-0.0116279069767442,-0.006851281505075717,0.011324999192059372,0,2.564121655062996,810,697
breast_cancer,SQRT(concavity error),0.0,-0.006850943867266494,0.011325204452430841,0,2.564121655062996,107,690
breast_cancer,SQUARE(concavity error),0.0,-0.0068531016424939525,0.011323927120024621,0,2.564121655062995,108,704
breast_cancer,ABS(concavity error),-0.0116279069767442,-0.006850943867266494,0.011325204452430841,0,2.5641216550629955,811,677
breast_cancer,LOG(concave points error),0.0,-0.005932276533504397,0.012329633191172478,0,2.564121655062996,109,486
breast_cancer,SQRT(concave points error),0.0,-0.005931938895695174,0.01232979656103155,0,2.564121655062996,110,478
breast_cancer,SQUARE(concave points error),-0.0116279069767442,-0.0059340966709226315,0.01232878415655892,0,2.564121655062995,812,489
breast_cancer,ABS(concave points error),-0.0116279069767442,-0.005931938895695174,0.01232979656103155,0,2.5641216550629955,813,477
breast_cancer,LOG(symmetry error),0.0,-0.005932276533504397,0.012329633191172478,0,2.564121655062996,111,483
breast_cancer,SQRT(symmetry error),-0.0116279069767442,-0.005931938895695174,0.01232979656103155,0,2.564121655062996,814,475
breast_cancer,SQUARE(symmetry error),-0.0116279069767442,-0.0059340966709226315,0.01232878415655892,0,2.564121655062995,815,487
breast_cancer,ABS(symmetry error),-0.0116279069767442,-0.005931938895695174,0.01232979656103155,0,2.5641216550629955,816,476
breast_cancer,LOG(fractal dimension error),-0.0116279069767442,-0.005932276533504397,0.012329633191172478,0,2.564121655062996,817,484
breast_cancer,SQRT(fractal dimension error),0.0,-0.005931938895695174,0.01232979656103155,0,2.564121655062996,112,482
breast_cancer,SQUARE(fractal dimension error),-0.0116279069767442,-0.0059340966709226315,0.01232878415655892,0,2.564121655062995,818,488
breast_cancer,ABS(fractal dimension error),-0.0116279069767442,-0.005931938895695174,0.01232979656103155,0,2.5641216550629955,819,481
breast_cancer,LOG(worst radius),-0.0232558139534883,-9.25925925925925e-05,0.0013061792573764738,0,2.564121655062996,874,56
breast_cancer,SQRT(worst radius),-0.0116279069767442,-9.25925925925925e-05,0.0013061792573764738,0,2.564121655062996,795,55
breast_cancer,SQUARE(worst radius),0.0,-9.25925925925925e-05,0.0013061792573764738,0,2.564121655062995,113,54
breast_cancer,ABS(worst radius),-0.0116279069767442,-9.25925925925925e-05,0.0013061792573764738,0,2.5641216550629955,796,57
breast_cancer,LOG(worst texture),-0.0116279069767442,-9.25925925925925e-05,0.0013061792573764738,0,2.564121655062996,797,24
breast_cancer,SQRT(worst texture),0.0,-9.25925925925925e-05,0.0013061792573764738,0,2.564121655062996,114,23
breast_cancer,SQUARE(worst texture),0.0,-9.25925925925925e-05,0.0013061792573764738,0,2.564121655062995,115,22
breast_cancer,ABS(worst texture),0.0,-9.25925925925925e-05,0.0013061792573764738,0,2.5641216550629955,116,59
breast_cancer,LOG(worst perimeter),-0.0232558139534883,-9.25925925925925e-05,0.0013061792573764738,0,2.564121655062996,873,60
breast_cancer,SQRT(worst perimeter),-0.0116279069767442,-9.25925925925925e-05,0.0013061792573764738,0,2.564121655062996,798,27
breast_cancer,SQUARE(worst perimeter),0.0,-9.25925925925925e-05,0.0013061792573764738,0,2.564121655062995,117,26
breast_cancer,ABS(worst perimeter),0.0,-9.25925925925925e-05,0.0013061792573764738,0,2.5641216550629955,118,25
breast_cancer,LOG(worst area),-0.0232558139534883,-9.25925925925925e-05,0.0013061792573764738,0,2.564121655062996,872,35
breast_cancer,SQRT(worst area),0.0,-9.25925925925925e-05,0.0013061792573764738,0,2.564121655062996,119,36
breast_cancer,SQUARE(worst area),0.0,-9.25925925925925e-05,0.0013061792573764738,0,2.564121655062995,120,37
breast_cancer,ABS(worst area),0.0,-9.25925925925925e-05,0.0013061792573764738,0,2.5641216550629955,121,29
breast_cancer,LOG(worst smoothness),0.0,-0.006388318542112755,0.010967524359030091,0,2.564121655062996,142,581
breast_cancer,SQRT(worst smoothness),0.0,-0.006387980904303532,0.010967722057361365,0,2.564121655062996,143,580
breast_cancer,SQUARE(worst smoothness),-0.0116279069767442,-0.00639013867953099,0.010966494179902085,0,2.564121655062995,782,582
breast_cancer,ABS(worst smoothness),-0.0116279069767442,-0.006387980904303532,0.010967722057361365,0,2.5641216550629955,783,579
breast_cancer,LOG(worst compactness),0.0,-0.006851281505075717,0.011324999192059372,0,2.564121655062996,144,696
breast_cancer,SQRT(worst compactness),0.0,-0.006850943867266494,0.011325204452430841,0,2.564121655062996,145,681
breast_cancer,SQUARE(worst compactness),0.0,-0.0068531016424939525,0.011323927120024621,0,2.564121655062995,146,706
breast_cancer,ABS(worst compactness),0.0,-0.006850943867266494,0.011325204452430841,0,2.5641216550629955,147,680
breast_cancer,LOG(worst concavity),0.0,-0.006851281505075717,0.011324999192059372,0,2.564121655062996,148,699
breast_cancer,SQRT(worst concavity),0.0,-0.006850943867266494,0.011325204452430841,0,2.564121655062996,149,682
breast_cancer,SQUARE(worst concavity),0.0,-0.0068531016424939525,0.011323927120024621,0,2.564121655062995,150,701
breast_cancer,ABS(worst concavity),0.0,-0.006850943867266494,0.011325204452430841,0,2.5641216550629955,151,686
breast_cancer,LOG(worst concave points),0.0,-0.006851281505075717,0.011324999192059372,0,2.564121655062996,152,700
breast_cancer,SQRT(worst concave points),0.0,-0.006850943867266494,0.011325204452430841,0,2.564121655062996,153,685
breast_cancer,SQUARE(worst concave points),0.0,-0.0068531016424939525,0.011323927120024621,0,2.564121655062995,154,708
breast_cancer,ABS(worst concave points),0.0,-0.006850943867266494,0.011325204452430841,0,2.5641216550629955,155,687
breast_cancer,LOG(worst symmetry),0.0,-0.006851281505075717,0.011324999192059372,0,2.564121655062996,206,691
breast_cancer,SQRT(worst symmetry),0.0,-0.006850943867266494,0.011325204452430841,0,2.564121655062996,207,683
breast_cancer,SQUARE(worst symmetry),-0.0116279069767442,-0.0068531016424939525,0.011323927120024621,0,2.564121655062995,766,702
breast_cancer,ABS(worst symmetry),0.0,-0.006850943867266494,0.011325204452430841,0,2.5641216550629955,208,684
breast_cancer,LOG(worst fractal dimension),0.0,-0.006851281505075717,0.011324999192059372,0,2.564121655062996,209,695
breast_cancer,SQRT(worst fractal dimension),0.0,-0.006850943867266494,0.011325204452430841,0,2.564121655062996,210,678
breast_cancer,SQUARE(worst fractal dimension),0.0,-0.0068531016424939525,0.011323927120024621,0,2.564121655062995,211,709
breast_cancer,ABS(worst fractal dimension),0.0,-0.006850943867266494,0.011325204452430841,0,2.5641216550629955,212,679
breast_cancer,"ADD(mean radius,mean texture)",-0.0116279069767442,1.0757130722939166e-05,0.001772043250853835,0,13.734753990267446,767,2
breast_cancer,"SUB(mean radius,mean texture)",0.0,1.0757130722939166e-05,0.001772043250853835,0,13.734753990267443,213,3
breast_cancer,"MUL(mean radius,mean texture)",0.0,1.3886319376950583e-05,0.0017736716776421343,0,13.734753990267453,214,1
breast_cancer,"DIV(mean radius,mean texture)",-0.0116279069767442,1.0757130722939166e-05,0.001772043250853835,0,13.734753990267455,768,4
breast_cancer,"ADD(mean perimeter,mean radius)",0.0,-0.00037823845245219564,0.0023917869922146554,0,13.734753990267446,215,141
breast_cancer,"SUB(mean radius,mean perimeter)",0.0,-0.00037823845245219564,0.0023917869922146554,0,13.734753990267443,216,142
breast_cancer,"MUL(mean perimeter,mean radius)",-0.0116279069767442,-0.0003083261828477415,0.002228357471989645,0,13.734753990267453,769,65
breast_cancer,"DIV(mean radius,mean perimeter)",0.0,-0.00037823845245219564,0.0023917869922146554,0,13.734753990267455,217,143
breast_cancer,"ADD(mean area,mean radius)",0.0,-0.00037823845245219564,0.0023917869922146554,0,13.734753990267446,252,133
breast_cancer,"SUB(mean radius,mean area)",0.0,-0.00037823845245219564,0.0023917869922146554,0,13.734753990267443,253,158
breast_cancer,"MUL(mean area,mean radius)",-0.0116279069767442,-0.0003083261828477415,0.002228357471989645,0,13.734753990267453,753,72
breast_cancer,"DIV(mean radius,mean area)",0.0,-0.00037823845245219564,0.0023917869922146554,0,13.734753990267455,254,159
breast_cancer,"ADD(mean radius,mean smoothness)",0.0,-8.183546186965334e-05,0.0022018704767860805,0,13.734753990267446,255,17
breast_cancer,"SUB(mean radius,mean smoothness)",0.0,-8.183546186965334e-05,0.0022018704767860805,0,13.734753990267443,256,18
breast_cancer,"MUL(mean radius,mean smoothness)",-0.0116279069767442,-6.272659175682305e-05,0.0022243644230022543,0,13.734753990267453,754,8
breast_cancer,"DIV(mean radius,mean smoothness)",0.0,-8.183546186965334e-05,0.0022018704767860805,0,13.734753990267455,257,10
breast_cancer,"ADD(mean compactness,mean radius)",0.0,-0.0004708310450447881,0.0027123246691106643,0,13.734753990267446,258,290
breast_cancer,"SUB(mean radius,mean compactness)",0.0,-0.0004708310450447881,0.0027123246691106643,0,13.734753990267443,259,291
breast_cancer,"MUL(mean compactness,mean radius)",0.0,-0.000400918775440334,0.0025718833243567754,0,13.734753990267453,260,184
breast_cancer,"DIV(mean radius,mean compactness)",0.0,-0.0004708310450447881,0.0027123246691106643,0,13.734753990267455,261,292
breast_cancer,"ADD(mean concavity,mean radius)",-0.0116279069767442,-0.0004708310450447881,0.0027123246691106643,0,13.734753990267446,755,293
breast_cancer,"SUB(mean radius,mean concavity)",-0.0116279069767442,-0.0004708310450447881,0.0027123246691106643,0,13.734753990267443,756,294
breast_cancer,"MUL(mean concavity,mean radius)",0.0,-0.000400918775440334,0.0025718833243567754,0,13.734753990267453,262,191
breast_cancer,"DIV(mean radius,mean concavity)",0.0,-0.0004708310450447881,0.0027123246691106643,0,13.734753990267455,263,295
breast_cancer,"ADD(mean concave points,mean radius)",0.0,-0.0004708310450447881,0.0027123246691106643,0,13.734753990267446,285,348
breast_cancer,"SUB(mean radius,mean concave points)",0.0,-0.0004708310450447881,0.0027123246691106643,0,13.734753990267443,286,342
breast_cancer,"MUL(mean concave points,mean radius)",0.0,-0.000400918775440334,0.0025718833243567754,0,13.734753990267453,287,170
breast_cancer,"DIV(mean radius,mean concave points)",-0.0116279069767442,-0.0004708310450447881,0.0027123246691106643,0,13.734753990267455,736,343
breast_cancer,"ADD(mean radius,mean symmetry)",0.0,-0.00037823845245219553,0.0023917869922146567,0,13.734753990267446,288,88
breast_cancer,"SUB(mean radius,mean symmetry)",0.0,-0.00037823845245219553,0.0023917869922146567,0,13.734753990267443,289,87
breast_cancer,"MUL(mean radius,mean symmetry)",0.0,-0.0003083261828477415,0.0022283574719896447,0,13.734753990267453,290,67
breast_cancer,"DIV(mean radius,mean symmetry)",0.0,-0.00037823845245219553,0.0023917869922146567,0,13.734753990267455,291,86
breast_cancer,"ADD(mean fractal dimension,mean radius)",0.0,-0.0004708310450447881,0.0027123246691106643,0,13.734753990267446,292,344
breast_cancer,"SUB(mean radius,mean fractal dimension)",0.0,-0.0004708310450447881,0.0027123246691106643,0,13.734753990267443,293,345
breast_cancer,"MUL(mean fractal dimension,mean radius)",0.0,-0.000400918775440334,0.0025718833243567754,0,13.734753990267453,294,161
breast_cancer,"DIV(mean radius,mean fractal dimension)",0.0,-0.0004708310450447881,0.0027123246691106643,0,13.734753990267455,295,346
breast_cancer,"ADD(mean radius,radius error)",0.0,-0.00037823845245219564,0.0023917869922146554,0,13.734753990267446,296,119
breast_cancer,"SUB(mean radius,radius error)",-0.0116279069767442,-0.00037823845245219564,0.0023917869922146554,0,13.734753990267443,737,104
breast_cancer,"MUL(mean radius,radius error)",-0.0116279069767442,-0.0003083261828477415,0.002228357471989645,0,13.734753990267453,738,69
breast_cancer,"DIV(mean radius,radius error)",0.0,-0.00037823845245219564,0.0023917869922146554,0,13.734753990267455,297,98
breast_cancer,"ADD(mean radius,texture error)",0.0,-0.00037823845245219564,0.0023917869922146554,0,13.734753990267446,313,105
breast_cancer,"SUB(mean radius,texture error)",0.0,-0.00037823845245219564,0.0023917869922146554,0,13.734753990267443,314,107
breast_cancer,"MUL(mean radius,texture error)",-0.0116279069767442,-0.0003083261828477415,0.002228357471989645,0,13.734753990267453,725,68
breast_cancer,"DIV(mean radius,texture error)",0.0,-0.00037823845245219564,0.0023917869922146554,0,13.734753990267455,315,106
breast_cancer,"ADD(mean radius,perimeter error)",0.0,-0.00037823845245219564,0.0023917869922146554,0,13.734753990267446,316,116
breast_cancer,"SUB(mean radius,perimeter error)",-0.0116279069767442,-0.00037823845245219564,0.0023917869922146554,0,13.734753990267443,726,113
breast_cancer,"MUL(mean radius,perimeter error)",0.0,-0.0003083261828477415,0.002228357471989645,0,13.734753990267453,317,73
breast_cancer,"DIV(mean radius,perimeter error)",0.0,-0.00037823845245219564,0.0023917869922146554,0,13.734753990267455,318,120
breast_cancer,"ADD(area error,mean radius)",0.0,-0.00037823845245219564,0.0023917869922146554,0,13.734753990267446,319,117
breast_cancer,"SUB(mean radius,area error)",0.0,-0.00037823845245219564,0.0023917869922146554,0,13.734753990267443,320,118
breast_cancer,"MUL(area error,mean radius)",0.0,-0.0003083261828477415,0.002228357471989645,0,13.734753990267453,321,74
breast_cancer,"DIV(mean radius,area error)",-0.0232558139534883,-0.00037823845245219564,0.0023917869922146554,0,13.734753990267455,876,112
breast_cancer,"ADD(mean radius,smoothness error)",0.0,-0.0004708310450447881,0.0027123246691106643,0,13.734753990267446,322,260
breast_cancer,"SUB(mean radius,smoothness error)",0.0,-0.0004708310450447881,0.0027123246691106643,0,13.734753990267443,323,261
breast_cancer,"MUL(mean radius,smoothness error)",0.0,-0.000400918775440334,0.0025718833243567754,0,13.734753990267453,324,174
breast_cancer,"DIV(mean radius,smoothness error)",0.0,-0.0004708310450447881,0.0027123246691106643,0,13.734753990267455,325,262
breast_cancer,"ADD(compactness error,mean radius)",0.0,-0.0004708310450447881,0.0027123246691106643,0,13.734753990267446,345,327
breast_cancer,"SUB(mean radius,compactness error)",0.0,-0.0004708310450447881,0.0027123246691106643,0,13.734753990267443,346,328
breast_cancer,"MUL(compactness error,mean radius)",0.0,-0.000400918775440334,0.0025718833243567754,0,13.734753990267453,347,175
breast_cancer,"DIV(mean radius,compactness error)",0.0,-0.0004708310450447881,0.0027123246691106643,0,13.734753990267455,348,329
breast_cancer,"ADD(concavity error,mean radius)",0.0,-0.0004708310450447881,0.0027123246691106643,0,13.734753990267446,349,330
breast_cancer,"SUB(mean radius,concavity error)",0.0,-0.0004708310450447881,0.0027123246691106643,0,13.734753990267443,350,331
breast_cancer,"MUL(concavity error,mean radius)",0.0,-0.000400918775440334,0.0025718833243567754,0,13.734753990267453,351,178
breast_cancer,"DIV(mean radius,concavity error)",0.0,-0.0004708310450447881,0.0027123246691106643,0,13.734753990267455,352,302
breast_cancer,"ADD(concave points error,mean radius)",0.0,-0.0004708310450447881,0.0027123246691106643,0,13.734753990267446,353,303
breast_cancer,"SUB(mean radius,concave points error)",0.0,-0.0004708310450447881,0.0027123246691106643,0,13.734753990267443,354,304
breast_cancer,"MUL(concave points error,mean radius)",0.0,-0.000400918775440334,0.0025718833243567754,0,13.734753990267453,355,179
breast_cancer,"DIV(mean radius,concave points error)",0.0,-0.0004708310450447881,0.0027123246691106643,0,13.734753990267455,356,305
breast_cancer,"ADD(mean radius,symmetry error)",0.0,-0.0004708310450447881,0.0027123246691106643,0,13.734753990267446,357,306
breast_cancer,"SUB(mean radius,symmetry error)",0.0,-0.0004708310450447881,0.0027123246691106643,0,13.734753990267443,358,307
breast_cancer,"MUL(mean radius,symmetry error)",0.0,-0.000400918775440334,0.0025718833243567754,0,13.734753990267453,359,180
breast_cancer,"DIV(mean radius,symmetry error)",0.0,-0.0004708310450447881,0.0027123246691106643,0,13.734753990267455,360,308
breast_cancer,"ADD(fractal dimension error,mean radius)",0.0,-0.0004708310450447881,0.0027123246691106643,0,13.734753990267446,379,309
breast_cancer,"SUB(mean radius,fractal dimension error)",0.0,-0.0004708310450447881,0.0027123246691106643,0,13.734753990267443,380,310
breast_cancer,"MUL(fractal dimension error,mean radius)",0.0,-0.000400918775440334,0.0025718833243567754,0,13.734753990267453,381,181
breast_cancer,"DIV(mean radius,fractal dimension error)",0.0,-0.0004708310450447881,0.0027123246691106643,0,13.734753990267455,382,311
breast_cancer,"ADD(mean perimeter,mean texture)",-0.0116279069767442,-0.00037823845245219564,0.0023917869922146554,0,13.734753990267446,691,115
breast_cancer,"SUB(mean texture,mean perimeter)",0.0,-0.00037823845245219564,0.0023917869922146554,0,13.734753990267443,383,114
breast_cancer,"MUL(mean perimeter,mean texture)",0.0,-0.0003083261828477415,0.002228357471989645,0,13.734753990267453,384,75
breast_cancer,"DIV(mean texture,mean perimeter)",0.0,-0.00037823845245219564,0.0023917869922146554,0,13.734753990267455,385,127
breast_cancer,"ADD(mean area,mean texture)",-0.0116279069767442,-0.00037823845245219564,0.0023917869922146554,0,13.734753990267446,692,126
breast_cancer,"SUB(mean texture,mean area)",0.0,-0.00037823845245219564,0.0023917869922146554,0,13.734753990267443,386,121
breast_cancer,"MUL(mean area,mean texture)",0.0,-0.0003083261828477415,0.002228357471989645,0,13.734753990267453,387,76
breast_cancer,"DIV(mean texture,mean area)",0.0,-0.00037823845245219564,0.0023917869922146554,0,13.734753990267455,388,122
breast_cancer,"ADD(mean smoothness,mean texture)",-0.0116279069767442,-8.183546186965334e-05,0.0022018704767860805,0,13.734753990267446,693,13
breast_cancer,"SUB(mean texture,mean smoothness)",0.0,-8.183546186965334e-05,0.0022018704767860805,0,13.734753990267443,389,16
breast_cancer,"MUL(mean smoothness,mean texture)",-0.0116279069767442,-6.272659175682305e-05,0.0022243644230022543,0,13.734753990267453,694,7
breast_cancer,"DIV(mean texture,mean smoothness)",-0.0116279069767442,-8.183546186965334e-05,0.0022018704767860805,0,13.734753990267455,695,19
breast_cancer,"ADD(mean compactness,mean texture)",0.0,-0.0004708310450447881,0.0027123246691106643,0,13.734753990267446,398,280
breast_cancer,"SUB(mean texture,mean compactness)",-0.0116279069767442,-0.0004708310450447881,0.0027123246691106643,0,13.734753990267443,672,281
breast_cancer,"MUL(mean compactness,mean texture)",-0.0116279069767442,-0.000400918775440334,0.0025718833243567754,0,13.734753990267453,673,189
breast_cancer,"DIV(mean texture,mean compactness)",-0.0116279069767442,-0.0004708310450447881,0.0027123246691106643,0,13.734753990267455,674,282
breast_cancer,"ADD(mean concavity,mean texture)",-0.0116279069767442,-0.0004708310450447881,0.0027123246691106643,0,13.734753990267446,675,283
breast_cancer,"SUB(mean texture,mean concavity)",0.0,-0.0004708310450447881,0.0027123246691106643,0,13.734753990267443,399,284
breast_cancer,"MUL(mean concavity,mean texture)",-0.0116279069767442,-0.000400918775440334,0.0025718833243567754,0,13.734753990267453,676,190
breast_cancer,"DIV(mean texture,mean concavity)",-0.0116279069767442,-0.0004708310450447881,0.0027123246691106643,0,13.734753990267455,677,285
breast_cancer,"ADD(mean concave points,mean texture)",-0.0116279069767442,-0.0004708310450447881,0.0027123246691106643,0,13.734753990267446,678,286
breast_cancer,"SUB(mean texture,mean concave points)",0.0,-0.0004708310450447881,0.0027123246691106643,0,13.734753990267443,400,287
breast_cancer,"MUL(mean concave points,mean texture)",-0.0116279069767442,-0.000400918775440334,0.0025718833243567754,0,13.734753990267453,679,188
breast_cancer,"DIV(mean texture,mean concave points)",-0.0116279069767442,-0.0004708310450447881,0.0027123246691106643,0,13.734753990267455,680,288
breast_cancer,"ADD(mean symmetry,mean texture)",0.0,-0.00037823845245219553,0.0023917869922146567,0,13.734753990267446,401,93
breast_cancer,"SUB(mean texture,mean symmetry)",-0.0116279069767442,-0.00037823845245219553,0.0023917869922146567,0,13.734753990267443,681,92
breast_cancer,"MUL(mean symmetry,mean texture)",-0.0116279069767442,-0.0003083261828477415,0.0022283574719896447,0,13.734753990267453,682,77
breast_cancer,"DIV(mean texture,mean symmetry)",0.0,-0.00037823845245219553,0.0023917869922146567,0,13.734753990267455,402,95
breast_cancer,"ADD(mean fractal dimension,mean texture)",0.0,-0.0004708310450447881,0.0027123246691106643,0,13.734753990267446,414,236
breast_cancer,"SUB(mean texture,mean fractal dimension)",-0.0116279069767442,-0.0004708310450447881,0.0027123246691106643,0,13.734753990267443,657,235
breast_cancer,"MUL(mean fractal dimension,mean texture)",0.0,-0.000400918775440334,0.0025718833243567754,0,13.734753990267453,415,199
breast_cancer,"DIV(mean texture,mean fractal dimension)",0.0,-0.0004708310450447881,0.0027123246691106643,0,13.734753990267455,416,237
breast_cancer,"ADD(mean texture,radius error)",-0.0116279069767442,-0.00037823845245219564,0.0023917869922146554,0,13.734753990267446,658,148
breast_cancer,"SUB(mean texture,radius error)",0.0,-0.00037823845245219564,0.0023917869922146554,0,13.734753990267443,417,149
breast_cancer,"MUL(mean texture,radius error)",0.0,-0.0003083261828477415,0.002228357471989645,0,13.734753990267453,418,81
breast_cancer,"DIV(mean texture,radius error)",0.0,-0.00037823845245219564,0.0023917869922146554,0,13.734753990267455,419,150
breast_cancer,"ADD(mean texture,texture error)",0.0,-0.00037823845245219564,0.0023917869922146554,0,13.734753990267446,420,151
breast_cancer,"SUB(mean texture,texture error)",-0.0116279069767442,-0.00037823845245219564,0.0023917869922146554,0,13.734753990267443,659,160
breast_cancer,"MUL(mean texture,texture error)",-0.0116279069767442,-0.0003083261828477415,0.002228357471989645,0,13.734753990267453,660,80
breast_cancer,"DIV(mean texture,texture error)",-0.0116279069767442,-0.00037823845245219564,0.0023917869922146554,0,13.734753990267455,661,153
breast_cancer,"ADD(mean texture,perimeter error)",-0.0116279069767442,-0.00037823845245219564,0.0023917869922146554,0,13.734753990267446,662,154
breast_cancer,"SUB(mean texture,perimeter error)",0.0,-0.00037823845245219564,0.0023917869922146554,0,13.734753990267443,421,145
breast_cancer,"MUL(mean texture,perimeter error)",0.0,-0.0003083261828477415,0.002228357471989645,0,13.734753990267453,422,79
breast_cancer,"DIV(mean texture,perimeter error)",0.0,-0.00037823845245219564,0.0023917869922146554,0,13.734753990267455,423,152
breast_cancer,"ADD(area error,mean texture)",-0.0116279069767442,-0.00037823845245219564,0.0023917869922146554,0,13.734753990267446,641,146
breast_cancer,"SUB(mean texture,area error)",0.0,-0.00037823845245219564,0.0023917869922146554,0,13.734753990267443,446,147
breast_cancer,"MUL(area error,mean texture)",0.0,-0.0003083261828477415,0.002228357471989645,0,13.734753990267453,447,78
breast_cancer,"DIV(mean texture,area error)",0.0,-0.00037823845245219564,0.0023917869922146554,0,13.734753990267455,448,144
breast_cancer,"ADD(mean texture,smoothness error)",0.0,-0.0004708310450447881,0.0027123246691106643,0,13.734753990267446,449,219
breast_cancer,"SUB(mean texture,smoothness error)",0.0,-0.0004708310450447881,0.0027123246691106643,0,13.734753990267443,450,220
breast_cancer,"MUL(mean texture,smoothness error)",0.0,-0.000400918775440334,0.0025718833243567754,0,13.734753990267453,451,203
breast_cancer,"DIV(mean texture,smoothness error)",0.0,-0.0004708310450447881,0.0027123246691106643,0,13.734753990267455,452,221
breast_cancer,"ADD(compactness error,mean texture)",0.0,-0.0004708310450447881,0.0027123246691106643,0,13.734753990267446,453,222
breast_cancer,"SUB(mean texture,compactness error)",-0.0116279069767442,-0.0004708310450447881,0.0027123246691106643,0,13.734753990267443,642,224
breast_cancer,"MUL(compactness error,mean texture)",-0.0116279069767442,-0.000400918775440334,0.0025718833243567754,0,13.734753990267453,643,200
breast_cancer,"DIV(mean texture,compactness error)",-0.0116279069767442,-0.0004708310450447881,0.0027123246691106643,0,13.734753990267455,644,223
breast_cancer,"ADD(concavity error,mean texture)",0.0,-0.0004708310450447881,0.0027123246691106643,0,13.734753990267446,454,225
breast_cancer,"SUB(mean texture,concavity error)",0.0,-0.0004708310450447881,0.0027123246691106643,0,13.734753990267443,455,226
breast_cancer,"MUL(concavity error,mean texture)",-0.0116279069767442,-0.000400918775440334,0.0025718833243567754,0,13.734753990267453,645,201
breast_cancer,"DIV(mean texture,concavity error)",0.0,-0.0004708310450447881,0.0027123246691106643,0,13.734753990267455,456,228
breast_cancer,"ADD(concave points error,mean texture)",0.0,-0.0004708310450447881,0.0027123246691106643,0,13.734753990267446,494,229
breast_cancer,"SUB(mean texture,concave points error)",-0.0116279069767442,-0.0004708310450447881,0.0027123246691106643,0,13.734753990267443,626,250
breast_cancer,"MUL(concave points error,mean texture)",-0.0116279069767442,-0.000400918775440334,0.0025718833243567754,0,13.734753990267453,627,198
breast_cancer,"DIV(mean texture,concave points error)",0.0,-0.0004708310450447881,0.0027123246691106643,0,13.734753990267455,495,249
breast_cancer,"ADD(mean texture,symmetry error)",0.0,-0.0004708310450447881,0.0027123246691106643,0,13.734753990267446,496,248
breast_cancer,"SUB(mean texture,symmetry error)",0.0,-0.0004708310450447881,0.0027123246691106643,0,13.734753990267443,497,247
breast_cancer,"MUL(mean texture,symmetry error)",0.0,-0.000400918775440334,0.0025718833243567754,0,13.734753990267453,498,194
breast_cancer,"DIV(mean texture,symmetry error)",-0.0116279069767442,-0.0004708310450447881,0.0027123246691106643,0,13.734753990267455,628,246
breast_cancer,"ADD(fractal dimension error,mean texture)",0.0,-0.0004708310450447881,0.0027123246691106643,0,13.734753990267446,499,245
breast_cancer,"SUB(mean texture,fractal dimension error)",-0.0116279069767442,-0.0004708310450447881,0.0027123246691106643,0,13.734753990267443,629,244
breast_cancer,"MUL(fractal dimension error,mean texture)",0.0,-0.000400918775440334,0.0025718833243567754,0,13.734753990267453,500,193
breast_cancer,"DIV(mean texture,fractal dimension error)",-0.0232558139534883,-0.0004708310450447881,0.0027123246691106643,0,13.734753990267455,878,243
breast_cancer,"ADD(mean area,mean perimeter)",0.0,-0.00037823845245219564,0.0023917869922146554,0,13.734753990267446,501,155
breast_cancer,"SUB(mean perimeter,mean area)",0.0,-0.00037823845245219564,0.0023917869922146554,0,13.734753990267443,502,157
breast_cancer,"MUL(mean area,mean perimeter)",-0.0116279069767442,-0.0003083261828477415,0.002228357471989645,0,13.734753990267453,630,85
breast_cancer,"DIV(mean perimeter,mean area)",0.0,-0.00037823845245219564,0.0023917869922146554,0,13.734753990267455,503,156
breast_cancer,"ADD(mean perimeter,mean smoothness)",0.0,-8.183546186965334e-05,0.0022018704767860805,0,13.734753990267446,528,20
breast_cancer,"SUB(mean perimeter,mean smoothness)",0.0,-8.183546186965334e-05,0.0022018704767860805,0,13.734753990267443,529,12
breast_cancer,"MUL(mean perimeter,mean smoothness)",-0.0116279069767442,-6.272659175682305e-05,0.0022243644230022543,0,13.734753990267453,850,6
breast_cancer,"DIV(mean perimeter,mean smoothness)",0.0,-8.183546186965334e-05,0.0022018704767860805,0,13.734753990267455,530,15
breast_cancer,"ADD(mean compactness,mean perimeter)",0.0,-0.0004708310450447881,0.0027123246691106643,0,13.734753990267446,531,242
breast_cancer,"SUB(mean perimeter,mean compactness)",-0.0116279069767442,-0.0004708310450447881,0.0027123246691106643,0,13.734753990267443,851,241
breast_cancer,"MUL(mean compactness,mean perimeter)",0.0,-0.000400918775440334,0.0025718833243567754,0,13.734753990267453,532,195
breast_cancer,"DIV(mean perimeter,mean compactness)",0.0,-0.0004708310450447881,0.0027123246691106643,0,13.734753990267455,533,240
breast_cancer,"ADD(mean concavity,mean perimeter)",-0.0116279069767442,-0.0004708310450447881,0.0027123246691106643,0,13.734753990267446,852,239
breast_cancer,"SUB(mean perimeter,mean concavity)",-0.0116279069767442,-0.0004708310450447881,0.0027123246691106643,0,13.734753990267443,853,263
breast_cancer,"MUL(mean concavity,mean perimeter)",0.0,-0.000400918775440334,0.0025718833243567754,0,13.734753990267453,534,196
breast_cancer,"DIV(mean perimeter,mean concavity)",0.0,-0.0004708310450447881,0.0027123246691106643,0,13.734753990267455,535,264
breast_cancer,"ADD(mean concave points,mean perimeter)",0.0,-0.0004708310450447881,0.0027123246691106643,0,13.734753990267446,536,265
breast_cancer,"SUB(mean perimeter,mean concave points)",0.0,-0.0004708310450447881,0.0027123246691106643,0,13.734753990267443,537,266
breast_cancer,"MUL(mean concave points,mean perimeter)",0.0,-0.000400918775440334,0.0025718833243567754,0,13.734753990267453,538,197
breast_cancer,"DIV(mean perimeter,mean concave points)",0.0,-0.0004708310450447881,0.0027123246691106643,0,13.734753990267455,539,267
breast_cancer,"ADD(mean perimeter,mean symmetry)",0.0,-0.00037823845245219553,0.0023917869922146567,0,13.734753990267446,570,97
breast_cancer,"SUB(mean perimeter,mean symmetry)",0.0,-0.00037823845245219553,0.0023917869922146567,0,13.734753990267443,571,96
breast_cancer,"MUL(mean perimeter,mean symmetry)",0.0,-0.0003083261828477415,0.0022283574719896447,0,13.734753990267453,572,82
breast_cancer,"DIV(mean perimeter,mean symmetry)",0.0,-0.00037823845245219553,0.0023917869922146567,0,13.734753990267455,573,94
breast_cancer,"ADD(mean fractal dimension,mean perimeter)",0.0,-0.0004708310450447881,0.0027123246691106643,0,13.734753990267446,574,268
breast_cancer,"SUB(mean perimeter,mean fractal dimension)",0.0,-0.0004708310450447881,0.0027123246691106643,0,13.734753990267443,575,269
breast_cancer,"MUL(mean fractal dimension,mean perimeter)",0.0,-0.000400918775440334,0.0025718833243567754,0,13.734753990267453,576,192
breast_cancer,"DIV(mean perimeter,mean fractal dimension)",-0.0116279069767442,-0.0004708310450447881,0.0027123246691106643,0,13.734753990267455,855,289
breast_cancer,"ADD(mean perimeter,radius error)",0.0,-0.00037823845245219564,0.0023917869922146554,0,13.734753990267446,577,123
breast_cancer,"SUB(mean perimeter,radius error)",-0.0116279069767442,-0.00037823845245219564,0.0023917869922146554,0,13.734753990267443,856,125
breast_cancer,"MUL(mean perimeter,radius error)",-0.0116279069767442,-0.0003083261828477415,0.002228357471989645,0,13.734753990267453,857,83
breast_cancer,"DIV(mean perimeter,radius error)",0.0,-0.00037823845245219564,0.0023917869922146554,0,13.734753990267455,578,124
breast_cancer,"ADD(mean perimeter,texture error)",0.0,-0.00037823845245219564,0.0023917869922146554,0,13.734753990267446,579,134
breast_cancer,"SUB(mean perimeter,texture error)",0.0,-0.00037823845245219564,0.0023917869922146554,0,13.734753990267443,580,135
breast_cancer,"MUL(mean perimeter,texture error)",-0.0116279069767442,-0.0003083261828477415,0.002228357471989645,0,13.734753990267453,858,84
breast_cancer,"DIV(mean perimeter,texture error)",0.0,-0.00037823845245219564,0.0023917869922146554,0,13.734753990267455,581,132
breast_cancer,"ADD(mean perimeter,perimeter error)",0.0,-0.00037823845245219564,0.0023917869922146554,0,13.734753990267446,556,130
breast_cancer,"SUB(mean perimeter,perimeter error)",-0.0116279069767442,-0.00037823845245219564,0.0023917869922146554,0,13.734753990267443,854,131
breast_cancer,"MUL(mean perimeter,perimeter error)",0.0,-0.0003083261828477415,0.002228357471989645,0,13.734753990267453,557,70
breast_cancer,"DIV(mean perimeter,perimeter error)",0.0,-0.00037823845245219564,0.0023917869922146554,0,13.734753990267455,558,128
breast_cancer,"ADD(area error,mean perimeter)",0.0,-0.00037823845245219564,0.0023917869922146554,0,13.734753990267446,559,129
breast_cancer,"SUB(mean perimeter,area error)",0.0,-0.00037823845245219564,0.0023917869922146554,0,13.734753990267443,560,136
breast_cancer,"MUL(area error,mean perimeter)",0.0,-0.0003083261828477415,0.002228357471989645,0,13.734753990267453,561,71
breast_cancer,"DIV(mean perimeter,area error)",-0.0232558139534883,-0.00037823845245219564,0.0023917869922146554,0,13.734753990267455,864,137
breast_cancer,"ADD(mean perimeter,smoothness error)",0.0,-0.0004708310450447881,0.0027123246691106643,0,13.734753990267446,562,296
breast_cancer,"SUB(mean perimeter,smoothness error)",0.0,-0.0004708310450447881,0.0027123246691106643,0,13.734753990267443,563,297
breast_cancer,"MUL(mean perimeter,smoothness error)",0.0,-0.000400918775440334,0.0025718833243567754,0,13.734753990267453,564,176
breast_cancer,"DIV(mean perimeter,smoothness error)",0.0,-0.0004708310450447881,0.0027123246691106643,0,13.734753990267455,565,298
breast_cancer,"ADD(compactness error,mean perimeter)",0.0,-0.0004708310450447881,0.0027123246691106643,0,13.734753990267446,566,299
breast_cancer,"SUB(mean perimeter,compactness error)",0.0,-0.0004708310450447881,0.0027123246691106643,0,13.734753990267443,567,300
breast_cancer,"MUL(compactness error,mean perimeter)",0.0,-0.000400918775440334,0.0025718833243567754,0,13.734753990267453,568,177
breast_cancer,"DIV(mean perimeter,compactness error)",0.0,-0.0004708310450447881,0.0027123246691106643,0,13.734753990267455,569,301
breast_cancer,"ADD(concavity error,mean perimeter)",0.0,-0.0004708310450447881,0.0027123246691106643,0,13.734753990267446,540,312
breast_cancer,"SUB(mean perimeter,concavity error)",0.0,-0.0004708310450447881,0.0027123246691106643,0,13.734753990267443,541,313
breast_cancer,"MUL(concavity error,mean perimeter)",0.0,-0.000400918775440334,0.0025718833243567754,0,13.734753990267453,542,183
breast_cancer,"DIV(mean perimeter,concavity error)",0.0,-0.0004708310450447881,0.0027123246691106643,0,13.734753990267455,543,314
breast_cancer,"ADD(concave points error,mean perimeter)",0.0,-0.0004708310450447881,0.0027123246691106643,0,13.734753990267446,544,251
breast_cancer,"SUB(mean perimeter,concave points error)",0.0,-0.0004708310450447881,0.0027123246691106643,0,13.734753990267443,545,252
breast_cancer,"MUL(concave points error,mean perimeter)",0.0,-0.000400918775440334,0.0025718833243567754,0,13.734753990267453,546,182
breast_cancer,"DIV(mean perimeter,concave points error)",0.0,-0.0004708310450447881,0.0027123246691106643,0,13.734753990267455,547,253
breast_cancer,"ADD(mean perimeter,symmetry error)",0.0,-0.0004708310450447881,0.0027123246691106643,0,13.734753990267446,548,254
breast_cancer,"SUB(mean perimeter,symmetry error)",0.0,-0.0004708310450447881,0.0027123246691106643,0,13.734753990267443,549,255
breast_cancer,"MUL(mean perimeter,symmetry error)",0.0,-0.000400918775440334,0.0025718833243567754,0,13.734753990267453,550,168
breast_cancer,"DIV(mean perimeter,symmetry error)",0.0,-0.0004708310450447881,0.0027123246691106643,0,13.734753990267455,551,256
breast_cancer,"ADD(fractal dimension error,mean perimeter)",0.0,-0.0004708310450447881,0.0027123246691106643,0,13.734753990267446,552,257
breast_cancer,"SUB(mean perimeter,fractal dimension error)",0.0,-0.0004708310450447881,0.0027123246691106643,0,13.734753990267443,553,258
breast_cancer,"MUL(fractal dimension error,mean perimeter)",0.0,-0.000400918775440334,0.0025718833243567754,0,13.734753990267453,554,169
breast_cancer,"DIV(mean perimeter,fractal dimension error)",0.0,-0.0004708310450447881,0.0027123246691106643,0,13.734753990267455,555,259
breast_cancer,"ADD(mean area,mean smoothness)",0.0,-8.183546186965334e-05,0.0022018704767860805,0,13.734753990267446,517,14
breast_cancer,"SUB(mean area,mean smoothness)",0.0,-8.183546186965334e-05,0.0022018704767860805,0,13.734753990267443,518,9
breast_cancer,"MUL(mean area,mean smoothness)",-0.0116279069767442,-6.272659175682305e-05,0.0022243644230022543,0,13.734753990267453,634,5
breast_cancer,"DIV(mean area,mean smoothness)",0.0,-8.183546186965334e-05,0.0022018704767860805,0,13.734753990267455,519,11
breast_cancer,"ADD(mean area,mean compactness)",0.0,-0.0004708310450447881,0.0027123246691106643,0,13.734753990267446,520,332
breast_cancer,"SUB(mean area,mean compactness)",-0.0116279069767442,-0.0004708310450447881,0.0027123246691106643,0,13.734753990267443,635,333
breast_cancer,"MUL(mean area,mean compactness)",0.0,-0.000400918775440334,0.0025718833243567754,0,13.734753990267453,521,172
breast_cancer,"DIV(mean area,mean compactness)",0.0,-0.0004708310450447881,0.0027123246691106643,0,13.734753990267455,522,334
breast_cancer,"ADD(mean area,mean concavity)",-0.0116279069767442,-0.0004708310450447881,0.0027123246691106643,0,13.734753990267446,636,335
breast_cancer,"SUB(mean area,mean concavity)",0.0,-0.0004708310450447881,0.0027123246691106643,0,13.734753990267443,523,336
breast_cancer,"MUL(mean area,mean concavity)",0.0,-0.000400918775440334,0.0025718833243567754,0,13.734753990267453,524,173
breast_cancer,"DIV(mean area,mean concavity)",-0.0116279069767442,-0.0004708310450447881,0.0027123246691106643,0,13.734753990267455,637,337
breast_cancer,"ADD(mean area,mean concave points)",0.0,-0.0004708310450447881,0.0027123246691106643,0,13.734753990267446,525,338
breast_cancer,"SUB(mean area,mean concave points)",0.0,-0.0004708310450447881,0.0027123246691106643,0,13.734753990267443,526,339
breast_cancer,"MUL(mean area,mean concave points)",0.0,-0.000400918775440334,0.0025718833243567754,0,13.734753990267453,527,171
breast_cancer,"DIV(mean area,mean concave points)",-0.0116279069767442,-0.0004708310450447881,0.0027123246691106643,0,13.734753990267455,849,340
breast_cancer,"ADD(mean area,mean symmetry)",0.0,-0.00037823845245219553,0.0023917869922146567,0,13.734753990267446,504,90
breast_cancer,"SUB(mean area,mean symmetry)",0.0,-0.00037823845245219553,0.0023917869922146567,0,13.734753990267443,505,91
breast_cancer,"MUL(mean area,mean symmetry)",0.0,-0.0003083261828477415,0.0022283574719896447,0,13.734753990267453,506,62
breast_cancer,"DIV(mean area,mean symmetry)",0.0,-0.00037823845245219553,0.0023917869922146567,0,13.734753990267455,507,89
breast_cancer,"ADD(mean area,mean fractal dimension)",0.0,-0.0004708310450447881,0.0027123246691106643,0,13.734753990267446,508,341
breast_cancer,"SUB(mean area,mean fractal dimension)",-0.0116279069767442,-0.0004708310450447881,0.0027123246691106643,0,13.734753990267443,631,315
breast_cancer,"MUL(mean area,mean fractal dimension)",0.0,-0.000400918775440334,0.0025718833243567754,0,13.734753990267453,509,165
breast_cancer,"DIV(mean area,mean fractal dimension)",0.0,-0.0004708310450447881,0.0027123246691106643,0,13.734753990267455,510,316
breast_cancer,"ADD(mean area,radius error)",0.0,-0.00037823845245219564,0.0023917869922146554,0,13.734753990267446,511,99
breast_cancer,"SUB(mean area,radius error)",0.0,-0.00037823845245219564,0.0023917869922146554,0,13.734753990267443,512,103
breast_cancer,"MUL(mean area,radius error)",-0.0116279069767442,-0.0003083261828477415,0.002228357471989645,0,13.734753990267453,632,63
breast_cancer,"DIV(mean area,radius error)",0.0,-0.00037823845245219564,0.0023917869922146554,0,13.734753990267455,513,102
breast_cancer,"ADD(mean area,texture error)",0.0,-0.00037823845245219564,0.0023917869922146554,0,13.734753990267446,514,100
breast_cancer,"SUB(mean area,texture error)",0.0,-0.00037823845245219564,0.0023917869922146554,0,13.734753990267443,515,101
breast_cancer,"MUL(mean area,texture error)",-0.0116279069767442,-0.0003083261828477415,0.002228357471989645,0,13.734753990267453,633,64
breast_cancer,"DIV(mean area,texture error)",0.0,-0.00037823845245219564,0.0023917869922146554,0,13.734753990267455,516,140
breast_cancer,"ADD(mean area,perimeter error)",-0.0116279069767442,-0.00037823845245219564,0.0023917869922146554,0,13.734753990267446,653,108
breast_cancer,"SUB(mean area,perimeter error)",0.0,-0.00037823845245219564,0.0023917869922146554,0,13.734753990267443,482,109
breast_cancer,"MUL(mean area,perimeter error)",-0.0116279069767442,-0.0003083261828477415,0.002228357471989645,0,13.734753990267453,623,66
breast_cancer,"DIV(mean area,perimeter error)",-0.0116279069767442,-0.00037823845245219564,0.0023917869922146554,0,13.734753990267455,624,139
breast_cancer,"ADD(area error,mean area)",0.0,-0.00037823845245219564,0.0023917869922146554,0,13.734753990267446,483,138
breast_cancer,"SUB(mean area,area error)",0.0,-0.00037823845245219564,0.0023917869922146554,0,13.734753990267443,484,110
breast_cancer,"MUL(area error,mean area)",0.0,-0.0003083261828477415,0.002228357471989645,0,13.734753990267453,485,61
breast_cancer,"DIV(mean area,area error)",-0.0116279069767442,-0.00037823845245219564,0.0023917869922146554,0,13.734753990267455,625,111
breast_cancer,"ADD(mean area,smoothness error)",0.0,-0.0004708310450447881,0.0027123246691106643,0,13.734753990267446,486,321
breast_cancer,"SUB(mean area,smoothness error)",0.0,-0.0004708310450447881,0.0027123246691106643,0,13.734753990267443,487,323
breast_cancer,"MUL(mean area,smoothness error)",0.0,-0.000400918775440334,0.0025718833243567754,0,13.734753990267453,488,163
breast_cancer,"DIV(mean area,smoothness error)",0.0,-0.0004708310450447881,0.0027123246691106643,0,13.734753990267455,489,324
breast_cancer,"ADD(compactness error,mean area)",0.0,-0.0004708310450447881,0.0027123246691106643,0,13.734753990267446,490,325
breast_cancer,"SUB(mean area,compactness error)",0.0,-0.0004708310450447881,0.0027123246691106643,0,13.734753990267443,491,326
breast_cancer,"MUL(compactness error,mean area)",0.0,-0.000400918775440334,0.0025718833243567754,0,13.734753990267453,492,167
breast_cancer,"DIV(mean area,compactness error)",0.0,-0.0004708310450447881,0.0027123246691106643,0,13.734753990267455,493,214
breast_cancer,"ADD(concavity error,mean area)",0.0,-0.0004708310450447881,0.0027123246691106643,0,13.734753990267446,466,213
breast_cancer,"SUB(mean area,concavity error)",0.0,-0.0004708310450447881,0.0027123246691106643,0,13.734753990267443,467,212
breast_cancer,"MUL(concavity error,mean area)",0.0,-0.000400918775440334,0.0025718833243567754,0,13.734753990267453,468,206
breast_cancer,"DIV(mean area,concavity error)",0.0,-0.0004708310450447881,0.0027123246691106643,0,13.734753990267455,469,211
breast_cancer,"ADD(concave points error,mean area)",0.0,-0.0004708310450447881,0.0027123246691106643,0,13.734753990267446,470,210
breast_cancer,"SUB(mean area,concave points error)",0.0,-0.0004708310450447881,0.0027123246691106643,0,13.734753990267443,471,209
breast_cancer,"MUL(concave points error,mean area)",0.0,-0.000400918775440334,0.0025718833243567754,0,13.734753990267453,472,205
breast_cancer,"DIV(mean area,concave points error)",0.0,-0.0004708310450447881,0.0027123246691106643,0,13.734753990267455,473,208
breast_cancer,"ADD(mean area,symmetry error)",0.0,-0.0004708310450447881,0.0027123246691106643,0,13.734753990267446,474,230
breast_cancer,"SUB(mean area,symmetry error)",0.0,-0.0004708310450447881,0.0027123246691106643,0,13.734753990267443,475,231
breast_cancer,"MUL(mean area,symmetry error)",0.0,-0.000400918775440334,0.0025718833243567754,0,13.734753990267453,476,204
breast_cancer,"DIV(mean area,symmetry error)",0.0,-0.0004708310450447881,0.0027123246691106643,0,13.734753990267455,477,232
breast_cancer,"ADD(fractal dimension error,mean area)",0.0,-0.0004708310450447881,0.0027123246691106643,0,13.734753990267446,478,233
breast_cancer,"SUB(mean area,fractal dimension error)",0.0,-0.0004708310450447881,0.0027123246691106643,0,13.734753990267443,479,234
breast_cancer,"MUL(fractal dimension error,mean area)",0.0,-0.000400918775440334,0.0025718833243567754,0,13.734753990267453,480,162
breast_cancer,"DIV(mean area,fractal dimension error)",0.0,-0.0004708310450447881,0.0027123246691106643,0,13.734753990267455,481,347
breast_cancer,"ADD(mean compactness,mean smoothness)",0.0,-0.005290742901658215,0.009587738762481972,0,13.734753990267446,457,390
breast_cancer,"SUB(mean smoothness,mean compactness)",-0.0116279069767442,-0.0060160515436335224,0.010012562414858171,0,13.734753990267443,646,502
breast_cancer,"MUL(mean compactness,mean smoothness)",-0.0116279069767442,-0.007433042384344216,0.0108507577641584,0,13.734753990267453,647,735
breast_cancer,"DIV(mean smoothness,mean compactness)",-0.0116279069767442,-0.0060160515436335224,0.010012562414858171,0,13.734753990267455,648,505
breast_cancer,"ADD(mean concavity,mean smoothness)",-0.0116279069767442,-0.005290742901658215,0.009587738762481972,0,13.734753990267446,649,389
breast_cancer,"SUB(mean smoothness,mean concavity)",0.0,-0.0060160515436335224,0.010012562414858171,0,13.734753990267443,458,503
breast_cancer,"MUL(mean concavity,mean smoothness)",-0.0116279069767442,-0.007433042384344216,0.0108507577641584,0,13.734753990267453,650,734
breast_cancer,"DIV(mean smoothness,mean concavity)",0.0,-0.0060160515436335224,0.010012562414858171,0,13.734753990267455,459,508
breast_cancer,"ADD(mean concave points,mean smoothness)",-0.0116279069767442,-0.005290742901658215,0.009587738762481972,0,13.734753990267446,651,387
breast_cancer,"SUB(mean smoothness,mean concave points)",0.0,-0.0060160515436335224,0.010012562414858171,0,13.734753990267443,460,500
breast_cancer,"MUL(mean concave points,mean smoothness)",-0.0116279069767442,-0.007433042384344216,0.0108507577641584,0,13.734753990267453,652,737
breast_cancer,"DIV(mean smoothness,mean concave points)",0.0,-0.0060160515436335224,0.010012562414858171,0,13.734753990267455,461,501
breast_cancer,"ADD(mean smoothness,mean symmetry)",0.0,-0.0048617305559792035,0.009395559421516236,0,13.734753990267446,462,381
breast_cancer,"SUB(mean smoothness,mean symmetry)",0.0,-0.005587039197954512,0.009860301268254629,0,13.734753990267443,463,438
breast_cancer,"MUL(mean smoothness,mean symmetry)",0.0,-0.0070040300386652035,0.010767028010296751,0,13.734753990267453,464,721
breast_cancer,"DIV(mean smoothness,mean symmetry)",0.0,-0.005587039197954512,0.009860301268254629,0,13.734753990267455,465,437
breast_cancer,"ADD(mean fractal dimension,mean smoothness)",0.0,-0.005295335899165553,0.009584223039709431,0,13.734753990267446,435,397
breast_cancer,"SUB(mean smoothness,mean fractal dimension)",-0.0116279069767442,-0.006020644541140861,0.0100088630786498,0,13.734753990267443,667,519
breast_cancer,"MUL(mean fractal dimension,mean smoothness)",-0.0116279069767442,-0.007437635381851554,0.010846744285792572,0,13.734753990267453,668,742
breast_cancer,"DIV(mean smoothness,mean fractal dimension)",0.0,-0.006020644541140861,0.0100088630786498,0,13.734753990267455,436,518
breast_cancer,"ADD(mean smoothness,radius error)",-0.0116279069767442,-0.005290742901658215,0.009587738762481972,0,13.734753990267446,638,391
breast_cancer,"SUB(mean smoothness,radius error)",0.0,-0.0060160515436335224,0.010012562414858171,0,13.734753990267443,437,504
breast_cancer,"MUL(mean smoothness,radius error)",0.0,-0.007433042384344216,0.0108507577641584,0,13.734753990267453,438,736
breast_cancer,"DIV(mean smoothness,radius error)",0.0,-0.0060160515436335224,0.010012562414858171,0,13.734753990267455,439,507
breast_cancer,"ADD(mean smoothness,texture error)",0.0,-0.005220304141095359,0.009597910115081586,0,13.734753990267446,440,385
breast_cancer,"SUB(mean smoothness,texture error)",0.0,-0.005945612783070666,0.010027398954591846,0,13.734753990267443,441,491
breast_cancer,"MUL(mean smoothness,texture error)",-0.0116279069767442,-0.00736260362378136,0.010873632782867905,0,13.734753990267453,639,732
breast_cancer,"DIV(mean smoothness,texture error)",0.0,-0.005945612783070666,0.010027398954591846,0,13.734753990267455,442,492
breast_cancer,"ADD(mean smoothness,perimeter error)",-0.0116279069767442,-0.0053159831534410375,0.009895405360481703,0,13.734753990267446,640,398
breast_cancer,"SUB(mean smoothness,perimeter error)",0.0,-0.0060412917954163455,0.01047083855848237,0,13.734753990267443,443,524
breast_cancer,"MUL(mean smoothness,perimeter error)",0.0,-0.007365690043534445,0.01125665936563574,0,13.734753990267453,444,733
breast_cancer,"DIV(mean smoothness,perimeter error)",0.0,-0.0060412917954163455,0.01047083855848237,0,13.734753990267455,445,523
breast_cancer,"ADD(area error,mean smoothness)",-0.0116279069767442,-0.0062370885544400685,0.010729249580213526,0,13.734753990267446,663,557
breast_cancer,"SUB(mean smoothness,area error)",0.0,-0.006962397196415377,0.0112026799476301,0,13.734753990267443,424,719
breast_cancer,"MUL(area error,mean smoothness)",0.0,-0.008243585567990267,0.011877906271900293,0,13.734753990267453,425,828
breast_cancer,"DIV(mean smoothness,area error)",0.0,-0.006962397196415377,0.0112026799476301,0,13.734753990267455,426,720
breast_cancer,"ADD(mean smoothness,smoothness error)",0.0,-0.005295335899165553,0.009584223039709431,0,13.734753990267446,427,396
breast_cancer,"SUB(mean smoothness,smoothness error)",0.0,-0.006020644541140861,0.0100088630786498,0,13.734753990267443,428,512
breast_cancer,"MUL(mean smoothness,smoothness error)",-0.0116279069767442,-0.007437635381851554,0.010846744285792572,0,13.734753990267453,664,739
breast_cancer,"DIV(mean smoothness,smoothness error)",-0.0232558139534883,-0.006020644541140861,0.0100088630786498,0,13.734753990267455,877,509
breast_cancer,"ADD(compactness error,mean smoothness)",0.0,-0.005295335899165553,0.009584223039709431,0,13.734753990267446,429,394
breast_cancer,"SUB(mean smoothness,compactness error)",0.0,-0.006020644541140861,0.0100088630786498,0,13.734753990267443,430,510
breast_cancer,"MUL(compactness error,mean smoothness)",-0.0116279069767442,-0.007437635381851554,0.010846744285792572,0,13.734753990267453,665,743
breast_cancer,"DIV(mean smoothness,compactness error)",-0.0116279069767442,-0.006020644541140861,0.0100088630786498,0,13.734753990267455,666,520
breast_cancer,"ADD(concavity error,mean smoothness)",0.0,-0.005290742901658215,0.009587738762481972,0,13.734753990267446,431,388
breast_cancer,"SUB(mean smoothness,concavity error)",0.0,-0.0060160515436335224,0.010012562414858171,0,13.734753990267443,432,506
breast_cancer,"MUL(concavity error,mean smoothness)",0.0,-0.007433042384344216,0.0108507577641584,0,13.734753990267453,433,738
breast_cancer,"DIV(mean smoothness,concavity error)",0.0,-0.0060160515436335224,0.010012562414858171,0,13.734753990267455,434,499
breast_cancer,"ADD(concave points error,mean smoothness)",0.0,-0.005295335899165553,0.009584223039709431,0,13.734753990267446,403,393
breast_cancer,"SUB(mean smoothness,concave points error)",0.0,-0.006020644541140861,0.0100088630786498,0,13.734753990267443,404,517
breast_cancer,"MUL(concave points error,mean smoothness)",-0.0116279069767442,-0.007437635381851554,0.010846744285792572,0,13.734753990267453,683,740
breast_cancer,"DIV(mean smoothness,concave points error)",0.0,-0.006020644541140861,0.0100088630786498,0,13.734753990267455,405,513
breast_cancer,"ADD(mean smoothness,symmetry error)",0.0,-0.005295335899165553,0.009584223039709431,0,13.734753990267446,406,395
breast_cancer,"SUB(mean smoothness,symmetry error)",0.0,-0.006020644541140861,0.0100088630786498,0,13.734753990267443,407,511
breast_cancer,"MUL(mean smoothness,symmetry error)",-0.0116279069767442,-0.007437635381851554,0.010846744285792572,0,13.734753990267453,684,741
breast_cancer,"DIV(mean smoothness,symmetry error)",0.0,-0.006020644541140861,0.0100088630786498,0,13.734753990267455,408,515
breast_cancer,"ADD(fractal dimension error,mean smoothness)",0.0,-0.005295335899165553,0.009584223039709431,0,13.734753990267446,409,392
breast_cancer,"SUB(mean smoothness,fractal dimension error)",0.0,-0.006020644541140861,0.0100088630786498,0,13.734753990267443,410,514
breast_cancer,"MUL(fractal dimension error,mean smoothness)",-0.0116279069767442,-0.007437635381851554,0.010846744285792572,0,13.734753990267453,654,744
breast_cancer,"DIV(mean smoothness,fractal dimension error)",0.0,-0.006020644541140861,0.0100088630786498,0,13.734753990267455,411,516
breast_cancer,"ADD(mean compactness,mean concavity)",0.0,-0.005627336356779763,0.009922644278896057,0,13.734753990267446,412,445
breast_cancer,"SUB(mean compactness,mean concavity)",-0.0116279069767442,-0.006398941295051366,0.010385098389958798,0,13.734753990267443,655,613
breast_cancer,"MUL(mean compactness,mean concavity)",-0.0116279069767442,-0.008047413617243539,0.011307873945575348,0,13.734753990267453,656,806
breast_cancer,"DIV(mean compactness,mean concavity)",0.0,-0.006398941295051366,0.010385098389958798,0,13.734753990267455,413,646
breast_cancer,"ADD(mean compactness,mean concave points)",0.0,-0.005627336356779763,0.009922644278896057,0,13.734753990267446,390,448
breast_cancer,"SUB(mean compactness,mean concave points)",-0.0116279069767442,-0.006398941295051366,0.010385098389958798,0,13.734753990267443,696,649
breast_cancer,"MUL(mean compactness,mean concave points)",-0.0116279069767442,-0.008047413617243539,0.011307873945575348,0,13.734753990267453,697,801
breast_cancer,"DIV(mean compactness,mean concave points)",-0.0116279069767442,-0.006398941295051366,0.010385098389958798,0,13.734753990267455,698,647
breast_cancer,"ADD(mean compactness,mean symmetry)",-0.0116279069767442,-0.00519832401110075,0.009751896084690181,0,13.734753990267446,699,383
breast_cancer,"SUB(mean compactness,mean symmetry)",0.0,-0.005969928949372355,0.010254410388668013,0,13.734753990267443,391,494
breast_cancer,"MUL(mean compactness,mean symmetry)",0.0,-0.007618401271564528,0.011251004709561736,0,13.734753990267453,392,747
breast_cancer,"DIV(mean compactness,mean symmetry)",0.0,-0.005969928949372355,0.010254410388668013,0,13.734753990267455,393,498
breast_cancer,"ADD(mean compactness,mean fractal dimension)",-0.0116279069767442,-0.005627336356779763,0.009922644278896057,0,13.734753990267446,700,472
breast_cancer,"SUB(mean compactness,mean fractal dimension)",0.0,-0.006398941295051366,0.010385098389958798,0,13.734753990267443,394,593
breast_cancer,"MUL(mean compactness,mean fractal dimension)",-0.0116279069767442,-0.008047413617243539,0.011307873945575348,0,13.734753990267453,669,805
breast_cancer,"DIV(mean compactness,mean fractal dimension)",-0.0116279069767442,-0.006398941295051366,0.010385098389958798,0,13.734753990267455,670,594
breast_cancer,"ADD(mean compactness,radius error)",0.0,-0.00553474376418717,0.00988826161577615,0,13.734753990267446,395,432
breast_cancer,"SUB(mean compactness,radius error)",-0.0116279069767442,-0.006306348702458772,0.010359150866216357,0,13.734753990267443,671,566
breast_cancer,"MUL(mean compactness,radius error)",0.0,-0.007954821024650947,0.011297567168252911,0,13.734753990267453,396,788
breast_cancer,"DIV(mean compactness,radius error)",0.0,-0.006306348702458772,0.010359150866216357,0,13.734753990267455,397,565
breast_cancer,"ADD(mean compactness,texture error)",-0.0116279069767442,-0.0054643050036243136,0.009899860403979603,0,13.734753990267446,716,425
breast_cancer,"SUB(mean compactness,texture error)",0.0,-0.006235909941895917,0.010375462722031966,0,13.734753990267443,370,554
breast_cancer,"MUL(mean compactness,texture error)",-0.0116279069767442,-0.00788438226408809,0.011322785728027545,0,13.734753990267453,685,778
breast_cancer,"DIV(mean compactness,texture error)",-0.0116279069767442,-0.006235909941895917,0.010375462722031966,0,13.734753990267455,686,553
breast_cancer,"ADD(mean compactness,perimeter error)",0.0,-0.005559984015969992,0.010186251183152277,0,13.734753990267446,371,434
breast_cancer,"SUB(mean compactness,perimeter error)",-0.0116279069767442,-0.006331588954241596,0.010802055652913478,0,13.734753990267443,687,570
breast_cancer,"MUL(mean compactness,perimeter error)",0.0,-0.007887468683841178,0.01169096856399486,0,13.734753990267453,372,781
breast_cancer,"DIV(mean compactness,perimeter error)",0.0,-0.006331588954241596,0.010802055652913478,0,13.734753990267455,373,568
breast_cancer,"ADD(area error,mean compactness)",0.0,-0.006434793120672727,0.010946228151391879,0,13.734753990267446,374,652
breast_cancer,"SUB(mean compactness,area error)",-0.0116279069767442,-0.007206398058944331,0.011462747918986358,0,13.734753990267443,688,728
breast_cancer,"MUL(area error,mean compactness)",0.0,-0.008719067912000703,0.012233492765674352,0,13.734753990267453,375,833
breast_cancer,"DIV(mean compactness,area error)",0.0,-0.007206398058944331,0.011462747918986358,0,13.734753990267455,376,724
breast_cancer,"ADD(mean compactness,smoothness error)",0.0,-0.005627336356779763,0.009922644278896057,0,13.734753990267446,377,471
breast_cancer,"SUB(mean compactness,smoothness error)",0.0,-0.006398941295051366,0.010385098389958798,0,13.734753990267443,378,583
breast_cancer,"MUL(mean compactness,smoothness error)",-0.0116279069767442,-0.008047413617243539,0.011307873945575348,0,13.734753990267453,689,814
breast_cancer,"DIV(mean compactness,smoothness error)",-0.0116279069767442,-0.006398941295051366,0.010385098389958798,0,13.734753990267455,690,584
breast_cancer,"ADD(compactness error,mean compactness)",0.0,-0.005627336356779763,0.009922644278896057,0,13.734753990267446,361,467
breast_cancer,"SUB(mean compactness,compactness error)",0.0,-0.006398941295051366,0.010385098389958798,0,13.734753990267443,362,598
breast_cancer,"MUL(compactness error,mean compactness)",-0.0116279069767442,-0.008047413617243539,0.011307873945575348,0,13.734753990267453,709,799
breast_cancer,"DIV(mean compactness,compactness error)",-0.0116279069767442,-0.006398941295051366,0.010385098389958798,0,13.734753990267455,710,597
breast_cancer,"ADD(concavity error,mean compactness)",0.0,-0.005627336356779763,0.009922644278896057,0,13.734753990267446,363,470
breast_cancer,"SUB(mean compactness,concavity error)",0.0,-0.006398941295051366,0.010385098389958798,0,13.734753990267443,364,599
breast_cancer,"MUL(concavity error,mean compactness)",-0.0116279069767442,-0.008047413617243539,0.011307873945575348,0,13.734753990267453,711,797
breast_cancer,"DIV(mean compactness,concavity error)",0.0,-0.006398941295051366,0.010385098389958798,0,13.734753990267455,365,586
breast_cancer,"ADD(concave points error,mean compactness)",-0.0116279069767442,-0.005627336356779763,0.009922644278896057,0,13.734753990267446,712,464
breast_cancer,"SUB(mean compactness,concave points error)",0.0,-0.006398941295051366,0.010385098389958798,0,13.734753990267443,366,585
breast_cancer,"MUL(concave points error,mean compactness)",-0.0116279069767442,-0.008047413617243539,0.011307873945575348,0,13.734753990267453,713,803
breast_cancer,"DIV(mean compactness,concave points error)",-0.0116279069767442,-0.006398941295051366,0.010385098389958798,0,13.734753990267455,714,618
breast_cancer,"ADD(mean compactness,symmetry error)",0.0,-0.005627336356779763,0.009922644278896057,0,13.734753990267446,367,463
breast_cancer,"SUB(mean compactness,symmetry error)",0.0,-0.006398941295051366,0.010385098389958798,0,13.734753990267443,368,595
breast_cancer,"MUL(mean compactness,symmetry error)",-0.0116279069767442,-0.008047413617243539,0.011307873945575348,0,13.734753990267453,715,800
breast_cancer,"DIV(mean compactness,symmetry error)",0.0,-0.006398941295051366,0.010385098389958798,0,13.734753990267455,369,591
breast_cancer,"ADD(fractal dimension error,mean compactness)",-0.0116279069767442,-0.005627336356779763,0.009922644278896057,0,13.734753990267446,731,466
breast_cancer,"SUB(mean compactness,fractal dimension error)",0.0,-0.006398941295051366,0.010385098389958798,0,13.734753990267443,338,617
breast_cancer,"MUL(fractal dimension error,mean compactness)",-0.0116279069767442,-0.008047413617243539,0.011307873945575348,0,13.734753990267453,701,792
breast_cancer,"DIV(mean compactness,fractal dimension error)",0.0,-0.006398941295051366,0.010385098389958798,0,13.734753990267455,339,587
breast_cancer,"ADD(mean concave points,mean concavity)",-0.0116279069767442,-0.005627336356779763,0.009922644278896057,0,13.734753990267446,702,465
breast_cancer,"SUB(mean concavity,mean concave points)",0.0,-0.006398941295051366,0.010385098389958798,0,13.734753990267443,340,602
breast_cancer,"MUL(mean concave points,mean concavity)",-0.0116279069767442,-0.008047413617243539,0.011307873945575348,0,13.734753990267453,703,796
breast_cancer,"DIV(mean concavity,mean concave points)",0.0,-0.006398941295051366,0.010385098389958798,0,13.734753990267455,341,590
breast_cancer,"ADD(mean concavity,mean symmetry)",0.0,-0.00519832401110075,0.009751896084690181,0,13.734753990267446,342,384
breast_cancer,"SUB(mean concavity,mean symmetry)",-0.0116279069767442,-0.005969928949372355,0.010254410388668013,0,13.734753990267443,704,493
breast_cancer,"MUL(mean concavity,mean symmetry)",-0.0116279069767442,-0.007618401271564528,0.011251004709561736,0,13.734753990267453,705,746
breast_cancer,"DIV(mean concavity,mean symmetry)",0.0,-0.005969928949372355,0.010254410388668013,0,13.734753990267455,343,497
breast_cancer,"ADD(mean concavity,mean fractal dimension)",0.0,-0.005627336356779763,0.009922644278896057,0,13.734753990267446,344,468
breast_cancer,"SUB(mean concavity,mean fractal dimension)",-0.0116279069767442,-0.006398941295051366,0.010385098389958798,0,13.734753990267443,706,600
breast_cancer,"MUL(mean concavity,mean fractal dimension)",-0.0116279069767442,-0.008047413617243539,0.011307873945575348,0,13.734753990267453,707,790
breast_cancer,"DIV(mean concavity,mean fractal dimension)",-0.0116279069767442,-0.006398941295051366,0.010385098389958798,0,13.734753990267455,708,589
breast_cancer,"ADD(mean concavity,radius error)",-0.0116279069767442,-0.00553474376418717,0.00988826161577615,0,13.734753990267446,727,429
breast_cancer,"SUB(mean concavity,radius error)",0.0,-0.006306348702458772,0.010359150866216357,0,13.734753990267443,326,561
breast_cancer,"MUL(mean concavity,radius error)",0.0,-0.007954821024650947,0.011297567168252911,0,13.734753990267453,327,789
breast_cancer,"DIV(mean concavity,radius error)",0.0,-0.006306348702458772,0.010359150866216357,0,13.734753990267455,328,562
breast_cancer,"ADD(mean concavity,texture error)",0.0,-0.0054643050036243136,0.009899860403979603,0,13.734753990267446,329,427
breast_cancer,"SUB(mean concavity,texture error)",-0.0116279069767442,-0.006235909941895917,0.010375462722031966,0,13.734753990267443,728,551
breast_cancer,"MUL(mean concavity,texture error)",0.0,-0.00788438226408809,0.011322785728027545,0,13.734753990267453,330,776
breast_cancer,"DIV(mean concavity,texture error)",0.0,-0.006235909941895917,0.010375462722031966,0,13.734753990267455,331,555
breast_cancer,"ADD(mean concavity,perimeter error)",-0.0116279069767442,-0.005559984015969992,0.010186251183152277,0,13.734753990267446,729,436
breast_cancer,"SUB(mean concavity,perimeter error)",0.0,-0.006331588954241596,0.010802055652913478,0,13.734753990267443,332,573
breast_cancer,"MUL(mean concavity,perimeter error)",0.0,-0.007887468683841178,0.01169096856399486,0,13.734753990267453,333,779
breast_cancer,"DIV(mean concavity,perimeter error)",0.0,-0.006331588954241596,0.010802055652913478,0,13.734753990267455,334,574
breast_cancer,"ADD(area error,mean concavity)",-0.0116279069767442,-0.006434793120672727,0.010946228151391879,0,13.734753990267446,730,651
breast_cancer,"SUB(mean concavity,area error)",0.0,-0.007206398058944331,0.011462747918986358,0,13.734753990267443,335,731
breast_cancer,"MUL(area error,mean concavity)",0.0,-0.008719067912000703,0.012233492765674352,0,13.734753990267453,336,832
breast_cancer,"DIV(mean concavity,area error)",0.0,-0.007206398058944331,0.011462747918986358,0,13.734753990267455,337,725
breast_cancer,"ADD(mean concavity,smoothness error)",-0.0116279069767442,-0.005627336356779763,0.009922644278896057,0,13.734753990267446,746,455
breast_cancer,"SUB(mean concavity,smoothness error)",-0.0116279069767442,-0.006398941295051366,0.010385098389958798,0,13.734753990267443,747,629
breast_cancer,"MUL(mean concavity,smoothness error)",-0.0116279069767442,-0.008047413617243539,0.011307873945575348,0,13.734753990267453,717,795
breast_cancer,"DIV(mean concavity,smoothness error)",0.0,-0.006398941295051366,0.010385098389958798,0,13.734753990267455,307,626
breast_cancer,"ADD(compactness error,mean concavity)",0.0,-0.005627336356779763,0.009922644278896057,0,13.734753990267446,308,462
breast_cancer,"SUB(mean concavity,compactness error)",-0.0116279069767442,-0.006398941295051366,0.010385098389958798,0,13.734753990267443,718,636
breast_cancer,"MUL(compactness error,mean concavity)",-0.0116279069767442,-0.008047413617243539,0.011307873945575348,0,13.734753990267453,719,798
breast_cancer,"DIV(mean concavity,compactness error)",-0.0116279069767442,-0.006398941295051366,0.010385098389958798,0,13.734753990267455,720,601
breast_cancer,"ADD(concavity error,mean concavity)",-0.0116279069767442,-0.005627336356779763,0.009922644278896057,0,13.734753990267446,721,457
breast_cancer,"SUB(mean concavity,concavity error)",-0.0116279069767442,-0.006398941295051366,0.010385098389958798,0,13.734753990267443,722,603
breast_cancer,"MUL(concavity error,mean concavity)",0.0,-0.008047413617243539,0.011307873945575348,0,13.734753990267453,309,793
breast_cancer,"DIV(mean concavity,concavity error)",0.0,-0.006398941295051366,0.010385098389958798,0,13.734753990267455,310,616
breast_cancer,"ADD(concave points error,mean concavity)",0.0,-0.005627336356779763,0.009922644278896057,0,13.734753990267446,311,458
breast_cancer,"SUB(mean concavity,concave points error)",-0.0116279069767442,-0.006398941295051366,0.010385098389958798,0,13.734753990267443,723,588
breast_cancer,"MUL(concave points error,mean concavity)",-0.0116279069767442,-0.008047413617243539,0.011307873945575348,0,13.734753990267453,724,794
breast_cancer,"DIV(mean concavity,concave points error)",0.0,-0.006398941295051366,0.010385098389958798,0,13.734753990267455,312,604
breast_cancer,"ADD(mean concavity,symmetry error)",-0.0116279069767442,-0.005627336356779763,0.009922644278896057,0,13.734753990267446,739,461
breast_cancer,"SUB(mean concavity,symmetry error)",0.0,-0.006398941295051366,0.010385098389958798,0,13.734753990267443,298,635
breast_cancer,"MUL(mean concavity,symmetry error)",-0.0116279069767442,-0.008047413617243539,0.011307873945575348,0,13.734753990267453,740,808
breast_cancer,"DIV(mean concavity,symmetry error)",0.0,-0.006398941295051366,0.010385098389958798,0,13.734753990267455,299,633
breast_cancer,"ADD(fractal dimension error,mean concavity)",0.0,-0.005627336356779763,0.009922644278896057,0,13.734753990267446,300,454
breast_cancer,"SUB(mean concavity,fractal dimension error)",-0.0116279069767442,-0.006398941295051366,0.010385098389958798,0,13.734753990267443,741,634
breast_cancer,"MUL(fractal dimension error,mean concavity)",-0.0116279069767442,-0.008047413617243539,0.011307873945575348,0,13.734753990267453,742,820
breast_cancer,"DIV(mean concavity,fractal dimension error)",0.0,-0.006398941295051366,0.010385098389958798,0,13.734753990267455,301,628
breast_cancer,"ADD(mean concave points,mean symmetry)",0.0,-0.00519832401110075,0.009751896084690181,0,13.734753990267446,302,382
breast_cancer,"SUB(mean concave points,mean symmetry)",-0.0116279069767442,-0.005969928949372355,0.010254410388668013,0,13.734753990267443,743,495
breast_cancer,"MUL(mean concave points,mean symmetry)",0.0,-0.007618401271564528,0.011251004709561736,0,13.734753990267453,303,745
breast_cancer,"DIV(mean concave points,mean symmetry)",0.0,-0.005969928949372355,0.010254410388668013,0,13.734753990267455,304,496
breast_cancer,"ADD(mean concave points,mean fractal dimension)",0.0,-0.005627336356779763,0.009922644278896057,0,13.734753990267446,305,460
breast_cancer,"SUB(mean concave points,mean fractal dimension)",-0.0116279069767442,-0.006398941295051366,0.010385098389958798,0,13.734753990267443,744,627
breast_cancer,"MUL(mean concave points,mean fractal dimension)",-0.0116279069767442,-0.008047413617243539,0.011307873945575348,0,13.734753990267453,745,791
breast_cancer,"DIV(mean concave points,mean fractal dimension)",0.0,-0.006398941295051366,0.010385098389958798,0,13.734753990267455,306,625
breast_cancer,"ADD(mean concave points,radius error)",-0.0116279069767442,-0.00553474376418717,0.00988826161577615,0,13.734753990267446,762,430
breast_cancer,"SUB(mean concave points,radius error)",0.0,-0.006306348702458772,0.010359150866216357,0,13.734753990267443,274,559
breast_cancer,"MUL(mean concave points,radius error)",0.0,-0.007954821024650947,0.011297567168252911,0,13.734753990267453,275,787
breast_cancer,"DIV(mean concave points,radius error)",0.0,-0.006306348702458772,0.010359150866216357,0,13.734753990267455,276,560
breast_cancer,"ADD(mean concave points,texture error)",0.0,-0.0054643050036243136,0.009899860403979603,0,13.734753990267446,277,426
breast_cancer,"SUB(mean concave points,texture error)",-0.0116279069767442,-0.006235909941895917,0.010375462722031966,0,13.734753990267443,732,552
breast_cancer,"MUL(mean concave points,texture error)",-0.0116279069767442,-0.00788438226408809,0.011322785728027545,0,13.734753990267453,733,777
breast_cancer,"DIV(mean concave points,texture error)",-0.0116279069767442,-0.006235909941895917,0.010375462722031966,0,13.734753990267455,734,550
breast_cancer,"ADD(mean concave points,perimeter error)",-0.0116279069767442,-0.005559984015969992,0.010186251183152277,0,13.734753990267446,735,435
breast_cancer,"SUB(mean concave points,perimeter error)",0.0,-0.006331588954241596,0.010802055652913478,0,13.734753990267443,278,567
breast_cancer,"MUL(mean concave points,perimeter error)",0.0,-0.007887468683841178,0.01169096856399486,0,13.734753990267453,279,782
breast_cancer,"DIV(mean concave points,perimeter error)",0.0,-0.006331588954241596,0.010802055652913478,0,13.734753990267455,280,571
breast_cancer,"ADD(area error,mean concave points)",0.0,-0.006434793120672727,0.010946228151391879,0,13.734753990267446,281,654
breast_cancer,"SUB(mean concave points,area error)",0.0,-0.007206398058944331,0.011462747918986358,0,13.734753990267443,282,729
breast_cancer,"MUL(area error,mean concave points)",0.0,-0.008719067912000703,0.012233492765674352,0,13.734753990267453,283,831
breast_cancer,"DIV(mean concave points,area error)",0.0,-0.007206398058944331,0.011462747918986358,0,13.734753990267455,284,727
breast_cancer,"ADD(mean concave points,smoothness error)",0.0,-0.005627336356779763,0.009922644278896057,0,13.734753990267446,264,441
breast_cancer,"SUB(mean concave points,smoothness error)",0.0,-0.006398941295051366,0.010385098389958798,0,13.734753990267443,265,620
breast_cancer,"MUL(mean concave points,smoothness error)",-0.0116279069767442,-0.008047413617243539,0.011307873945575348,0,13.734753990267453,757,819
breast_cancer,"DIV(mean concave points,smoothness error)",0.0,-0.006398941295051366,0.010385098389958798,0,13.734753990267455,266,608
breast_cancer,"ADD(compactness error,mean concave points)",0.0,-0.005627336356779763,0.009922644278896057,0,13.734753990267446,267,442
breast_cancer,"SUB(mean concave points,compactness error)",0.0,-0.006398941295051366,0.010385098389958798,0,13.734753990267443,268,650
breast_cancer,"MUL(compactness error,mean concave points)",-0.0116279069767442,-0.008047413617243539,0.011307873945575348,0,13.734753990267453,758,809
breast_cancer,"DIV(mean concave points,compactness error)",-0.0232558139534883,-0.006398941295051366,0.010385098389958798,0,13.734753990267455,875,619
breast_cancer,"ADD(concavity error,mean concave points)",0.0,-0.005627336356779763,0.009922644278896057,0,13.734753990267446,269,453
breast_cancer,"SUB(mean concave points,concavity error)",0.0,-0.006398941295051366,0.010385098389958798,0,13.734753990267443,270,631
breast_cancer,"MUL(concavity error,mean concave points)",-0.0116279069767442,-0.008047413617243539,0.011307873945575348,0,13.734753990267453,759,807
breast_cancer,"DIV(mean concave points,concavity error)",0.0,-0.006398941295051366,0.010385098389958798,0,13.734753990267455,271,632
breast_cancer,"ADD(concave points error,mean concave points)",0.0,-0.005627336356779763,0.009922644278896057,0,13.734753990267446,272,452
breast_cancer,"SUB(mean concave points,concave points error)",-0.0116279069767442,-0.006398941295051366,0.010385098389958798,0,13.734753990267443,760,630
breast_cancer,"MUL(concave points error,mean concave points)",-0.0116279069767442,-0.008047413617243539,0.011307873945575348,0,13.734753990267453,761,817
breast_cancer,"DIV(mean concave points,concave points error)",0.0,-0.006398941295051366,0.010385098389958798,0,13.734753990267455,273,611
breast_cancer,"ADD(mean concave points,symmetry error)",-0.0116279069767442,-0.005627336356779763,0.009922644278896057,0,13.734753990267446,777,444
breast_cancer,"SUB(mean concave points,symmetry error)",0.0,-0.006398941295051366,0.010385098389958798,0,13.734753990267443,243,648
breast_cancer,"MUL(mean concave points,symmetry error)",-0.0116279069767442,-0.008047413617243539,0.011307873945575348,0,13.734753990267453,778,821
breast_cancer,"DIV(mean concave points,symmetry error)",-0.0116279069767442,-0.006398941295051366,0.010385098389958798,0,13.734753990267455,748,614
breast_cancer,"ADD(fractal dimension error,mean concave points)",0.0,-0.005627336356779763,0.009922644278896057,0,13.734753990267446,244,447
breast_cancer,"SUB(mean concave points,fractal dimension error)",0.0,-0.006398941295051366,0.010385098389958798,0,13.734753990267443,245,642
breast_cancer,"MUL(fractal dimension error,mean concave points)",-0.0116279069767442,-0.008047413617243539,0.011307873945575348,0,13.734753990267453,749,823
breast_cancer,"DIV(mean concave points,fractal dimension error)",0.0,-0.006398941295051366,0.010385098389958798,0,13.734753990267455,246,610
breast_cancer,"ADD(mean fractal dimension,mean symmetry)",-0.0116279069767442,-0.005627336356779763,0.009922644278896057,0,13.734753990267446,750,451
breast_cancer,"SUB(mean symmetry,mean fractal dimension)",0.0,-0.006398941295051366,0.010385098389958798,0,13.734753990267443,247,609
breast_cancer,"MUL(mean fractal dimension,mean symmetry)",0.0,-0.008047413617243539,0.011307873945575348,0,13.734753990267453,248,818
breast_cancer,"DIV(mean symmetry,mean fractal dimension)",-0.0116279069767442,-0.006398941295051366,0.010385098389958798,0,13.734753990267455,751,607
breast_cancer,"ADD(mean symmetry,radius error)",0.0,-0.00553474376418717,0.00988826161577615,0,13.734753990267446,249,431
breast_cancer,"SUB(mean symmetry,radius error)",-0.0116279069767442,-0.006306348702458772,0.010359150866216357,0,13.734753990267443,752,564
breast_cancer,"MUL(mean symmetry,radius error)",0.0,-0.007954821024650947,0.011297567168252911,0,13.734753990267453,250,786
breast_cancer,"DIV(mean symmetry,radius error)",0.0,-0.006306348702458772,0.010359150866216357,0,13.734753990267455,251,563
breast_cancer,"ADD(mean symmetry,texture error)",0.0,-0.0054643050036243136,0.009899860403979603,0,13.734753990267446,231,428
breast_cancer,"SUB(mean symmetry,texture error)",0.0,-0.006235909941895917,0.010375462722031966,0,13.734753990267443,232,556
breast_cancer,"MUL(mean symmetry,texture error)",-0.0116279069767442,-0.00788438226408809,0.011322785728027545,0,13.734753990267453,773,775
breast_cancer,"DIV(mean symmetry,texture error)",-0.0116279069767442,-0.006235909941895917,0.010375462722031966,0,13.734753990267455,774,549
breast_cancer,"ADD(mean symmetry,perimeter error)",0.0,-0.005559984015969992,0.010186251183152277,0,13.734753990267446,233,433
breast_cancer,"SUB(mean symmetry,perimeter error)",-0.0116279069767442,-0.006331588954241596,0.010802055652913478,0,13.734753990267443,775,572
breast_cancer,"MUL(mean symmetry,perimeter error)",0.0,-0.007887468683841178,0.01169096856399486,0,13.734753990267453,234,780
breast_cancer,"DIV(mean symmetry,perimeter error)",0.0,-0.006331588954241596,0.010802055652913478,0,13.734753990267455,235,569
breast_cancer,"ADD(area error,mean symmetry)",0.0,-0.006434793120672727,0.010946228151391879,0,13.734753990267446,236,653
breast_cancer,"SUB(mean symmetry,area error)",-0.0116279069767442,-0.007206398058944331,0.011462747918986358,0,13.734753990267443,776,726
breast_cancer,"MUL(area error,mean symmetry)",0.0,-0.008719067912000703,0.012233492765674352,0,13.734753990267453,237,830
breast_cancer,"DIV(mean symmetry,area error)",0.0,-0.007206398058944331,0.011462747918986358,0,13.734753990267455,238,730
breast_cancer,"ADD(mean symmetry,smoothness error)",0.0,-0.005627336356779763,0.009922644278896057,0,13.734753990267446,239,443
breast_cancer,"SUB(mean symmetry,smoothness error)",0.0,-0.006398941295051366,0.010385098389958798,0,13.734753990267443,240,643
breast_cancer,"MUL(mean symmetry,smoothness error)",0.0,-0.008047413617243539,0.011307873945575348,0,13.734753990267453,241,822
breast_cancer,"DIV(mean symmetry,smoothness error)",0.0,-0.006398941295051366,0.010385098389958798,0,13.734753990267455,242,615
breast_cancer,"ADD(compactness error,mean symmetry)",0.0,-0.005627336356779763,0.009922644278896057,0,13.734753990267446,218,450
breast_cancer,"SUB(mean symmetry,compactness error)",0.0,-0.006398941295051366,0.010385098389958798,0,13.734753990267443,219,644
breast_cancer,"MUL(compactness error,mean symmetry)",-0.0116279069767442,-0.008047413617243539,0.011307873945575348,0,13.734753990267453,770,811
breast_cancer,"DIV(mean symmetry,compactness error)",-0.0116279069767442,-0.006398941295051366,0.010385098389958798,0,13.734753990267455,771,645
breast_cancer,"ADD(concavity error,mean symmetry)",0.0,-0.005627336356779763,0.009922644278896057,0,13.734753990267446,220,440
breast_cancer,"SUB(mean symmetry,concavity error)",0.0,-0.006398941295051366,0.010385098389958798,0,13.734753990267443,221,637
breast_cancer,"MUL(concavity error,mean symmetry)",0.0,-0.008047413617243539,0.011307873945575348,0,13.734753990267453,222,816
breast_cancer,"DIV(mean symmetry,concavity error)",0.0,-0.006398941295051366,0.010385098389958798,0,13.734753990267455,223,641
breast_cancer,"ADD(concave points error,mean symmetry)",0.0,-0.005627336356779763,0.009922644278896057,0,13.734753990267446,224,449
breast_cancer,"SUB(mean symmetry,concave points error)",0.0,-0.006398941295051366,0.010385098389958798,0,13.734753990267443,225,612
breast_cancer,"MUL(concave points error,mean symmetry)",0.0,-0.008047413617243539,0.011307873945575348,0,13.734753990267453,226,812
breast_cancer,"DIV(mean symmetry,concave points error)",0.0,-0.006398941295051366,0.010385098389958798,0,13.734753990267455,227,640
breast_cancer,"ADD(mean symmetry,symmetry error)",0.0,-0.005627336356779763,0.009922644278896057,0,13.734753990267446,228,446
breast_cancer,"SUB(mean symmetry,symmetry error)",0.0,-0.006398941295051366,0.010385098389958798,0,13.734753990267443,229,606
breast_cancer,"MUL(mean symmetry,symmetry error)",-0.0116279069767442,-0.008047413617243539,0.011307873945575348,0,13.734753990267453,772,810
breast_cancer,"DIV(mean symmetry,symmetry error)",0.0,-0.006398941295051366,0.010385098389958798,0,13.734753990267455,230,639
breast_cancer,"ADD(fractal dimension error,mean symmetry)",0.0,-0.005627336356779763,0.009922644278896057,0,13.734753990267446,195,439
breast_cancer,"SUB(mean symmetry,fractal dimension error)",0.0,-0.006398941295051366,0.010385098389958798,0,13.734753990267443,196,605
breast_cancer,"MUL(fractal dimension error,mean symmetry)",0.0,-0.008047413617243539,0.011307873945575348,0,13.734753990267453,197,815
breast_cancer,"DIV(mean symmetry,fractal dimension error)",-0.0116279069767442,-0.006398941295051366,0.010385098389958798,0,13.734753990267455,793,638
breast_cancer,"ADD(mean fractal dimension,radius error)",0.0,-0.005333221648134438,0.00988990083479331,0,13.734753990267446,198,399
breast_cancer,"SUB(mean fractal dimension,radius error)",-0.0116279069767442,-0.006104826586406042,0.010375712907018938,0,13.734753990267443,794,526
breast_cancer,"MUL(mean fractal dimension,radius error)",0.0,-0.007753298908598214,0.01134208282646003,0,13.734753990267453,199,751
breast_cancer,"DIV(mean fractal dimension,radius error)",0.0,-0.006104826586406042,0.010375712907018938,0,13.734753990267455,200,525
breast_cancer,"ADD(mean fractal dimension,texture error)",-0.0116279069767442,-0.005262782887571581,0.009900063980709186,0,13.734753990267446,763,386
breast_cancer,"SUB(mean fractal dimension,texture error)",0.0,-0.006034387825843185,0.010390632724717089,0,13.734753990267443,201,522
breast_cancer,"MUL(mean fractal dimension,texture error)",-0.0116279069767442,-0.007682860148035358,0.011365953793138352,0,13.734753990267453,764,748
breast_cancer,"DIV(mean fractal dimension,texture error)",0.0,-0.006034387825843185,0.010390632724717089,0,13.734753990267455,202,521
breast_cancer,"ADD(mean fractal dimension,perimeter error)",0.0,-0.005444881653003679,0.010278261134299546,0,13.734753990267446,203,423
breast_cancer,"SUB(mean fractal dimension,perimeter error)",-0.0116279069767442,-0.006216486591275284,0.010897016665609218,0,13.734753990267443,765,547
breast_cancer,"MUL(mean fractal dimension,perimeter error)",0.0,-0.007772366320874865,0.011793959585863285,0,13.734753990267453,204,752
breast_cancer,"DIV(mean fractal dimension,perimeter error)",0.0,-0.006216486591275284,0.010897016665609218,0,13.734753990267455,205,548
breast_cancer,"ADD(area error,mean fractal dimension)",0.0,-0.006273394461410119,0.011048012423306474,0,13.734753990267446,182,558
breast_cancer,"SUB(mean fractal dimension,area error)",-0.0116279069767442,-0.0070449993996817215,0.01157075320030944,0,13.734753990267443,790,722
breast_cancer,"MUL(area error,mean fractal dimension)",0.0,-0.008557669252738093,0.012354528351516783,0,13.734753990267453,183,829
breast_cancer,"DIV(mean fractal dimension,area error)",0.0,-0.0070449993996817215,0.01157075320030944,0,13.734753990267455,184,723
breast_cancer,"ADD(mean fractal dimension,smoothness error)",0.0,-0.005430407238234368,0.009922699484946264,0,13.734753990267446,185,409
breast_cancer,"SUB(mean fractal dimension,smoothness error)",0.0,-0.006202012176505971,0.010399772454861067,0,13.734753990267443,186,538
breast_cancer,"MUL(mean fractal dimension,smoothness error)",0.0,-0.007850484498698145,0.011349990137242218,0,13.734753990267453,187,757
breast_cancer,"DIV(mean fractal dimension,smoothness error)",-0.0116279069767442,-0.006202012176505971,0.010399772454861067,0,13.734753990267455,791,537
breast_cancer,"ADD(compactness error,mean fractal dimension)",0.0,-0.005430407238234368,0.009922699484946264,0,13.734753990267446,188,412
breast_cancer,"SUB(mean fractal dimension,compactness error)",0.0,-0.006202012176505971,0.010399772454861067,0,13.734753990267443,189,532
breast_cancer,"MUL(compactness error,mean fractal dimension)",-0.0116279069767442,-0.007850484498698145,0.011349990137242218,0,13.734753990267453,792,758
breast_cancer,"DIV(mean fractal dimension,compactness error)",0.0,-0.006202012176505971,0.010399772454861067,0,13.734753990267455,190,539
breast_cancer,"ADD(concavity error,mean fractal dimension)",0.0,-0.0054258142407270305,0.009926157823443187,0,13.734753990267446,191,408
breast_cancer,"SUB(mean fractal dimension,concavity error)",0.0,-0.006197419178998634,0.010403412860179704,0,13.734753990267443,192,528
breast_cancer,"MUL(concavity error,mean fractal dimension)",0.0,-0.007845891501190807,0.011353992733857746,0,13.734753990267453,193,753
breast_cancer,"DIV(mean fractal dimension,concavity error)",0.0,-0.006197419178998634,0.010403412860179704,0,13.734753990267455,194,529
breast_cancer,"ADD(concave points error,mean fractal dimension)",0.0,-0.005430407238234368,0.009922699484946264,0,13.734753990267446,170,415
breast_cancer,"SUB(mean fractal dimension,concave points error)",0.0,-0.006202012176505971,0.010399772454861067,0,13.734753990267443,171,534
breast_cancer,"MUL(concave points error,mean fractal dimension)",0.0,-0.007850484498698145,0.011349990137242218,0,13.734753990267453,172,760
breast_cancer,"DIV(mean fractal dimension,concave points error)",0.0,-0.006202012176505971,0.010399772454861067,0,13.734753990267455,173,533
breast_cancer,"ADD(mean fractal dimension,symmetry error)",0.0,-0.005430407238234368,0.009922699484946264,0,13.734753990267446,174,416
breast_cancer,"SUB(mean fractal dimension,symmetry error)",0.0,-0.006202012176505971,0.010399772454861067,0,13.734753990267443,175,545
breast_cancer,"MUL(mean fractal dimension,symmetry error)",-0.0116279069767442,-0.007850484498698145,0.011349990137242218,0,13.734753990267453,786,759
breast_cancer,"DIV(mean fractal dimension,symmetry error)",0.0,-0.006202012176505971,0.010399772454861067,0,13.734753990267455,176,542
breast_cancer,"ADD(fractal dimension error,mean fractal dimension)",-0.0116279069767442,-0.005430407238234368,0.009922699484946264,0,13.734753990267446,787,410
breast_cancer,"SUB(mean fractal dimension,fractal dimension error)",0.0,-0.006202012176505971,0.010399772454861067,0,13.734753990267443,177,543
breast_cancer,"MUL(fractal dimension error,mean fractal dimension)",0.0,-0.007850484498698145,0.011349990137242218,0,13.734753990267453,178,756
breast_cancer,"DIV(mean fractal dimension,fractal dimension error)",0.0,-0.006202012176505971,0.010399772454861067,0,13.734753990267455,179,546
breast_cancer,"ADD(radius error,texture error)",0.0,-0.006736947538686445,0.011104859886064572,0,13.734753990267446,180,670
breast_cancer,"SUB(radius error,texture error)",-0.0116279069767442,-0.007693737662143234,0.011620689346397109,0,13.734753990267443,788,749
breast_cancer,"MUL(radius error,texture error)",-0.0116279069767442,-0.009527395169520593,0.012415862143844004,0,13.734753990267453,789,843
breast_cancer,"DIV(radius error,texture error)",0.0,-0.007693737662143234,0.011620689346397109,0,13.734753990267455,181,750
breast_cancer,"ADD(perimeter error,radius error)",-0.0116279069767442,-0.00695608334115558,0.011409332400178003,0,13.734753990267446,784,718
breast_cancer,"SUB(radius error,perimeter error)",0.0,-0.007912873464612368,0.012037665677044805,0,13.734753990267443,156,783
breast_cancer,"MUL(perimeter error,radius error)",0.0,-0.009653938379397138,0.012778756940221668,0,13.734753990267453,157,844
breast_cancer,"DIV(radius error,perimeter error)",0.0,-0.007912873464612368,0.012037665677044805,0,13.734753990267455,158,784
breast_cancer,"ADD(area error,radius error)",0.0,-0.007932744297710168,0.01207346442687143,0,13.734753990267446,159,785
breast_cancer,"SUB(radius error,area error)",0.0,-0.008889534421166956,0.012594925695973208,0,13.734753990267443,160,836
breast_cancer,"MUL(area error,radius error)",0.0,-0.010587389459408519,0.01322027224277632,0,13.734753990267453,161,870
breast_cancer,"DIV(radius error,area error)",0.0,-0.008889534421166956,0.012594925695973208,0,13.734753990267455,162,835
breast_cancer,"ADD(radius error,smoothness error)",0.0,-0.006899978891841894,0.011106510941209352,0,13.734753990267446,163,714
breast_cancer,"SUB(radius error,smoothness error)",0.0,-0.007856769015298682,0.011608837991225392,0,13.734753990267443,164,766
breast_cancer,"MUL(radius error,smoothness error)",0.0,-0.009690426522676045,0.012380647966350028,0,13.734753990267453,165,851
breast_cancer,"DIV(radius error,smoothness error)",0.0,-0.007856769015298682,0.011608837991225392,0,13.734753990267455,166,764
breast_cancer,"ADD(compactness error,radius error)",-0.0116279069767442,-0.006899978891841894,0.011106510941209352,0,13.734753990267446,785,713
breast_cancer,"SUB(radius error,compactness error)",0.0,-0.007856769015298682,0.011608837991225392,0,13.734753990267443,167,774
breast_cancer,"MUL(compactness error,radius error)",0.0,-0.009690426522676045,0.012380647966350028,0,13.734753990267453,168,847
breast_cancer,"DIV(radius error,compactness error)",0.0,-0.007856769015298682,0.011608837991225392,0,13.734753990267455,169,771
breast_cancer,"ADD(concavity error,radius error)",-0.0116279069767442,-0.006899978891841894,0.011106510941209352,0,13.734753990267446,803,717
breast_cancer,"SUB(radius error,concavity error)",0.0,-0.007856769015298682,0.011608837991225392,0,13.734753990267443,131,765
breast_cancer,"MUL(concavity error,radius error)",0.0,-0.009690426522676045,0.012380647966350028,0,13.734753990267453,132,852
breast_cancer,"DIV(radius error,concavity error)",0.0,-0.007856769015298682,0.011608837991225392,0,13.734753990267455,133,773
breast_cancer,"ADD(concave points error,radius error)",0.0,-0.006899978891841894,0.011106510941209352,0,13.734753990267446,134,715
breast_cancer,"SUB(radius error,concave points error)",-0.0116279069767442,-0.007856769015298682,0.011608837991225392,0,13.734753990267443,804,769
breast_cancer,"MUL(concave points error,radius error)",-0.0116279069767442,-0.009690426522676045,0.012380647966350028,0,13.734753990267453,779,848
breast_cancer,"DIV(radius error,concave points error)",0.0,-0.007856769015298682,0.011608837991225392,0,13.734753990267455,135,770
breast_cancer,"ADD(radius error,symmetry error)",-0.0116279069767442,-0.006899978891841894,0.011106510941209352,0,13.734753990267446,780,716
breast_cancer,"SUB(radius error,symmetry error)",0.0,-0.007856769015298682,0.011608837991225392,0,13.734753990267443,136,768
breast_cancer,"MUL(radius error,symmetry error)",0.0,-0.009690426522676045,0.012380647966350028,0,13.734753990267453,137,849
breast_cancer,"DIV(radius error,symmetry error)",0.0,-0.007856769015298682,0.011608837991225392,0,13.734753990267455,138,763
breast_cancer,"ADD(fractal dimension error,radius error)",0.0,-0.006899978891841894,0.011106510941209352,0,13.734753990267446,139,712
breast_cancer,"SUB(radius error,fractal dimension error)",0.0,-0.007856769015298682,0.011608837991225392,0,13.734753990267443,140,772
breast_cancer,"MUL(fractal dimension error,radius error)",0.0,-0.009690426522676045,0.012380647966350028,0,13.734753990267453,141,850
breast_cancer,"DIV(radius error,fractal dimension error)",-0.0116279069767442,-0.007856769015298682,0.011608837991225392,0,13.734753990267455,781,767
breast_cancer,"ADD(perimeter error,texture error)",0.0,-0.0088120713230581,0.011470203091627995,0,13.734753990267446,122,834
breast_cancer,"SUB(texture error,perimeter error)",-0.0116279069767442,-0.00967318243416921,0.012202266224453492,0,13.734753990267443,799,846
breast_cancer,"MUL(perimeter error,texture error)",-0.0116279069767442,-0.011359443004070926,0.01273057437578909,0,13.734753990267453,800,873
breast_cancer,"DIV(texture error,perimeter error)",0.0,-0.00967318243416921,0.012202266224453492,0,13.734753990267455,123,845
breast_cancer,"ADD(area error,texture error)",0.0,-0.00985663351418059,0.011879385409816376,0,13.734753990267446,124,853
breast_cancer,"SUB(texture error,area error)",0.0,-0.010717744625291702,0.012516012605704742,0,13.734753990267443,125,871
breast_cancer,"MUL(area error,texture error)",-0.0116279069767442,-0.012360795318650208,0.012946285754901577,0,13.734753990267453,801,880
breast_cancer,"DIV(texture error,area error)",-0.0232558139534883,-0.010717744625291702,0.012516012605704742,0,13.734753990267455,871,872
breast_cancer,"ADD(smoothness error,texture error)",0.0,-0.009025034286021062,0.011326723081978747,0,13.734753990267446,126,840
breast_cancer,"SUB(texture error,smoothness error)",0.0,-0.009978737989724765,0.011903932525968434,0,13.734753990267443,127,858
breast_cancer,"MUL(smoothness error,texture error)",-0.0232558139534883,-0.011757591152219075,0.01238512249722723,0,13.734753990267453,870,876
breast_cancer,"DIV(texture error,smoothness error)",0.0,-0.009978737989724765,0.011903932525968434,0,13.734753990267455,128,864
breast_cancer,"ADD(compactness error,texture error)",0.0,-0.009025034286021062,0.011326723081978747,0,13.734753990267446,129,837
breast_cancer,"SUB(texture error,compactness error)",0.0,-0.009978737989724765,0.011903932525968434,0,13.734753990267443,130,863
breast_cancer,"MUL(compactness error,texture error)",-0.0116279069767442,-0.011757591152219075,0.01238512249722723,0,13.734753990267453,802,875
breast_cancer,"DIV(texture error,compactness error)",-0.0232558139534883,-0.009978737989724765,0.011903932525968434,0,13.734753990267455,869,859
breast_cancer,"ADD(concavity error,texture error)",0.0,-0.009025034286021062,0.011326723081978747,0,13.734753990267446,99,841
breast_cancer,"SUB(texture error,concavity error)",0.0,-0.009978737989724765,0.011903932525968434,0,13.734753990267443,100,866
breast_cancer,"MUL(concavity error,texture error)",-0.0116279069767442,-0.011757591152219075,0.01238512249722723,0,13.734753990267453,833,879
breast_cancer,"DIV(texture error,concavity error)",-0.0116279069767442,-0.009978737989724765,0.011903932525968434,0,13.734753990267455,834,867
breast_cancer,"ADD(concave points error,texture error)",0.0,-0.009025034286021062,0.011326723081978747,0,13.734753990267446,101,838
breast_cancer,"SUB(texture error,concave points error)",0.0,-0.009978737989724765,0.011903932525968434,0,13.734753990267443,102,865
breast_cancer,"MUL(concave points error,texture error)",-0.0116279069767442,-0.011757591152219075,0.01238512249722723,0,13.734753990267453,805,877
breast_cancer,"DIV(texture error,concave points error)",-0.0116279069767442,-0.009978737989724765,0.011903932525968434,0,13.734753990267455,806,868
breast_cancer,"ADD(symmetry error,texture error)",0.0,-0.009025034286021062,0.011326723081978747,0,13.734753990267446,103,842
breast_cancer,"SUB(texture error,symmetry error)",0.0,-0.009978737989724765,0.011903932525968434,0,13.734753990267443,104,869
breast_cancer,"MUL(symmetry error,texture error)",-0.0116279069767442,-0.011757591152219075,0.01238512249722723,0,13.734753990267453,807,874
breast_cancer,"DIV(texture error,symmetry error)",-0.0116279069767442,-0.009978737989724765,0.011903932525968434,0,13.734753990267455,808,861
breast_cancer,"ADD(fractal dimension error,texture error)",0.0,-0.009025034286021062,0.011326723081978747,0,13.734753990267446,105,839
breast_cancer,"SUB(texture error,fractal dimension error)",0.0,-0.009978737989724765,0.011903932525968434,0,13.734753990267443,106,860
breast_cancer,"MUL(fractal dimension error,texture error)",-0.0116279069767442,-0.011757591152219075,0.01238512249722723,0,13.734753990267453,809,878
breast_cancer,"DIV(texture error,fractal dimension error)",-0.0232558139534883,-0.009978737989724765,0.011903932525968434,0,13.734753990267455,868,862
breast_cancer,"ADD(area error,perimeter error)",-0.0116279069767442,-0.0004708310450447881,0.0027123246691106643,0,13.734753990267446,829,215
breast_cancer,"SUB(perimeter error,area error)",0.0,-0.0004708310450447881,0.0027123246691106643,0,13.734753990267443,87,319
breast_cancer,"MUL(area error,perimeter error)",0.0,-0.000400918775440334,0.0025718833243567754,0,13.734753990267453,88,166
breast_cancer,"DIV(perimeter error,area error)",0.0,-0.0004708310450447881,0.0027123246691106643,0,13.734753990267455,89,320
breast_cancer,"ADD(perimeter error,smoothness error)",0.0,-0.0005634236376373807,0.002995933648931381,0,13.734753990267446,90,367
breast_cancer,"SUB(perimeter error,smoothness error)",-0.0116279069767442,-0.0005634236376373807,0.002995933648931381,0,13.734753990267443,830,368
breast_cancer,"MUL(perimeter error,smoothness error)",-0.0116279069767442,-0.0004935113680329265,0.0028716622135674043,0,13.734753990267453,831,354
breast_cancer,"DIV(perimeter error,smoothness error)",0.0,-0.0005634236376373807,0.002995933648931381,0,13.734753990267455,91,370
breast_cancer,"ADD(compactness error,perimeter error)",0.0,-0.0005634236376373807,0.002995933648931381,0,13.734753990267446,92,369
breast_cancer,"SUB(perimeter error,compactness error)",0.0,-0.0005634236376373807,0.002995933648931381,0,13.734753990267443,93,366
breast_cancer,"MUL(compactness error,perimeter error)",0.0,-0.0004935113680329265,0.0028716622135674043,0,13.734753990267453,94,353
breast_cancer,"DIV(perimeter error,compactness error)",0.0,-0.0005634236376373807,0.002995933648931381,0,13.734753990267455,95,365
breast_cancer,"ADD(concavity error,perimeter error)",-0.0116279069767442,-0.0005634236376373807,0.002995933648931381,0,13.734753990267446,832,364
breast_cancer,"SUB(perimeter error,concavity error)",0.0,-0.0005634236376373807,0.002995933648931381,0,13.734753990267443,96,371
breast_cancer,"MUL(concavity error,perimeter error)",0.0,-0.0004935113680329265,0.0028716622135674043,0,13.734753990267453,97,351
breast_cancer,"DIV(perimeter error,concavity error)",0.0,-0.0005634236376373807,0.002995933648931381,0,13.734753990267455,98,372
breast_cancer,"ADD(concave points error,perimeter error)",0.0,-0.0005634236376373807,0.002995933648931381,0,13.734753990267446,68,363
breast_cancer,"SUB(perimeter error,concave points error)",-0.0116279069767442,-0.0005634236376373807,0.002995933648931381,0,13.734753990267443,620,356
breast_cancer,"MUL(concave points error,perimeter error)",-0.0116279069767442,-0.0004935113680329265,0.0028716622135674043,0,13.734753990267453,621,352
breast_cancer,"DIV(perimeter error,concave points error)",0.0,-0.0005634236376373807,0.002995933648931381,0,13.734753990267455,69,355
breast_cancer,"ADD(perimeter error,symmetry error)",-0.0116279069767442,-0.0005634236376373807,0.002995933648931381,0,13.734753990267446,622,358
breast_cancer,"SUB(perimeter error,symmetry error)",0.0,-0.0005634236376373807,0.002995933648931381,0,13.734753990267443,70,357
breast_cancer,"MUL(perimeter error,symmetry error)",0.0,-0.0004935113680329265,0.0028716622135674043,0,13.734753990267453,71,350
breast_cancer,"DIV(perimeter error,symmetry error)",0.0,-0.0005634236376373807,0.002995933648931381,0,13.734753990267455,72,359
breast_cancer,"ADD(fractal dimension error,perimeter error)",0.0,-0.0005634236376373807,0.002995933648931381,0,13.734753990267446,73,360
breast_cancer,"SUB(perimeter error,fractal dimension error)",-0.0116279069767442,-0.0005634236376373807,0.002995933648931381,0,13.734753990267443,820,361
breast_cancer,"MUL(fractal dimension error,perimeter error)",-0.0116279069767442,-0.0004935113680329265,0.0028716622135674043,0,13.734753990267453,821,349
breast_cancer,"DIV(perimeter error,fractal dimension error)",-0.0116279069767442,-0.0005634236376373807,0.002995933648931381,0,13.734753990267455,822,362
breast_cancer,"ADD(area error,smoothness error)",0.0,-0.0004708310450447881,0.0027123246691106643,0,13.734753990267446,74,218
breast_cancer,"SUB(area error,smoothness error)",0.0,-0.0004708310450447881,0.0027123246691106643,0,13.734753990267443,75,217
breast_cancer,"MUL(area error,smoothness error)",0.0,-0.000400918775440334,0.0025718833243567754,0,13.734753990267453,76,207
breast_cancer,"DIV(area error,smoothness error)",0.0,-0.0004708310450447881,0.0027123246691106643,0,13.734753990267455,77,216
breast_cancer,"ADD(area error,compactness error)",0.0,-0.0004708310450447881,0.0027123246691106643,0,13.734753990267446,53,270
breast_cancer,"SUB(area error,compactness error)",0.0,-0.0004708310450447881,0.0027123246691106643,0,13.734753990267443,54,271
breast_cancer,"MUL(area error,compactness error)",0.0,-0.000400918775440334,0.0025718833243567754,0,13.734753990267453,55,187
breast_cancer,"DIV(area error,compactness error)",0.0,-0.0004708310450447881,0.0027123246691106643,0,13.734753990267455,56,272
breast_cancer,"ADD(area error,concavity error)",0.0,-0.0004708310450447881,0.0027123246691106643,0,13.734753990267446,57,273
breast_cancer,"SUB(area error,concavity error)",0.0,-0.0004708310450447881,0.0027123246691106643,0,13.734753990267443,58,274
breast_cancer,"MUL(area error,concavity error)",0.0,-0.000400918775440334,0.0025718833243567754,0,13.734753990267453,59,186
breast_cancer,"DIV(area error,concavity error)",0.0,-0.0004708310450447881,0.0027123246691106643,0,13.734753990267455,60,275
breast_cancer,"ADD(area error,concave points error)",0.0,-0.0004708310450447881,0.0027123246691106643,0,13.734753990267446,61,276
breast_cancer,"SUB(area error,concave points error)",-0.0116279069767442,-0.0004708310450447881,0.0027123246691106643,0,13.734753990267443,619,277
breast_cancer,"MUL(area error,concave points error)",0.0,-0.000400918775440334,0.0025718833243567754,0,13.734753990267453,62,185
breast_cancer,"DIV(area error,concave points error)",0.0,-0.0004708310450447881,0.0027123246691106643,0,13.734753990267455,63,278
breast_cancer,"ADD(area error,symmetry error)",0.0,-0.0004708310450447881,0.0027123246691106643,0,13.734753990267446,64,279
breast_cancer,"SUB(area error,symmetry error)",0.0,-0.0004708310450447881,0.0027123246691106643,0,13.734753990267443,65,238
breast_cancer,"MUL(area error,symmetry error)",0.0,-0.000400918775440334,0.0025718833243567754,0,13.734753990267453,66,202
breast_cancer,"DIV(area error,symmetry error)",0.0,-0.0004708310450447881,0.0027123246691106643,0,13.734753990267455,67,227
breast_cancer,"ADD(area error,fractal dimension error)",0.0,-0.0004708310450447881,0.0027123246691106643,0,13.734753990267446,43,318
breast_cancer,"SUB(area error,fractal dimension error)",0.0,-0.0004708310450447881,0.0027123246691106643,0,13.734753990267443,44,317
breast_cancer,"MUL(area error,fractal dimension error)",0.0,-0.000400918775440334,0.0025718833243567754,0,13.734753990267453,45,164
breast_cancer,"DIV(area error,fractal dimension error)",-0.0116279069767442,-0.0004708310450447881,0.0027123246691106643,0,13.734753990267455,615,322
breast_cancer,"ADD(compactness error,smoothness error)",0.0,-0.004339309587626759,0.011602356504887792,0,13.734753990267446,46,379
breast_cancer,"SUB(smoothness error,compactness error)",0.0,-0.0054199146965021785,0.011712080608139011,0,13.734753990267443,47,406
breast_cancer,"MUL(compactness error,smoothness error)",-0.0232558139534883,-0.00664431409261454,0.01295421183392263,0,13.734753990267453,880,669
breast_cancer,"DIV(smoothness error,compactness error)",-0.0116279069767442,-0.0054614662315437355,0.011680414643096297,0,13.734753990267455,616,424
breast_cancer,"ADD(concavity error,smoothness error)",0.0,-0.004577215711502682,0.011232372752894057,0,13.734753990267446,48,380
breast_cancer,"SUB(smoothness error,concavity error)",0.0,-0.005657820820378101,0.011322993783412783,0,13.734753990267443,49,473
breast_cancer,"MUL(concavity error,smoothness error)",-0.0232558139534883,-0.006882220216490463,0.012580396498401362,0,13.734753990267453,879,711
breast_cancer,"DIV(smoothness error,concavity error)",-0.0116279069767442,-0.005699372355419658,0.01128936098957911,0,13.734753990267455,617,474
breast_cancer,"ADD(concave points error,smoothness error)",0.0,-0.0043212856815181356,0.011636666181251455,0,13.734753990267446,50,375
breast_cancer,"SUB(smoothness error,concave points error)",0.0,-0.005401890790393554,0.011747727821538965,0,13.734753990267443,51,400
breast_cancer,"MUL(concave points error,smoothness error)",-0.0116279069767442,-0.0066262901865059174,0.012988149135079462,0,13.734753990267453,618,668
breast_cancer,"DIV(smoothness error,concave points error)",0.0,-0.005443442325435112,0.011716222124644342,0,13.734753990267455,52,418
breast_cancer,"ADD(smoothness error,symmetry error)",0.0,-0.0043212856815181356,0.011636666181251455,0,13.734753990267446,20,374
breast_cancer,"SUB(smoothness error,symmetry error)",0.0,-0.005401890790393554,0.011747727821538965,0,13.734753990267443,21,405
breast_cancer,"MUL(smoothness error,symmetry error)",0.0,-0.0066262901865059174,0.012988149135079462,0,13.734753990267453,22,663
breast_cancer,"DIV(smoothness error,symmetry error)",0.0,-0.005443442325435112,0.011716222124644342,0,13.734753990267455,23,420
breast_cancer,"ADD(fractal dimension error,smoothness error)",0.0,-0.0043212856815181356,0.011636666181251455,0,13.734753990267446,24,373
breast_cancer,"SUB(smoothness error,fractal dimension error)",0.0,-0.005401890790393554,0.011747727821538965,0,13.734753990267443,25,401
breast_cancer,"MUL(fractal dimension error,smoothness error)",-0.0232558139534883,-0.0066262901865059174,0.012988149135079462,0,13.734753990267453,866,666
breast_cancer,"DIV(smoothness error,fractal dimension error)",0.0,-0.005443442325435112,0.011716222124644342,0,13.734753990267455,26,417
breast_cancer,"ADD(compactness error,concavity error)",0.0,-0.0054258142407270305,0.009926157823443187,0,13.734753990267446,27,407
breast_cancer,"SUB(compactness error,concavity error)",0.0,-0.006197419178998634,0.010403412860179704,0,13.734753990267443,28,527
breast_cancer,"MUL(compactness error,concavity error)",-0.0116279069767442,-0.007845891501190807,0.011353992733857746,0,13.734753990267453,848,754
breast_cancer,"DIV(compactness error,concavity error)",0.0,-0.006197419178998634,0.010403412860179704,0,13.734753990267455,29,530
breast_cancer,"ADD(compactness error,concave points error)",0.0,-0.005430407238234368,0.009922699484946264,0,13.734753990267446,30,411
breast_cancer,"SUB(compactness error,concave points error)",0.0,-0.006202012176505971,0.010399772454861067,0,13.734753990267443,31,544
breast_cancer,"MUL(compactness error,concave points error)",-0.0232558139534883,-0.007850484498698145,0.011349990137242218,0,13.734753990267453,865,761
breast_cancer,"DIV(compactness error,concave points error)",0.0,-0.006202012176505971,0.010399772454861067,0,13.734753990267455,32,541
breast_cancer,"ADD(compactness error,symmetry error)",0.0,-0.005430407238234368,0.009922699484946264,0,13.734753990267446,8,414
breast_cancer,"SUB(compactness error,symmetry error)",0.0,-0.006202012176505971,0.010399772454861067,0,13.734753990267443,9,536
breast_cancer,"MUL(compactness error,symmetry error)",-0.0116279069767442,-0.007850484498698145,0.011349990137242218,0,13.734753990267453,844,755
breast_cancer,"DIV(compactness error,symmetry error)",0.0,-0.006202012176505971,0.010399772454861067,0,13.734753990267455,10,531
breast_cancer,"ADD(compactness error,fractal dimension error)",0.0,-0.005430407238234368,0.009922699484946264,0,13.734753990267446,11,413
breast_cancer,"SUB(compactness error,fractal dimension error)",0.0,-0.006202012176505971,0.010399772454861067,0,13.734753990267443,12,540
breast_cancer,"MUL(compactness error,fractal dimension error)",-0.0116279069767442,-0.007850484498698145,0.011349990137242218,0,13.734753990267453,845,762
breast_cancer,"DIV(compactness error,fractal dimension error)",0.0,-0.006202012176505971,0.010399772454861067,0,13.734753990267455,13,535
breast_cancer,"ADD(concave points error,concavity error)",0.0,-0.005627336356779763,0.009922644278896057,0,13.734753990267446,14,459
breast_cancer,"SUB(concavity error,concave points error)",0.0,-0.006398941295051366,0.010385098389958798,0,13.734753990267443,15,623
breast_cancer,"MUL(concave points error,concavity error)",0.0,-0.008047413617243539,0.011307873945575348,0,13.734753990267453,16,802
breast_cancer,"DIV(concavity error,concave points error)",0.0,-0.006398941295051366,0.010385098389958798,0,13.734753990267455,17,624
breast_cancer,"ADD(concavity error,symmetry error)",0.0,-0.005627336356779763,0.009922644278896057,0,13.734753990267446,18,456
breast_cancer,"SUB(concavity error,symmetry error)",0.0,-0.006398941295051366,0.010385098389958798,0,13.734753990267443,19,621
breast_cancer,"MUL(concavity error,symmetry error)",-0.0116279069767442,-0.008047413617243539,0.011307873945575348,0,13.734753990267453,846,804
breast_cancer,"DIV(concavity error,symmetry error)",-0.0116279069767442,-0.006398941295051366,0.010385098389958798,0,13.734753990267455,847,622
breast_cancer,"ADD(concavity error,fractal dimension error)",0.0,-0.005627336356779763,0.009922644278896057,0,13.734753990267446,585,469
breast_cancer,"SUB(concavity error,fractal dimension error)",0.0,-0.006398941295051366,0.010385098389958798,0,13.734753990267443,586,592
breast_cancer,"MUL(concavity error,fractal dimension error)",0.0,-0.008047413617243539,0.011307873945575348,0,13.734753990267453,587,813
breast_cancer,"DIV(concavity error,fractal dimension error)",0.0,-0.006398941295051366,0.010385098389958798,0,13.734753990267455,588,596
breast_cancer,"ADD(concave points error,symmetry error)",0.0,-0.0043212856815181356,0.011636666181251455,0,13.734753990267446,589,376
breast_cancer,"SUB(concave points error,symmetry error)",0.0,-0.005401890790393554,0.011747727821538965,0,13.734753990267443,590,402
breast_cancer,"MUL(concave points error,symmetry error)",-0.0116279069767442,-0.0066262901865059174,0.012988149135079462,0,13.734753990267453,601,667
breast_cancer,"DIV(concave points error,symmetry error)",-0.0116279069767442,-0.005443442325435112,0.011716222124644342,0,13.734753990267455,600,419
breast_cancer,"ADD(concave points error,fractal dimension error)",0.0,-0.0043212856815181356,0.011636666181251455,0,13.734753990267446,591,377
breast_cancer,"SUB(concave points error,fractal dimension error)",0.0,-0.005401890790393554,0.011747727821538965,0,13.734753990267443,592,404
breast_cancer,"MUL(concave points error,fractal dimension error)",-0.0116279069767442,-0.0066262901865059174,0.012988149135079462,0,13.734753990267453,599,665
breast_cancer,"DIV(concave points error,fractal dimension error)",0.0,-0.005443442325435112,0.011716222124644342,0,13.734753990267455,593,421
breast_cancer,"ADD(fractal dimension error,symmetry error)",0.0,-0.0043212856815181356,0.011636666181251455,0,13.734753990267446,594,378
breast_cancer,"SUB(symmetry error,fractal dimension error)",0.0,-0.005401890790393554,0.011747727821538965,0,13.734753990267443,595,403
breast_cancer,"MUL(fractal dimension error,symmetry error)",-0.0116279069767442,-0.0066262901865059174,0.012988149135079462,0,13.734753990267453,598,664
breast_cancer,"DIV(symmetry error,fractal dimension error)",0.0,-0.005443442325435112,0.011716222124644342,0,13.734753990267455,596,422
