dataset,strategy,seed,budget_pct,budget_count,best_val_gain,regret,baseline_test,cand_test,test_gain,best_cand_id
breast_cancer,Random,0,0.01,8,0.0,0.0,0.9883720930232558,0.9883720930232558,0.0,"SUB(concavity error,fractal dimension error)"
breast_cancer,Random,0,0.02,17,0.0,0.0,0.9883720930232558,0.9883720930232558,0.0,"SUB(concavity error,fractal dimension error)"
breast_cancer,Random,0,0.05,44,0.0,0.0,0.9883720930232558,0.9883720930232558,0.0,"SUB(concavity error,fractal dimension error)"
breast_cancer,Random,0,0.1,88,0.0,0.0,0.9883720930232558,0.9883720930232558,0.0,"SUB(concavity error,fractal dimension error)"
breast_cancer,Random,0,0.2,176,0.0,0.0,0.9883720930232558,0.9883720930232558,0.0,"SUB(concavity error,fractal dimension error)"
breast_cancer,Random,7,0.01,8,0.0,0.0,0.9883720930232558,0.9883720930232558,0.0,"MUL(mean symmetry,concavity error)"
breast_cancer,Random,7,0.02,17,0.0,0.0,0.9883720930232558,0.9883720930232558,0.0,"MUL(mean symmetry,concavity error)"
breast_cancer,Random,7,0.05,44,0.0,0.0,0.9883720930232558,0.9883720930232558,0.0,"MUL(mean symmetry,concavity error)"
breast_cancer,Random,7,0.1,88,0.0,0.0,0.9883720930232558,0.9883720930232558,0.0,"MUL(mean symmetry,concavity error)"
breast_cancer,Random,7,0.2,176,0.0,0.0,0.9883720930232558,0.9883720930232558,0.0,"MUL(mean symmetry,concavity error)"
breast_cancer,Random,13,0.01,8,0.0,0.0,0.9767441860465116,0.9767441860465116,0.0,"SUB(area error,concavity error)"
breast_cancer,Random,13,0.02,17,0.0,0.0,0.9767441860465116,0.9767441860465116,0.0,"SUB(area error,concavity error)"
breast_cancer,Random,13,0.05,44,0.0,0.0,0.9767441860465116,0.9767441860465116,0.0,"SUB(area error,concavity error)"
breast_cancer,Random,13,0.1,88,0.0,0.0,0.9767441860465116,0.9767441860465116,0.0,"SUB(area error,concavity error)"
breast_cancer,Random,13,0.2,176,0.0,0.0,0.9767441860465116,0.9767441860465116,0.0,"SUB(area error,concavity error)"
breast_cancer,Random,42,0.01,8,0.0,0.0,0.9767441860465116,0.9767441860465116,0.0,"DIV(mean area,symmetry error)"
breast_cancer,Random,42,0.02,17,0.0,0.0,0.9767441860465116,0.9767441860465116,0.0,"DIV(mean area,symmetry error)"
breast_cancer,Random,42,0.05,44,0.0,0.0,0.9767441860465116,0.9767441860465116,0.0,"DIV(mean area,symmetry error)"
breast_cancer,Random,42,0.1,88,0.0,0.0,0.9767441860465116,0.9767441860465116,0.0,"DIV(mean area,symmetry error)"
breast_cancer,Random,42,0.2,176,0.0,0.0,0.9767441860465116,0.9767441860465116,0.0,"DIV(mean area,symmetry error)"
breast_cancer,Random,99,0.01,8,0.0,0.0,0.9767441860465116,0.9767441860465116,0.0,"MUL(perimeter error,symmetry error)"
breast_cancer,Random,99,0.02,17,0.0,0.0,0.9767441860465116,0.9767441860465116,0.0,"MUL(perimeter error,symmetry error)"
breast_cancer,Random,99,0.05,44,0.0,0.0,0.9767441860465116,0.9767441860465116,0.0,"MUL(perimeter error,symmetry error)"
breast_cancer,Random,99,0.1,88,0.0,0.0,0.9767441860465116,0.9767441860465116,0.0,"MUL(perimeter error,symmetry error)"
breast_cancer,Random,99,0.2,176,0.0,0.0,0.9767441860465116,0.9767441860465116,0.0,"MUL(perimeter error,symmetry error)"
breast_cancer,Transformation-Frequency,0,0.01,8,0.0,0.0,0.9883720930232558,0.9883720930232558,0.0,LOG(worst concavity)
breast_cancer,Transformation-Frequency,0,0.02,17,0.0,0.0,0.9883720930232558,0.9883720930232558,0.0,LOG(worst concavity)
breast_cancer,Transformation-Frequency,0,0.05,44,0.0,0.0,0.9883720930232558,0.9883720930232558,0.0,LOG(worst concavity)
breast_cancer,Transformation-Frequency,0,0.1,88,0.0,0.0,0.9883720930232558,0.9883720930232558,0.0,LOG(worst concavity)
breast_cancer,Transformation-Frequency,0,0.2,176,0.0,0.0,0.9883720930232558,0.9883720930232558,0.0,LOG(worst concavity)
breast_cancer,Transformation-Frequency,7,0.01,8,0.0,0.0,0.9883720930232558,0.9767441860465116,-0.011627906976744207,LOG(mean concave points)
breast_cancer,Transformation-Frequency,7,0.02,17,0.0,0.0,0.9883720930232558,0.9767441860465116,-0.011627906976744207,LOG(mean concave points)
breast_cancer,Transformation-Frequency,7,0.05,44,0.0,0.0,0.9883720930232558,0.9767441860465116,-0.011627906976744207,LOG(mean concave points)
breast_cancer,Transformation-Frequency,7,0.1,88,0.0,0.0,0.9883720930232558,0.9767441860465116,-0.011627906976744207,LOG(mean concave points)
breast_cancer,Transformation-Frequency,7,0.2,176,0.0,0.0,0.9883720930232558,0.9767441860465116,-0.011627906976744207,LOG(mean concave points)
breast_cancer,Transformation-Frequency,13,0.01,8,0.0,0.0,0.9767441860465116,0.9651162790697675,-0.011627906976744096,LOG(worst compactness)
breast_cancer,Transformation-Frequency,13,0.02,17,0.0,0.0,0.9767441860465116,0.9651162790697675,-0.011627906976744096,LOG(worst compactness)
breast_cancer,Transformation-Frequency,13,0.05,44,0.0,0.0,0.9767441860465116,0.9651162790697675,-0.011627906976744096,LOG(worst compactness)
breast_cancer,Transformation-Frequency,13,0.1,88,0.0,0.0,0.9767441860465116,0.9651162790697675,-0.011627906976744096,LOG(worst compactness)
breast_cancer,Transformation-Frequency,13,0.2,176,0.0,0.0,0.9767441860465116,0.9651162790697675,-0.011627906976744096,LOG(worst compactness)
breast_cancer,Transformation-Frequency,42,0.01,8,0.0,0.0,0.9767441860465116,0.9883720930232558,0.011627906976744207,LOG(worst fractal dimension)
breast_cancer,Transformation-Frequency,42,0.02,17,0.0,0.0,0.9767441860465116,0.9883720930232558,0.011627906976744207,LOG(worst fractal dimension)
breast_cancer,Transformation-Frequency,42,0.05,44,0.0,0.0,0.9767441860465116,0.9883720930232558,0.011627906976744207,LOG(worst fractal dimension)
breast_cancer,Transformation-Frequency,42,0.1,88,0.0,0.0,0.9767441860465116,0.9883720930232558,0.011627906976744207,LOG(worst fractal dimension)
breast_cancer,Transformation-Frequency,42,0.2,176,0.0,0.0,0.9767441860465116,0.9883720930232558,0.011627906976744207,LOG(worst fractal dimension)
breast_cancer,Transformation-Frequency,99,0.01,8,0.0,0.0,0.9767441860465116,0.9651162790697675,-0.011627906976744096,LOG(mean concave points)
breast_cancer,Transformation-Frequency,99,0.02,17,0.0,0.0,0.9767441860465116,0.9651162790697675,-0.011627906976744096,LOG(mean concave points)
breast_cancer,Transformation-Frequency,99,0.05,44,0.0,0.0,0.9767441860465116,0.9651162790697675,-0.011627906976744096,LOG(mean concave points)
breast_cancer,Transformation-Frequency,99,0.1,88,0.0,0.0,0.9767441860465116,0.9651162790697675,-0.011627906976744096,LOG(mean concave points)
breast_cancer,Transformation-Frequency,99,0.2,176,0.0,0.0,0.9767441860465116,0.9651162790697675,-0.011627906976744096,LOG(mean concave points)
breast_cancer,Similarity-Prior,0,0.01,8,0.0,0.0,0.9883720930232558,0.9883720930232558,0.0,"ADD(mean perimeter,symmetry error)"
breast_cancer,Similarity-Prior,0,0.02,17,0.0,0.0,0.9883720930232558,0.9883720930232558,0.0,"ADD(mean perimeter,symmetry error)"
breast_cancer,Similarity-Prior,0,0.05,44,0.0,0.0,0.9883720930232558,0.9883720930232558,0.0,"ADD(mean perimeter,symmetry error)"
breast_cancer,Similarity-Prior,0,0.1,88,0.0,0.0,0.9883720930232558,0.9883720930232558,0.0,"ADD(mean perimeter,symmetry error)"
breast_cancer,Similarity-Prior,0,0.2,176,0.0,0.0,0.9883720930232558,0.9883720930232558,0.0,"ADD(mean perimeter,symmetry error)"
breast_cancer,Similarity-Prior,7,0.01,8,0.0,0.0,0.9883720930232558,0.9883720930232558,0.0,"ADD(area error,fractal dimension error)"
breast_cancer,Similarity-Prior,7,0.02,17,0.0,0.0,0.9883720930232558,0.9883720930232558,0.0,"ADD(area error,fractal dimension error)"
breast_cancer,Similarity-Prior,7,0.05,44,0.0,0.0,0.9883720930232558,0.9883720930232558,0.0,"ADD(area error,fractal dimension error)"
breast_cancer,Similarity-Prior,7,0.1,88,0.0,0.0,0.9883720930232558,0.9883720930232558,0.0,"ADD(area error,fractal dimension error)"
breast_cancer,Similarity-Prior,7,0.2,176,0.0,0.0,0.9883720930232558,0.9883720930232558,0.0,"ADD(area error,fractal dimension error)"
breast_cancer,Similarity-Prior,13,0.01,8,0.0,0.0,0.9767441860465116,0.9767441860465116,0.0,"ADD(mean smoothness,mean symmetry)"
breast_cancer,Similarity-Prior,13,0.02,17,0.0,0.0,0.9767441860465116,0.9767441860465116,0.0,"ADD(mean smoothness,mean symmetry)"
breast_cancer,Similarity-Prior,13,0.05,44,0.0,0.0,0.9767441860465116,0.9767441860465116,0.0,"ADD(mean smoothness,mean symmetry)"
breast_cancer,Similarity-Prior,13,0.1,88,0.0,0.0,0.9767441860465116,0.9767441860465116,0.0,"ADD(mean smoothness,mean symmetry)"
breast_cancer,Similarity-Prior,13,0.2,176,0.0,0.0,0.9767441860465116,0.9767441860465116,0.0,"ADD(mean smoothness,mean symmetry)"
breast_cancer,Similarity-Prior,42,0.01,8,0.0,0.0,0.9767441860465116,0.9767441860465116,0.0,"ADD(mean perimeter,area error)"
breast_cancer,Similarity-Prior,42,0.02,17,0.0,0.0,0.9767441860465116,0.9767441860465116,0.0,"ADD(mean perimeter,area error)"
breast_cancer,Similarity-Prior,42,0.05,44,0.0,0.0,0.9767441860465116,0.9767441860465116,0.0,"ADD(mean perimeter,area error)"
breast_cancer,Similarity-Prior,42,0.1,88,0.0,0.0,0.9767441860465116,0.9767441860465116,0.0,"ADD(mean perimeter,area error)"
breast_cancer,Similarity-Prior,42,0.2,176,0.0,0.0,0.9767441860465116,0.9767441860465116,0.0,"ADD(mean perimeter,area error)"
breast_cancer,Similarity-Prior,99,0.01,8,0.0,0.0,0.9767441860465116,0.9767441860465116,0.0,"ADD(mean area,mean fractal dimension)"
breast_cancer,Similarity-Prior,99,0.02,17,0.0,0.0,0.9767441860465116,0.9767441860465116,0.0,"ADD(mean area,mean fractal dimension)"
breast_cancer,Similarity-Prior,99,0.05,44,0.0,0.0,0.9767441860465116,0.9767441860465116,0.0,"ADD(mean area,mean fractal dimension)"
breast_cancer,Similarity-Prior,99,0.1,88,0.0,0.0,0.9767441860465116,0.9767441860465116,0.0,"ADD(mean area,mean fractal dimension)"
breast_cancer,Similarity-Prior,99,0.2,176,0.0,0.0,0.9767441860465116,0.9767441860465116,0.0,"ADD(mean area,mean fractal dimension)"
breast_cancer,Adaptive,0,0.01,8,0.0,0.0,0.9883720930232558,0.9883720930232558,0.0,"SUB(concavity error,fractal dimension error)"
breast_cancer,Adaptive,0,0.02,17,0.0,0.0,0.9883720930232558,0.9883720930232558,0.0,"SUB(concavity error,fractal dimension error)"
breast_cancer,Adaptive,0,0.05,44,0.0,0.0,0.9883720930232558,0.9883720930232558,0.0,"SUB(concavity error,fractal dimension error)"
breast_cancer,Adaptive,0,0.1,88,0.0,0.0,0.9883720930232558,0.9883720930232558,0.0,"SUB(concavity error,fractal dimension error)"
breast_cancer,Adaptive,0,0.2,176,0.0,0.0,0.9883720930232558,0.9883720930232558,0.0,"SUB(concavity error,fractal dimension error)"
breast_cancer,Adaptive,7,0.01,8,0.0,0.0,0.9883720930232558,0.9883720930232558,0.0,"MUL(mean symmetry,concavity error)"
breast_cancer,Adaptive,7,0.02,17,0.0,0.0,0.9883720930232558,0.9883720930232558,0.0,"MUL(mean symmetry,concavity error)"
breast_cancer,Adaptive,7,0.05,44,0.0,0.0,0.9883720930232558,0.9883720930232558,0.0,"MUL(mean symmetry,concavity error)"
breast_cancer,Adaptive,7,0.1,88,0.0,0.0,0.9883720930232558,0.9883720930232558,0.0,"MUL(mean symmetry,concavity error)"
breast_cancer,Adaptive,7,0.2,176,0.0,0.0,0.9883720930232558,0.9883720930232558,0.0,"MUL(mean symmetry,concavity error)"
breast_cancer,Adaptive,13,0.01,8,0.0,0.0,0.9767441860465116,0.9767441860465116,0.0,"SUB(area error,concavity error)"
breast_cancer,Adaptive,13,0.02,17,0.0,0.0,0.9767441860465116,0.9767441860465116,0.0,"SUB(area error,concavity error)"
breast_cancer,Adaptive,13,0.05,44,0.0,0.0,0.9767441860465116,0.9767441860465116,0.0,"SUB(area error,concavity error)"
breast_cancer,Adaptive,13,0.1,88,0.0,0.0,0.9767441860465116,0.9767441860465116,0.0,"SUB(area error,concavity error)"
breast_cancer,Adaptive,13,0.2,176,0.0,0.0,0.9767441860465116,0.9767441860465116,0.0,"SUB(area error,concavity error)"
breast_cancer,Adaptive,42,0.01,8,0.0,0.0,0.9767441860465116,0.9767441860465116,0.0,"DIV(mean area,symmetry error)"
breast_cancer,Adaptive,42,0.02,17,0.0,0.0,0.9767441860465116,0.9767441860465116,0.0,"DIV(mean area,symmetry error)"
breast_cancer,Adaptive,42,0.05,44,0.0,0.0,0.9767441860465116,0.9767441860465116,0.0,"DIV(mean area,symmetry error)"
breast_cancer,Adaptive,42,0.1,88,0.0,0.0,0.9767441860465116,0.9767441860465116,0.0,"DIV(mean area,symmetry error)"
breast_cancer,Adaptive,42,0.2,176,0.0,0.0,0.9767441860465116,0.9767441860465116,0.0,"DIV(mean area,symmetry error)"
breast_cancer,Adaptive,99,0.01,8,0.0,0.0,0.9767441860465116,0.9767441860465116,0.0,"MUL(perimeter error,symmetry error)"
breast_cancer,Adaptive,99,0.02,17,0.0,0.0,0.9767441860465116,0.9767441860465116,0.0,"MUL(perimeter error,symmetry error)"
breast_cancer,Adaptive,99,0.05,44,0.0,0.0,0.9767441860465116,0.9767441860465116,0.0,"MUL(perimeter error,symmetry error)"
breast_cancer,Adaptive,99,0.1,88,0.0,0.0,0.9767441860465116,0.9767441860465116,0.0,"MUL(perimeter error,symmetry error)"
breast_cancer,Adaptive,99,0.2,176,0.0,0.0,0.9767441860465116,0.9767441860465116,0.0,"MUL(perimeter error,symmetry error)"
wine,Random,0,0.01,6,0.0,0.0,1.0,1.0,0.0,"DIV(total_phenols,hue)"
wine,Random,0,0.02,7,0.0,0.0,1.0,1.0,0.0,"DIV(total_phenols,hue)"
wine,Random,0,0.05,18,0.0,0.0,1.0,1.0,0.0,"DIV(total_phenols,hue)"
wine,Random,0,0.1,36,0.0,0.0,1.0,1.0,0.0,"DIV(total_phenols,hue)"
wine,Random,0,0.2,72,0.0,0.0,1.0,1.0,0.0,"DIV(total_phenols,hue)"
wine,Random,7,0.01,6,0.0,0.0,1.0,1.0,0.0,"SUB(nonflavanoid_phenols,proanthocyanins)"
wine,Random,7,0.02,7,0.0,0.0,1.0,1.0,0.0,"SUB(nonflavanoid_phenols,proanthocyanins)"
wine,Random,7,0.05,18,0.0,0.0,1.0,1.0,0.0,"SUB(nonflavanoid_phenols,proanthocyanins)"
wine,Random,7,0.1,36,0.0,0.0,1.0,1.0,0.0,"SUB(nonflavanoid_phenols,proanthocyanins)"
wine,Random,7,0.2,72,0.0,0.0,1.0,1.0,0.0,"SUB(nonflavanoid_phenols,proanthocyanins)"
wine,Random,13,0.01,6,0.0,0.0,0.9629629629629629,0.9629629629629629,0.0,"SUB(color_intensity,proline)"
wine,Random,13,0.02,7,0.0,0.0,0.9629629629629629,0.9629629629629629,0.0,"SUB(color_intensity,proline)"
wine,Random,13,0.05,18,0.0,0.0,0.9629629629629629,0.9629629629629629,0.0,"SUB(color_intensity,proline)"
wine,Random,13,0.1,36,0.0,0.0,0.9629629629629629,0.9629629629629629,0.0,"SUB(color_intensity,proline)"
wine,Random,13,0.2,72,0.0,0.0,0.9629629629629629,0.9629629629629629,0.0,"SUB(color_intensity,proline)"
wine,Random,42,0.01,6,0.0,0.0,1.0,1.0,0.0,"SUB(proanthocyanins,color_intensity)"
wine,Random,42,0.02,7,0.0,0.0,1.0,1.0,0.0,"SUB(proanthocyanins,color_intensity)"
wine,Random,42,0.05,18,0.0,0.0,1.0,1.0,0.0,"SUB(proanthocyanins,color_intensity)"
wine,Random,42,0.1,36,0.0,0.0,1.0,1.0,0.0,"SUB(proanthocyanins,color_intensity)"
wine,Random,42,0.2,72,0.0,0.0,1.0,1.0,0.0,"SUB(proanthocyanins,color_intensity)"
wine,Random,99,0.01,6,0.0,0.0,1.0,1.0,0.0,"SUB(nonflavanoid_phenols,od280/od315_of_diluted_wines)"
wine,Random,99,0.02,7,0.0,0.0,1.0,1.0,0.0,"SUB(nonflavanoid_phenols,od280/od315_of_diluted_wines)"
wine,Random,99,0.05,18,0.0,0.0,1.0,1.0,0.0,"SUB(nonflavanoid_phenols,od280/od315_of_diluted_wines)"
wine,Random,99,0.1,36,0.0,0.0,1.0,1.0,0.0,"SUB(nonflavanoid_phenols,od280/od315_of_diluted_wines)"
wine,Random,99,0.2,72,0.0,0.0,1.0,1.0,0.0,"SUB(nonflavanoid_phenols,od280/od315_of_diluted_wines)"
wine,Transformation-Frequency,0,0.01,6,0.0,0.0,1.0,1.0,0.0,LOG(malic_acid)
wine,Transformation-Frequency,0,0.02,7,0.0,0.0,1.0,1.0,0.0,LOG(malic_acid)
wine,Transformation-Frequency,0,0.05,18,0.0,0.0,1.0,1.0,0.0,LOG(malic_acid)
wine,Transformation-Frequency,0,0.1,36,0.0,0.0,1.0,1.0,0.0,LOG(malic_acid)
wine,Transformation-Frequency,0,0.2,72,0.0,0.0,1.0,1.0,0.0,LOG(malic_acid)
wine,Transformation-Frequency,7,0.01,6,0.0,0.0,1.0,1.0,0.0,LOG(alcalinity_of_ash)
wine,Transformation-Frequency,7,0.02,7,0.0,0.0,1.0,1.0,0.0,LOG(alcalinity_of_ash)
wine,Transformation-Frequency,7,0.05,18,0.0,0.0,1.0,1.0,0.0,LOG(alcalinity_of_ash)
wine,Transformation-Frequency,7,0.1,36,0.0,0.0,1.0,1.0,0.0,LOG(alcalinity_of_ash)
wine,Transformation-Frequency,7,0.2,72,0.0,0.0,1.0,1.0,0.0,LOG(alcalinity_of_ash)
wine,Transformation-Frequency,13,0.01,6,0.0,0.0,0.9629629629629629,0.9629629629629629,0.0,LOG(color_intensity)
wine,Transformation-Frequency,13,0.02,7,0.0,0.0,0.9629629629629629,0.9629629629629629,0.0,LOG(color_intensity)
wine,Transformation-Frequency,13,0.05,18,0.0,0.0,0.9629629629629629,0.9629629629629629,0.0,LOG(color_intensity)
wine,Transformation-Frequency,13,0.1,36,0.0,0.0,0.9629629629629629,0.9629629629629629,0.0,LOG(color_intensity)
wine,Transformation-Frequency,13,0.2,72,0.0,0.0,0.9629629629629629,0.9629629629629629,0.0,LOG(color_intensity)
wine,Transformation-Frequency,42,0.01,6,0.0,0.0,1.0,1.0,0.0,LOG(magnesium)
wine,Transformation-Frequency,42,0.02,7,0.0,0.0,1.0,1.0,0.0,LOG(magnesium)
wine,Transformation-Frequency,42,0.05,18,0.0,0.0,1.0,1.0,0.0,LOG(magnesium)
wine,Transformation-Frequency,42,0.1,36,0.0,0.0,1.0,1.0,0.0,LOG(magnesium)
wine,Transformation-Frequency,42,0.2,72,0.0,0.0,1.0,1.0,0.0,LOG(magnesium)
wine,Transformation-Frequency,99,0.01,6,0.0,0.0,1.0,1.0,0.0,LOG(hue)
wine,Transformation-Frequency,99,0.02,7,0.0,0.0,1.0,1.0,0.0,LOG(hue)
wine,Transformation-Frequency,99,0.05,18,0.0,0.0,1.0,1.0,0.0,LOG(hue)
wine,Transformation-Frequency,99,0.1,36,0.0,0.0,1.0,1.0,0.0,LOG(hue)
wine,Transformation-Frequency,99,0.2,72,0.0,0.0,1.0,1.0,0.0,LOG(hue)
wine,Similarity-Prior,0,0.01,6,0.0,0.0,1.0,1.0,0.0,"ADD(malic_acid,color_intensity)"
wine,Similarity-Prior,0,0.02,7,0.0,0.0,1.0,1.0,0.0,"ADD(malic_acid,color_intensity)"
wine,Similarity-Prior,0,0.05,18,0.0,0.0,1.0,1.0,0.0,"ADD(malic_acid,color_intensity)"
wine,Similarity-Prior,0,0.1,36,0.0,0.0,1.0,1.0,0.0,"ADD(malic_acid,color_intensity)"
wine,Similarity-Prior,0,0.2,72,0.0,0.0,1.0,1.0,0.0,"ADD(malic_acid,color_intensity)"
wine,Similarity-Prior,7,0.01,6,0.0,0.0,1.0,1.0,0.0,"ADD(malic_acid,od280/od315_of_diluted_wines)"
wine,Similarity-Prior,7,0.02,7,0.0,0.0,1.0,1.0,0.0,"ADD(malic_acid,od280/od315_of_diluted_wines)"
wine,Similarity-Prior,7,0.05,18,0.0,0.0,1.0,1.0,0.0,"ADD(malic_acid,od280/od315_of_diluted_wines)"
wine,Similarity-Prior,7,0.1,36,0.0,0.0,1.0,1.0,0.0,"ADD(malic_acid,od280/od315_of_diluted_wines)"
wine,Similarity-Prior,7,0.2,72,0.0,0.0,1.0,1.0,0.0,"ADD(malic_acid,od280/od315_of_diluted_wines)"
wine,Similarity-Prior,13,0.01,6,0.0,0.0,0.9629629629629629,0.9629629629629629,0.0,"ADD(magnesium,proline)"
wine,Similarity-Prior,13,0.02,7,0.0,0.0,0.9629629629629629,0.9629629629629629,0.0,"ADD(magnesium,proline)"
wine,Similarity-Prior,13,0.05,18,0.0,0.0,0.9629629629629629,0.9629629629629629,0.0,"ADD(magnesium,proline)"
wine,Similarity-Prior,13,0.1,36,0.0,0.0,0.9629629629629629,0.9629629629629629,0.0,"ADD(magnesium,proline)"
wine,Similarity-Prior,13,0.2,72,0.0,0.0,0.9629629629629629,0.9629629629629629,0.0,"ADD(magnesium,proline)"
wine,Similarity-Prior,42,0.01,6,0.0,0.0,1.0,1.0,0.0,"ADD(malic_acid,proline)"
wine,Similarity-Prior,42,0.02,7,0.0,0.0,1.0,1.0,0.0,"ADD(malic_acid,proline)"
wine,Similarity-Prior,42,0.05,18,0.0,0.0,1.0,1.0,0.0,"ADD(malic_acid,proline)"
wine,Similarity-Prior,42,0.1,36,0.0,0.0,1.0,1.0,0.0,"ADD(malic_acid,proline)"
wine,Similarity-Prior,42,0.2,72,0.0,0.0,1.0,1.0,0.0,"ADD(malic_acid,proline)"
wine,Similarity-Prior,99,0.01,6,0.0,0.0,1.0,1.0,0.0,"ADD(alcalinity_of_ash,hue)"
wine,Similarity-Prior,99,0.02,7,0.0,0.0,1.0,1.0,0.0,"ADD(alcalinity_of_ash,hue)"
wine,Similarity-Prior,99,0.05,18,0.0,0.0,1.0,1.0,0.0,"ADD(alcalinity_of_ash,hue)"
wine,Similarity-Prior,99,0.1,36,0.0,0.0,1.0,1.0,0.0,"ADD(alcalinity_of_ash,hue)"
wine,Similarity-Prior,99,0.2,72,0.0,0.0,1.0,1.0,0.0,"ADD(alcalinity_of_ash,hue)"
wine,Adaptive,0,0.01,6,0.0,0.0,1.0,1.0,0.0,"DIV(total_phenols,hue)"
wine,Adaptive,0,0.02,7,0.0,0.0,1.0,1.0,0.0,"DIV(total_phenols,hue)"
wine,Adaptive,0,0.05,18,0.0,0.0,1.0,1.0,0.0,"DIV(total_phenols,hue)"
wine,Adaptive,0,0.1,36,0.0,0.0,1.0,1.0,0.0,"DIV(total_phenols,hue)"
wine,Adaptive,0,0.2,72,0.0,0.0,1.0,1.0,0.0,"DIV(total_phenols,hue)"
wine,Adaptive,7,0.01,6,0.0,0.0,1.0,1.0,0.0,"SUB(nonflavanoid_phenols,proanthocyanins)"
wine,Adaptive,7,0.02,7,0.0,0.0,1.0,1.0,0.0,"SUB(nonflavanoid_phenols,proanthocyanins)"
wine,Adaptive,7,0.05,18,0.0,0.0,1.0,1.0,0.0,"SUB(nonflavanoid_phenols,proanthocyanins)"
wine,Adaptive,7,0.1,36,0.0,0.0,1.0,1.0,0.0,"SUB(nonflavanoid_phenols,proanthocyanins)"
wine,Adaptive,7,0.2,72,0.0,0.0,1.0,1.0,0.0,"SUB(nonflavanoid_phenols,proanthocyanins)"
wine,Adaptive,13,0.01,6,0.0,0.0,0.9629629629629629,0.9629629629629629,0.0,"SUB(color_intensity,proline)"
wine,Adaptive,13,0.02,7,0.0,0.0,0.9629629629629629,0.9629629629629629,0.0,"SUB(color_intensity,proline)"
wine,Adaptive,13,0.05,18,0.0,0.0,0.9629629629629629,0.9629629629629629,0.0,"SUB(color_intensity,proline)"
wine,Adaptive,13,0.1,36,0.0,0.0,0.9629629629629629,0.9629629629629629,0.0,"SUB(color_intensity,proline)"
wine,Adaptive,13,0.2,72,0.0,0.0,0.9629629629629629,0.9629629629629629,0.0,"SUB(color_intensity,proline)"
wine,Adaptive,42,0.01,6,0.0,0.0,1.0,1.0,0.0,"SUB(proanthocyanins,color_intensity)"
wine,Adaptive,42,0.02,7,0.0,0.0,1.0,1.0,0.0,"SUB(proanthocyanins,color_intensity)"
wine,Adaptive,42,0.05,18,0.0,0.0,1.0,1.0,0.0,"SUB(proanthocyanins,color_intensity)"
wine,Adaptive,42,0.1,36,0.0,0.0,1.0,1.0,0.0,"SUB(proanthocyanins,color_intensity)"
wine,Adaptive,42,0.2,72,0.0,0.0,1.0,1.0,0.0,"SUB(proanthocyanins,color_intensity)"
wine,Adaptive,99,0.01,6,0.0,0.0,1.0,1.0,0.0,"SUB(nonflavanoid_phenols,od280/od315_of_diluted_wines)"
wine,Adaptive,99,0.02,7,0.0,0.0,1.0,1.0,0.0,"SUB(nonflavanoid_phenols,od280/od315_of_diluted_wines)"
wine,Adaptive,99,0.05,18,0.0,0.0,1.0,1.0,0.0,"SUB(nonflavanoid_phenols,od280/od315_of_diluted_wines)"
wine,Adaptive,99,0.1,36,0.0,0.0,1.0,1.0,0.0,"SUB(nonflavanoid_phenols,od280/od315_of_diluted_wines)"
wine,Adaptive,99,0.2,72,0.0,0.0,1.0,1.0,0.0,"SUB(nonflavanoid_phenols,od280/od315_of_diluted_wines)"
diabetes,Random,0,0.01,6,0.05855697746994987,0.07264039945430517,0.059912822394906584,0.06683771474626332,0.006924892351356737,"DIV(sex,bp)"
diabetes,Random,0,0.05,11,0.05855697746994987,0.07264039945430517,0.059912822394906584,0.06683771474626332,0.006924892351356737,"DIV(sex,bp)"
diabetes,Random,0,0.1,22,0.06931150696975197,0.06188586995450307,0.059912822394906584,0.06669759107299356,0.006784768678086972,"SUB(s3,s5)"
diabetes,Random,0,0.2,44,0.06931150696975197,0.06188586995450307,0.059912822394906584,0.06669759107299356,0.006784768678086972,"SUB(s3,s5)"
diabetes,Random,7,0.01,6,0.02632778295874766,0.10486959396550738,0.2994713964200124,0.2920984777800888,-0.00737291863992362,"SUB(bmi,s4)"
diabetes,Random,7,0.05,11,0.050523080397264164,0.08067429652699087,0.2994713964200124,0.24359580820840143,-0.05587558821161098,"SUB(s1,s5)"
diabetes,Random,7,0.1,22,0.050523080397264164,0.08067429652699087,0.2994713964200124,0.24359580820840143,-0.05587558821161098,"SUB(s1,s5)"
diabetes,Random,7,0.2,44,0.08123057368132375,0.04996680324293129,0.2994713964200124,0.2682377289243604,-0.03123366749565204,"ADD(bmi,s6)"
diabetes,Random,13,0.01,6,0.03898650181420393,0.0922108751100511,0.4409919375860224,0.432152502410462,-0.008839435175560406,"ADD(bp,s4)"
diabetes,Random,13,0.05,11,0.043286568927847435,0.0879108079964076,0.4409919375860224,0.4371247203196057,-0.0038672172664167004,"DIV(age,s6)"
diabetes,Random,13,0.1,22,0.05290546729094575,0.07829190963330929,0.4409919375860224,0.42536261167030576,-0.01562932591571664,"DIV(s2,s3)"
diabetes,Random,13,0.2,44,0.05290546729094575,0.07829190963330929,0.4409919375860224,0.42536261167030576,-0.01562932591571664,"DIV(s2,s3)"
diabetes,Random,42,0.01,6,0.03109148573438497,0.10010589118987007,0.39799113409297804,0.39936811898874025,0.0013769848957622122,"ADD(s4,s6)"
diabetes,Random,42,0.05,11,0.03109148573438497,0.10010589118987007,0.39799113409297804,0.39936811898874025,0.0013769848957622122,"ADD(s4,s6)"
diabetes,Random,42,0.1,22,0.07103051655846127,0.06016686036579377,0.39799113409297804,0.37698669815445573,-0.021004435938522303,"SUB(bmi,s3)"
diabetes,Random,42,0.2,44,0.07103051655846127,0.06016686036579377,0.39799113409297804,0.37698669815445573,-0.021004435938522303,"SUB(bmi,s3)"
diabetes,Random,99,0.01,6,0.04516962113127987,0.08602775579297517,0.4305779601775753,0.4600174360172343,0.029439475839659,"MUL(age,s6)"
diabetes,Random,99,0.05,11,0.04516962113127987,0.08602775579297517,0.4305779601775753,0.4600174360172343,0.029439475839659,"MUL(age,s6)"
diabetes,Random,99,0.1,22,0.050523080397264164,0.08067429652699087,0.4305779601775753,0.4482124322932609,0.017634472115685584,"SUB(s1,s5)"
diabetes,Random,99,0.2,44,0.13119737692425504,0.0,0.4305779601775753,0.47425818674344355,0.04368022656586823,"ADD(bmi,s5)"
diabetes,Transformation-Frequency,0,0.01,6,0.021731172319771064,0.10946620460448397,0.059912822394906584,0.05143066829064247,-0.008482154104264117,LOG(sex)
diabetes,Transformation-Frequency,0,0.05,11,0.021731172319771064,0.10946620460448397,0.059912822394906584,0.05143066829064247,-0.008482154104264117,LOG(sex)
diabetes,Transformation-Frequency,0,0.1,22,0.05855697746994987,0.07264039945430517,0.059912822394906584,0.06683771474626332,0.006924892351356737,"DIV(sex,bp)"
diabetes,Transformation-Frequency,0,0.2,44,0.05855697746994987,0.07264039945430517,0.059912822394906584,0.06683771474626332,0.006924892351356737,"DIV(sex,bp)"
diabetes,Transformation-Frequency,7,0.01,6,0.008282946133369662,0.12291443079088538,0.2994713964200124,0.28992664690078696,-0.00954474951922546,LOG(s4)
diabetes,Transformation-Frequency,7,0.05,11,0.02879641899901836,0.10240095792523668,0.2994713964200124,0.2587057490208301,-0.040765647399182314,"DIV(bp,s1)"
diabetes,Transformation-Frequency,7,0.1,22,0.037383762403059184,0.09381361452119585,0.2994713964200124,0.26863483162795676,-0.030836564792055654,"DIV(s2,s5)"
diabetes,Transformation-Frequency,7,0.2,44,0.043286568927847435,0.0879108079964076,0.2994713964200124,0.291017342860194,-0.00845405355981843,"DIV(age,s6)"
diabetes,Transformation-Frequency,13,0.01,6,0.009549932566041364,0.12164744435821367,0.4409919375860224,0.42733983217953,-0.01365210540649242,LOG(s5)
diabetes,Transformation-Frequency,13,0.05,11,0.029818138636653557,0.10137923828760148,0.4409919375860224,0.41538914666354987,-0.02560279092247253,"DIV(bmi,s4)"
diabetes,Transformation-Frequency,13,0.1,22,0.05290546729094575,0.07829190963330929,0.4409919375860224,0.42536261167030576,-0.01562932591571664,"DIV(s2,s3)"
diabetes,Transformation-Frequency,13,0.2,44,0.05290546729094575,0.07829190963330929,0.4409919375860224,0.42536261167030576,-0.01562932591571664,"DIV(s2,s3)"
diabetes,Transformation-Frequency,42,0.01,6,0.021731172319771064,0.10946620460448397,0.39799113409297804,0.3894332823842507,-0.00855785170872736,LOG(sex)
diabetes,Transformation-Frequency,42,0.05,11,0.021731172319771064,0.10946620460448397,0.39799113409297804,0.3894332823842507,-0.00855785170872736,LOG(sex)
diabetes,Transformation-Frequency,42,0.1,22,0.03030342958345017,0.10089394734080487,0.39799113409297804,0.38453438229558934,-0.0134567517973887,"DIV(bmi,bp)"
diabetes,Transformation-Frequency,42,0.2,44,0.05855697746994987,0.07264039945430517,0.39799113409297804,0.41276590701396876,0.01477477292099072,"DIV(sex,bp)"
diabetes,Transformation-Frequency,99,0.01,6,0.01059758438167896,0.12059979254257608,0.4305779601775753,0.4316021031460755,0.0010241429685001746,LOG(bmi)
diabetes,Transformation-Frequency,99,0.05,11,0.021731172319771064,0.10946620460448397,0.4305779601775753,0.4305239562078348,-5.4003969740534785e-05,LOG(sex)
diabetes,Transformation-Frequency,99,0.1,22,0.05855697746994987,0.07264039945430517,0.4305779601775753,0.4425783639744705,0.012000403796895154,"DIV(sex,bp)"
diabetes,Transformation-Frequency,99,0.2,44,0.05855697746994987,0.07264039945430517,0.4305779601775753,0.4425783639744705,0.012000403796895154,"DIV(sex,bp)"
diabetes,Similarity-Prior,0,0.01,6,0.021731172319771064,0.10946620460448397,0.059912822394906584,0.05143066829064247,-0.008482154104264117,LOG(sex)
diabetes,Similarity-Prior,0,0.05,11,0.021731172319771064,0.10946620460448397,0.059912822394906584,0.05143066829064247,-0.008482154104264117,LOG(sex)
diabetes,Similarity-Prior,0,0.1,22,0.021731172319771064,0.10946620460448397,0.059912822394906584,0.05143066829064247,-0.008482154104264117,LOG(sex)
diabetes,Similarity-Prior,0,0.2,44,0.04493303280148836,0.08626434412276668,0.059912822394906584,0.09574458264721464,0.035831760252308054,"ADD(s5,s6)"
diabetes,Similarity-Prior,7,0.01,6,0.008282946133369662,0.12291443079088538,0.2994713964200124,0.28992664690078696,-0.00954474951922546,LOG(s4)
diabetes,Similarity-Prior,7,0.05,11,0.021731172319771064,0.10946620460448397,0.2994713964200124,0.30168550029052144,0.002214103870509021,LOG(sex)
diabetes,Similarity-Prior,7,0.1,22,0.021731172319771064,0.10946620460448397,0.2994713964200124,0.30168550029052144,0.002214103870509021,LOG(sex)
diabetes,Similarity-Prior,7,0.2,44,0.022953814983548038,0.108243561940707,0.2994713964200124,0.28244918560365784,-0.017022210816354577,"ADD(sex,bmi)"
diabetes,Similarity-Prior,13,0.01,6,0.009549932566041364,0.12164744435821367,0.4409919375860224,0.42733983217953,-0.01365210540649242,LOG(s5)
diabetes,Similarity-Prior,13,0.05,11,0.021731172319771064,0.10946620460448397,0.4409919375860224,0.4402976505924664,-0.0006942869935560037,LOG(sex)
diabetes,Similarity-Prior,13,0.1,22,0.021731172319771064,0.10946620460448397,0.4409919375860224,0.4402976505924664,-0.0006942869935560037,LOG(sex)
diabetes,Similarity-Prior,13,0.2,44,0.04321060578605024,0.0879867711382048,0.4409919375860224,0.4142993535275744,-0.026692584058447988,"ADD(bmi,bp)"
diabetes,Similarity-Prior,42,0.01,6,0.021731172319771064,0.10946620460448397,0.39799113409297804,0.3894332823842507,-0.00855785170872736,LOG(sex)
diabetes,Similarity-Prior,42,0.05,11,0.021731172319771064,0.10946620460448397,0.39799113409297804,0.3894332823842507,-0.00855785170872736,LOG(sex)
diabetes,Similarity-Prior,42,0.1,22,0.021731172319771064,0.10946620460448397,0.39799113409297804,0.3894332823842507,-0.00855785170872736,LOG(sex)
diabetes,Similarity-Prior,42,0.2,44,0.03109148573438497,0.10010589118987007,0.39799113409297804,0.39936811898874025,0.0013769848957622122,"ADD(s4,s6)"
diabetes,Similarity-Prior,99,0.01,6,0.01059758438167896,0.12059979254257608,0.4305779601775753,0.4316021031460755,0.0010241429685001746,LOG(bmi)
diabetes,Similarity-Prior,99,0.05,11,0.021731172319771064,0.10946620460448397,0.4305779601775753,0.4305239562078348,-5.4003969740534785e-05,LOG(sex)
diabetes,Similarity-Prior,99,0.1,22,0.021731172319771064,0.10946620460448397,0.4305779601775753,0.4305239562078348,-5.4003969740534785e-05,LOG(sex)
diabetes,Similarity-Prior,99,0.2,44,0.13119737692425504,0.0,0.4305779601775753,0.47425818674344355,0.04368022656586823,"ADD(bmi,s5)"
diabetes,Adaptive,0,0.01,6,0.05855697746994987,0.07264039945430517,0.059912822394906584,0.06683771474626332,0.006924892351356737,"DIV(sex,bp)"
diabetes,Adaptive,0,0.05,11,0.05855697746994987,0.07264039945430517,0.059912822394906584,0.06683771474626332,0.006924892351356737,"DIV(sex,bp)"
diabetes,Adaptive,0,0.1,22,0.05855697746994987,0.07264039945430517,0.059912822394906584,0.06683771474626332,0.006924892351356737,"DIV(sex,bp)"
diabetes,Adaptive,0,0.2,44,0.05855697746994987,0.07264039945430517,0.059912822394906584,0.06683771474626332,0.006924892351356737,"DIV(sex,bp)"
diabetes,Adaptive,7,0.01,6,0.03681197499589706,0.09438540192835798,0.2994713964200124,0.2975191667048044,-0.0019522297152080315,"MUL(bmi,s4)"
diabetes,Adaptive,7,0.05,11,0.03681197499589706,0.09438540192835798,0.2994713964200124,0.2975191667048044,-0.0019522297152080315,"MUL(bmi,s4)"
diabetes,Adaptive,7,0.1,22,0.07103051655846127,0.06016686036579377,0.2994713964200124,0.2847461341349369,-0.014725262285075535,"SUB(bmi,s3)"
diabetes,Adaptive,7,0.2,44,0.07103051655846127,0.06016686036579377,0.2994713964200124,0.2847461341349369,-0.014725262285075535,"SUB(bmi,s3)"
diabetes,Adaptive,13,0.01,6,0.029818138636653557,0.10137923828760148,0.4409919375860224,0.41538914666354987,-0.02560279092247253,"DIV(bmi,s4)"
diabetes,Adaptive,13,0.05,11,0.05531411849889978,0.07588325842535526,0.4409919375860224,0.42181146212982257,-0.01918047545619983,"SUB(s2,s4)"
diabetes,Adaptive,13,0.1,22,0.07103051655846127,0.06016686036579377,0.4409919375860224,0.4172421536194948,-0.023749783966527604,"SUB(bmi,s3)"
diabetes,Adaptive,13,0.2,44,0.07103051655846127,0.06016686036579377,0.4409919375860224,0.4172421536194948,-0.023749783966527604,"SUB(bmi,s3)"
diabetes,Adaptive,42,0.01,6,0.03109148573438497,0.10010589118987007,0.39799113409297804,0.39936811898874025,0.0013769848957622122,"ADD(s4,s6)"
diabetes,Adaptive,42,0.05,11,0.04177888385129824,0.0894184930729568,0.39799113409297804,0.43035798171166895,0.03236684761869091,"ADD(s4,s5)"
diabetes,Adaptive,42,0.1,22,0.04177888385129824,0.0894184930729568,0.39799113409297804,0.43035798171166895,0.03236684761869091,"ADD(s4,s5)"
diabetes,Adaptive,42,0.2,44,0.08123057368132375,0.04996680324293129,0.39799113409297804,0.43795951388686694,0.0399683797938889,"ADD(bmi,s6)"
diabetes,Adaptive,99,0.01,6,0.04516962113127987,0.08602775579297517,0.4305779601775753,0.4600174360172343,0.029439475839659,"MUL(age,s6)"
diabetes,Adaptive,99,0.05,11,0.04516962113127987,0.08602775579297517,0.4305779601775753,0.4600174360172343,0.029439475839659,"MUL(age,s6)"
diabetes,Adaptive,99,0.1,22,0.05319025932406807,0.07800711760018697,0.4305779601775753,0.44123037863057823,0.01065241845300291,"SUB(age,s1)"
diabetes,Adaptive,99,0.2,44,0.05319025932406807,0.07800711760018697,0.4305779601775753,0.44123037863057823,0.01065241845300291,"SUB(age,s1)"
california_housing,Random,0,0.01,6,-0.00012886781453569363,0.037495255233596425,0.794824547456549,0.7922332876335232,-0.002591259823025771,"MUL(MedInc,Population)"
california_housing,Random,0,0.05,7,0.0018637707404139947,0.03550261667864674,0.794824547456549,0.7930593743503751,-0.0017651731061738563,"SUB(HouseAge,Population)"
california_housing,Random,0,0.1,14,0.0031309987579110077,0.034235388661149724,0.794824547456549,0.792242638195261,-0.0025819092612879846,"DIV(MedInc,Latitude)"
california_housing,Random,0,0.2,28,0.00827233605593003,0.029094051363130702,0.794824547456549,0.8000030450597685,0.005178497603219534,"MUL(Latitude,Longitude)"
california_housing,Random,7,0.01,6,0.001705525923590634,0.0356608614954701,0.7491342528427687,0.7484677330351748,-0.0006665198075939127,"MUL(HouseAge,Population)"
california_housing,Random,7,0.05,7,0.03736638741906073,0.0,0.7491342528427687,0.7872944326786757,0.03816017983590703,"ADD(Latitude,Longitude)"
california_housing,Random,7,0.1,14,0.03736638741906073,0.0,0.7491342528427687,0.7872944326786757,0.03816017983590703,"ADD(Latitude,Longitude)"
california_housing,Random,7,0.2,28,0.03736638741906073,0.0,0.7491342528427687,0.7872944326786757,0.03816017983590703,"ADD(Latitude,Longitude)"
california_housing,Random,13,0.01,6,0.0008838863990097146,0.03648250102005102,0.7670627309789352,0.7630704645254355,-0.003992266453499704,"DIV(AveRooms,AveBedrms)"
california_housing,Random,13,0.05,7,0.0008838863990097146,0.03648250102005102,0.7670627309789352,0.7630704645254355,-0.003992266453499704,"DIV(AveRooms,AveBedrms)"
california_housing,Random,13,0.1,14,0.009676409381774498,0.027689978037286234,0.7670627309789352,0.7661684991040524,-0.0008942318748828004,ABS(Latitude)
california_housing,Random,13,0.2,28,0.012457257656347975,0.024909129762712756,0.7670627309789352,0.7763164979805057,0.009253767001570545,"DIV(Latitude,Longitude)"
california_housing,Random,42,0.01,6,0.003563376711564259,0.03380301070749647,0.7727659780949999,0.7848711549066877,0.012105176811687768,"DIV(AveOccup,Longitude)"
california_housing,Random,42,0.05,7,0.003563376711564259,0.03380301070749647,0.7727659780949999,0.7848711549066877,0.012105176811687768,"DIV(AveOccup,Longitude)"
california_housing,Random,42,0.1,14,0.003563376711564259,0.03380301070749647,0.7727659780949999,0.7848711549066877,0.012105176811687768,"DIV(AveOccup,Longitude)"
california_housing,Random,42,0.2,28,0.003563376711564259,0.03380301070749647,0.7727659780949999,0.7848711549066877,0.012105176811687768,"DIV(AveOccup,Longitude)"
california_housing,Random,99,0.01,6,0.0012868998647665997,0.03607948755429413,0.7437374273129489,0.7383282784150991,-0.005409148897849825,"DIV(Population,Latitude)"
california_housing,Random,99,0.05,7,0.003563376711564259,0.03380301070749647,0.7437374273129489,0.746887185565966,0.0031497582530171098,"DIV(AveOccup,Longitude)"
california_housing,Random,99,0.1,14,0.003563376711564259,0.03380301070749647,0.7437374273129489,0.746887185565966,0.0031497582530171098,"DIV(AveOccup,Longitude)"
california_housing,Random,99,0.2,28,0.004803791972421645,0.03256259544663909,0.7437374273129489,0.7413146662843312,-0.002422761028617715,"MUL(AveRooms,AveOccup)"
california_housing,Transformation-Frequency,0,0.01,6,0.00014249175654246216,0.03722389566251827,0.794824547456549,0.7942784593068828,-0.0005460881496661685,LOG(MedInc)
california_housing,Transformation-Frequency,0,0.05,7,0.00014249175654246216,0.03722389566251827,0.794824547456549,0.7942784593068828,-0.0005460881496661685,LOG(MedInc)
california_housing,Transformation-Frequency,0,0.1,14,0.0031309987579110077,0.034235388661149724,0.794824547456549,0.792242638195261,-0.0025819092612879846,"DIV(MedInc,Latitude)"
california_housing,Transformation-Frequency,0,0.2,28,0.012457257656347975,0.024909129762712756,0.794824547456549,0.8070752333754239,0.012250685918874904,"DIV(Latitude,Longitude)"
california_housing,Transformation-Frequency,7,0.01,6,0.001357558733858788,0.03600882868520194,0.7491342528427687,0.7514718669966544,0.00233761415388567,LOG(AveRooms)
california_housing,Transformation-Frequency,7,0.05,7,0.001357558733858788,0.03600882868520194,0.7491342528427687,0.7514718669966544,0.00233761415388567,LOG(AveRooms)
california_housing,Transformation-Frequency,7,0.1,14,0.003563376711564259,0.03380301070749647,0.7491342528427687,0.7469939870769369,-0.002140265765831817,"DIV(AveOccup,Longitude)"
california_housing,Transformation-Frequency,7,0.2,28,0.003563376711564259,0.03380301070749647,0.7491342528427687,0.7469939870769369,-0.002140265765831817,"DIV(AveOccup,Longitude)"
california_housing,Transformation-Frequency,13,0.01,6,-0.0009548550781695031,0.038321242497230235,0.7670627309789352,0.7666294936535281,-0.0004332373254071209,LOG(HouseAge)
california_housing,Transformation-Frequency,13,0.05,7,0.00014249175654246216,0.03722389566251827,0.7670627309789352,0.7655956625754331,-0.001467068403502081,LOG(MedInc)
california_housing,Transformation-Frequency,13,0.1,14,0.012457257656347975,0.024909129762712756,0.7670627309789352,0.7763164979805057,0.009253767001570545,"DIV(Latitude,Longitude)"
california_housing,Transformation-Frequency,13,0.2,28,0.012457257656347975,0.024909129762712756,0.7670627309789352,0.7763164979805057,0.009253767001570545,"DIV(Latitude,Longitude)"
california_housing,Transformation-Frequency,42,0.01,6,0.001357558733858788,0.03600882868520194,0.7727659780949999,0.7718704009313169,-0.0008955771636830478,LOG(AveRooms)
california_housing,Transformation-Frequency,42,0.05,7,0.001357558733858788,0.03600882868520194,0.7727659780949999,0.7718704009313169,-0.0008955771636830478,LOG(AveRooms)
california_housing,Transformation-Frequency,42,0.1,14,0.003563376711564259,0.03380301070749647,0.7727659780949999,0.7848711549066877,0.012105176811687768,"DIV(AveOccup,Longitude)"
california_housing,Transformation-Frequency,42,0.2,28,0.003563376711564259,0.03380301070749647,0.7727659780949999,0.7848711549066877,0.012105176811687768,"DIV(AveOccup,Longitude)"
california_housing,Transformation-Frequency,99,0.01,6,0.001357558733858788,0.03600882868520194,0.7437374273129489,0.7449208273769099,0.0011834000639610043,LOG(AveRooms)
california_housing,Transformation-Frequency,99,0.05,7,0.001357558733858788,0.03600882868520194,0.7437374273129489,0.7449208273769099,0.0011834000639610043,LOG(AveRooms)
california_housing,Transformation-Frequency,99,0.1,14,0.003563376711564259,0.03380301070749647,0.7437374273129489,0.746887185565966,0.0031497582530171098,"DIV(AveOccup,Longitude)"
california_housing,Transformation-Frequency,99,0.2,28,0.012457257656347975,0.024909129762712756,0.7437374273129489,0.7552186089240476,0.011481181611098679,"DIV(Latitude,Longitude)"
california_housing,Similarity-Prior,0,0.01,6,0.00014249175654246216,0.03722389566251827,0.794824547456549,0.7942784593068828,-0.0005460881496661685,LOG(MedInc)
california_housing,Similarity-Prior,0,0.05,7,0.00014249175654246216,0.03722389566251827,0.794824547456549,0.7942784593068828,-0.0005460881496661685,LOG(MedInc)
california_housing,Similarity-Prior,0,0.1,14,0.009747745912941586,0.027618641506119146,0.794824547456549,0.7968259292516168,0.0020013817950678137,SQUARE(Latitude)
california_housing,Similarity-Prior,0,0.2,28,0.009747745912941586,0.027618641506119146,0.794824547456549,0.7968259292516168,0.0020013817950678137,SQUARE(Latitude)
california_housing,Similarity-Prior,7,0.01,6,0.001357558733858788,0.03600882868520194,0.7491342528427687,0.7514718669966544,0.00233761415388567,LOG(AveRooms)
california_housing,Similarity-Prior,7,0.05,7,0.001357558733858788,0.03600882868520194,0.7491342528427687,0.7514718669966544,0.00233761415388567,LOG(AveRooms)
california_housing,Similarity-Prior,7,0.1,14,0.009747745912941586,0.027618641506119146,0.7491342528427687,0.7611483209334274,0.012014068090658747,SQUARE(Latitude)
california_housing,Similarity-Prior,7,0.2,28,0.009747745912941586,0.027618641506119146,0.7491342528427687,0.7611483209334274,0.012014068090658747,SQUARE(Latitude)
california_housing,Similarity-Prior,13,0.01,6,-0.0009548550781695031,0.038321242497230235,0.7670627309789352,0.7666294936535281,-0.0004332373254071209,LOG(HouseAge)
california_housing,Similarity-Prior,13,0.05,7,0.00014249175654246216,0.03722389566251827,0.7670627309789352,0.7655956625754331,-0.001467068403502081,LOG(MedInc)
california_housing,Similarity-Prior,13,0.1,14,0.009747745912941586,0.027618641506119146,0.7670627309789352,0.7662686466201679,-0.0007940843587672664,SQUARE(Latitude)
california_housing,Similarity-Prior,13,0.2,28,0.009747745912941586,0.027618641506119146,0.7670627309789352,0.7662686466201679,-0.0007940843587672664,SQUARE(Latitude)
california_housing,Similarity-Prior,42,0.01,6,0.001357558733858788,0.03600882868520194,0.7727659780949999,0.7718704009313169,-0.0008955771636830478,LOG(AveRooms)
california_housing,Similarity-Prior,42,0.05,7,0.001357558733858788,0.03600882868520194,0.7727659780949999,0.7718704009313169,-0.0008955771636830478,LOG(AveRooms)
california_housing,Similarity-Prior,42,0.1,14,0.009747745912941586,0.027618641506119146,0.7727659780949999,0.7842361148436309,0.011470136748630955,SQUARE(Latitude)
california_housing,Similarity-Prior,42,0.2,28,0.009747745912941586,0.027618641506119146,0.7727659780949999,0.7842361148436309,0.011470136748630955,SQUARE(Latitude)
california_housing,Similarity-Prior,99,0.01,6,0.001357558733858788,0.03600882868520194,0.7437374273129489,0.7449208273769099,0.0011834000639610043,LOG(AveRooms)
california_housing,Similarity-Prior,99,0.05,7,0.001357558733858788,0.03600882868520194,0.7437374273129489,0.7449208273769099,0.0011834000639610043,LOG(AveRooms)
california_housing,Similarity-Prior,99,0.1,14,0.009747745912941586,0.027618641506119146,0.7437374273129489,0.7445794792839746,0.0008420519710257146,SQUARE(Latitude)
california_housing,Similarity-Prior,99,0.2,28,0.009747745912941586,0.027618641506119146,0.7437374273129489,0.7445794792839746,0.0008420519710257146,SQUARE(Latitude)
california_housing,Adaptive,0,0.01,6,-0.0010351286681000715,0.0384015160871608,0.794824547456549,0.7889668150997136,-0.005857732356835399,"ADD(MedInc,Population)"
california_housing,Adaptive,0,0.05,7,-0.0008879187203697514,0.03825430613943048,0.794824547456549,0.7937203562648014,-0.0011041911917475389,"ADD(AveBedrms,Latitude)"
california_housing,Adaptive,0,0.1,14,0.0038921170785233272,0.033474270340537404,0.794824547456549,0.7900432160982052,-0.004781331358343799,"ADD(AveRooms,AveOccup)"
california_housing,Adaptive,0,0.2,28,0.004803791972421645,0.03256259544663909,0.794824547456549,0.7971631042540666,0.002338556797517599,"MUL(AveRooms,AveOccup)"
california_housing,Adaptive,7,0.01,6,0.001705525923590634,0.0356608614954701,0.7491342528427687,0.7484677330351748,-0.0006665198075939127,"MUL(HouseAge,Population)"
california_housing,Adaptive,7,0.05,7,0.0018637707404139947,0.03550261667864674,0.7491342528427687,0.7486262458899021,-0.0005080069528665687,"SUB(HouseAge,Population)"
california_housing,Adaptive,7,0.1,14,0.0018637707404139947,0.03550261667864674,0.7491342528427687,0.7486262458899021,-0.0005080069528665687,"SUB(HouseAge,Population)"
california_housing,Adaptive,7,0.2,28,0.012457257656347975,0.024909129762712756,0.7491342528427687,0.765443231164583,0.016308978321814327,"DIV(Latitude,Longitude)"
california_housing,Adaptive,13,0.01,6,0.003563376711564259,0.03380301070749647,0.7670627309789352,0.7664423637810445,-0.0006203671978907144,"DIV(AveOccup,Longitude)"
california_housing,Adaptive,13,0.05,7,0.003563376711564259,0.03380301070749647,0.7670627309789352,0.7664423637810445,-0.0006203671978907144,"DIV(AveOccup,Longitude)"
california_housing,Adaptive,13,0.1,14,0.003563376711564259,0.03380301070749647,0.7670627309789352,0.7664423637810445,-0.0006203671978907144,"DIV(AveOccup,Longitude)"
california_housing,Adaptive,13,0.2,28,0.0038921170785233272,0.033474270340537404,0.7670627309789352,0.7606291213499712,-0.006433609628963999,"ADD(AveRooms,AveOccup)"
california_housing,Adaptive,42,0.01,6,0.003563376711564259,0.03380301070749647,0.7727659780949999,0.7848711549066877,0.012105176811687768,"DIV(AveOccup,Longitude)"
california_housing,Adaptive,42,0.05,7,0.003563376711564259,0.03380301070749647,0.7727659780949999,0.7848711549066877,0.012105176811687768,"DIV(AveOccup,Longitude)"
california_housing,Adaptive,42,0.1,14,0.03736638741906073,0.0,0.7727659780949999,0.809375885431753,0.03660990733675307,"ADD(Latitude,Longitude)"
california_housing,Adaptive,42,0.2,28,0.03736638741906073,0.0,0.7727659780949999,0.809375885431753,0.03660990733675307,"ADD(Latitude,Longitude)"
california_housing,Adaptive,99,0.01,6,0.0012868998647665997,0.03607948755429413,0.7437374273129489,0.7383282784150991,-0.005409148897849825,"DIV(Population,Latitude)"
california_housing,Adaptive,99,0.05,7,0.0012868998647665997,0.03607948755429413,0.7437374273129489,0.7383282784150991,-0.005409148897849825,"DIV(Population,Latitude)"
california_housing,Adaptive,99,0.1,14,0.0015488667225498354,0.035817520696510896,0.7437374273129489,0.7454989653594215,0.0017615380464726105,"DIV(HouseAge,Latitude)"
california_housing,Adaptive,99,0.2,28,0.0031309987579110077,0.034235388661149724,0.7437374273129489,0.7394195270320724,-0.00431790028087653,"DIV(MedInc,Latitude)"
iris,Random,0,0.01,6,0.04347826086956519,0.0,1.0,1.0,0.0,"MUL(sepal length (cm),petal length (cm))"
iris,Random,0,0.2,8,0.04347826086956519,0.0,1.0,1.0,0.0,"MUL(sepal length (cm),petal length (cm))"
iris,Random,7,0.01,6,0.04347826086956519,0.0,0.8260869565217391,0.8695652173913043,0.04347826086956519,"SUB(sepal length (cm),petal length (cm))"
iris,Random,7,0.2,8,0.04347826086956519,0.0,0.8260869565217391,0.8695652173913043,0.04347826086956519,"SUB(sepal length (cm),petal length (cm))"
iris,Random,13,0.01,6,0.04347826086956519,0.0,0.9565217391304348,0.9565217391304348,0.0,ABS(petal width (cm))
iris,Random,13,0.2,8,0.04347826086956519,0.0,0.9565217391304348,0.9565217391304348,0.0,ABS(petal width (cm))
iris,Random,42,0.01,6,0.04347826086956519,0.0,1.0,1.0,0.0,"ADD(sepal width (cm),petal width (cm))"
iris,Random,42,0.2,8,0.04347826086956519,0.0,1.0,1.0,0.0,"ADD(sepal width (cm),petal width (cm))"
iris,Random,99,0.01,6,0.04347826086956519,0.0,0.9130434782608695,0.9565217391304348,0.0434782608695653,"ADD(sepal width (cm),petal width (cm))"
iris,Random,99,0.2,8,0.04347826086956519,0.0,0.9130434782608695,0.9565217391304348,0.0434782608695653,"ADD(sepal width (cm),petal width (cm))"
iris,Transformation-Frequency,0,0.01,6,0.0,0.04347826086956519,1.0,0.9565217391304348,-0.04347826086956519,LOG(petal width (cm))
iris,Transformation-Frequency,0,0.2,8,0.0,0.04347826086956519,1.0,0.9565217391304348,-0.04347826086956519,LOG(petal width (cm))
iris,Transformation-Frequency,7,0.01,6,0.0,0.04347826086956519,0.8260869565217391,0.8695652173913043,0.04347826086956519,LOG(sepal width (cm))
iris,Transformation-Frequency,7,0.2,8,0.0,0.04347826086956519,0.8260869565217391,0.8695652173913043,0.04347826086956519,LOG(sepal width (cm))
iris,Transformation-Frequency,13,0.01,6,0.0,0.04347826086956519,0.9565217391304348,0.9565217391304348,0.0,LOG(sepal width (cm))
iris,Transformation-Frequency,13,0.2,8,0.0,0.04347826086956519,0.9565217391304348,0.9565217391304348,0.0,LOG(sepal width (cm))
iris,Transformation-Frequency,42,0.01,6,0.0,0.04347826086956519,1.0,0.9565217391304348,-0.04347826086956519,LOG(sepal length (cm))
iris,Transformation-Frequency,42,0.2,8,0.0,0.04347826086956519,1.0,0.9565217391304348,-0.04347826086956519,LOG(sepal length (cm))
iris,Transformation-Frequency,99,0.01,6,0.0,0.04347826086956519,0.9130434782608695,0.9130434782608695,0.0,LOG(sepal length (cm))
iris,Transformation-Frequency,99,0.2,8,0.0,0.04347826086956519,0.9130434782608695,0.9130434782608695,0.0,LOG(sepal length (cm))
iris,Similarity-Prior,0,0.01,6,0.04347826086956519,0.0,1.0,1.0,0.0,"ADD(sepal width (cm),petal length (cm))"
iris,Similarity-Prior,0,0.2,8,0.04347826086956519,0.0,1.0,1.0,0.0,"ADD(sepal width (cm),petal length (cm))"
iris,Similarity-Prior,7,0.01,6,0.04347826086956519,0.0,0.8260869565217391,0.8695652173913043,0.04347826086956519,"ADD(sepal width (cm),petal length (cm))"
iris,Similarity-Prior,7,0.2,8,0.04347826086956519,0.0,0.8260869565217391,0.8695652173913043,0.04347826086956519,"ADD(sepal width (cm),petal length (cm))"
iris,Similarity-Prior,13,0.01,6,0.04347826086956519,0.0,0.9565217391304348,0.9565217391304348,0.0,"ADD(sepal width (cm),petal length (cm))"
iris,Similarity-Prior,13,0.2,8,0.04347826086956519,0.0,0.9565217391304348,0.9565217391304348,0.0,"ADD(sepal width (cm),petal length (cm))"
iris,Similarity-Prior,42,0.01,6,0.04347826086956519,0.0,1.0,1.0,0.0,"ADD(sepal width (cm),petal width (cm))"
iris,Similarity-Prior,42,0.2,8,0.04347826086956519,0.0,1.0,1.0,0.0,"ADD(sepal width (cm),petal width (cm))"
iris,Similarity-Prior,99,0.01,6,0.04347826086956519,0.0,0.9130434782608695,0.9565217391304348,0.0434782608695653,"ADD(sepal width (cm),petal width (cm))"
iris,Similarity-Prior,99,0.2,8,0.04347826086956519,0.0,0.9130434782608695,0.9565217391304348,0.0434782608695653,"ADD(sepal width (cm),petal width (cm))"
iris,Adaptive,0,0.01,6,0.04347826086956519,0.0,1.0,1.0,0.0,"MUL(sepal length (cm),petal length (cm))"
iris,Adaptive,0,0.2,8,0.04347826086956519,0.0,1.0,1.0,0.0,"MUL(sepal length (cm),petal length (cm))"
iris,Adaptive,7,0.01,6,0.04347826086956519,0.0,0.8260869565217391,0.8695652173913043,0.04347826086956519,"SUB(sepal length (cm),petal length (cm))"
iris,Adaptive,7,0.2,8,0.04347826086956519,0.0,0.8260869565217391,0.8695652173913043,0.04347826086956519,"SUB(sepal length (cm),petal length (cm))"
iris,Adaptive,13,0.01,6,0.04347826086956519,0.0,0.9565217391304348,0.9565217391304348,0.0,ABS(petal width (cm))
iris,Adaptive,13,0.2,8,0.04347826086956519,0.0,0.9565217391304348,0.9565217391304348,0.0,ABS(petal width (cm))
iris,Adaptive,42,0.01,6,0.04347826086956519,0.0,1.0,1.0,0.0,"ADD(sepal width (cm),petal width (cm))"
iris,Adaptive,42,0.2,8,0.04347826086956519,0.0,1.0,1.0,0.0,"ADD(sepal width (cm),petal width (cm))"
iris,Adaptive,99,0.01,6,0.04347826086956519,0.0,0.9130434782608695,0.9565217391304348,0.0434782608695653,"ADD(sepal width (cm),petal width (cm))"
iris,Adaptive,99,0.2,8,0.04347826086956519,0.0,0.9130434782608695,0.9565217391304348,0.0434782608695653,"ADD(sepal width (cm),petal width (cm))"
titanic,Random,0,0.01,90,0.005076142131979711,0.0050761421319796,0.9543147208121827,0.9543147208121827,0.0,LOG(ticket_2653)
titanic,Random,0,0.02,181,0.005076142131979711,0.0050761421319796,0.9543147208121827,0.9543147208121827,0.0,LOG(ticket_2653)
titanic,Random,0,0.05,453,0.005076142131979711,0.0050761421319796,0.9543147208121827,0.9543147208121827,0.0,LOG(ticket_2653)
titanic,Random,0,0.1,907,0.005076142131979711,0.0050761421319796,0.9543147208121827,0.9543147208121827,0.0,LOG(ticket_2653)
titanic,Random,0,0.2,1814,0.005076142131979711,0.0050761421319796,0.9543147208121827,0.9543147208121827,0.0,LOG(ticket_2653)
titanic,Random,7,0.01,90,0.005076142131979711,0.0050761421319796,0.9644670050761421,0.9644670050761421,0.0,SQRT(ticket_250647)
titanic,Random,7,0.02,181,0.005076142131979711,0.0050761421319796,0.9644670050761421,0.9644670050761421,0.0,SQRT(ticket_250647)
titanic,Random,7,0.05,453,0.005076142131979711,0.0050761421319796,0.9644670050761421,0.9644670050761421,0.0,SQRT(ticket_250647)
titanic,Random,7,0.1,907,0.005076142131979711,0.0050761421319796,0.9644670050761421,0.9644670050761421,0.0,SQRT(ticket_250647)
titanic,Random,7,0.2,1814,0.005076142131979711,0.0050761421319796,0.9644670050761421,0.9644670050761421,0.0,SQRT(ticket_250647)
titanic,Random,13,0.01,90,0.005076142131979711,0.0050761421319796,0.9390862944162437,0.9390862944162437,0.0,"LOG(name_Keane, Miss. Nora A)"
titanic,Random,13,0.02,181,0.005076142131979711,0.0050761421319796,0.9390862944162437,0.9390862944162437,0.0,"LOG(name_Keane, Miss. Nora A)"
titanic,Random,13,0.05,453,0.005076142131979711,0.0050761421319796,0.9390862944162437,0.9390862944162437,0.0,"LOG(name_Keane, Miss. Nora A)"
titanic,Random,13,0.1,907,0.005076142131979711,0.0050761421319796,0.9390862944162437,0.9390862944162437,0.0,"LOG(name_Keane, Miss. Nora A)"
titanic,Random,13,0.2,1814,0.01015228426395931,0.0,0.9390862944162437,0.9390862944162437,0.0,LOG(ticket_364516)
titanic,Random,42,0.01,90,0.005076142131979711,0.0050761421319796,0.9593908629441624,0.9593908629441624,0.0,"ABS(home.dest_St Ives, Cornwall / Hancock, MI)"
titanic,Random,42,0.02,181,0.005076142131979711,0.0050761421319796,0.9593908629441624,0.9593908629441624,0.0,"ABS(home.dest_St Ives, Cornwall / Hancock, MI)"
titanic,Random,42,0.05,453,0.005076142131979711,0.0050761421319796,0.9593908629441624,0.9593908629441624,0.0,"ABS(home.dest_St Ives, Cornwall / Hancock, MI)"
titanic,Random,42,0.1,907,0.005076142131979711,0.0050761421319796,0.9593908629441624,0.9593908629441624,0.0,"ABS(home.dest_St Ives, Cornwall / Hancock, MI)"
titanic,Random,42,0.2,1814,0.005076142131979711,0.0050761421319796,0.9593908629441624,0.9593908629441624,0.0,"ABS(home.dest_St Ives, Cornwall / Hancock, MI)"
titanic,Random,99,0.01,90,0.005076142131979711,0.0050761421319796,0.949238578680203,0.949238578680203,0.0,"LOG(name_Devaney, Miss. Margaret Delia)"
titanic,Random,99,0.02,181,0.005076142131979711,0.0050761421319796,0.949238578680203,0.949238578680203,0.0,"LOG(name_Devaney, Miss. Margaret Delia)"
titanic,Random,99,0.05,453,0.005076142131979711,0.0050761421319796,0.949238578680203,0.949238578680203,0.0,"LOG(name_Devaney, Miss. Margaret Delia)"
titanic,Random,99,0.1,907,0.005076142131979711,0.0050761421319796,0.949238578680203,0.949238578680203,0.0,"LOG(name_Devaney, Miss. Margaret Delia)"
titanic,Random,99,0.2,1814,0.005076142131979711,0.0050761421319796,0.949238578680203,0.949238578680203,0.0,"LOG(name_Devaney, Miss. Margaret Delia)"
titanic,Transformation-Frequency,0,0.01,90,0.005076142131979711,0.0050761421319796,0.9543147208121827,0.9543147208121827,0.0,"DIV(fare,name_Aks, Master. Philip Frank)"
titanic,Transformation-Frequency,0,0.02,181,0.005076142131979711,0.0050761421319796,0.9543147208121827,0.9543147208121827,0.0,"DIV(fare,name_Aks, Master. Philip Frank)"
titanic,Transformation-Frequency,0,0.05,453,0.005076142131979711,0.0050761421319796,0.9543147208121827,0.9543147208121827,0.0,"DIV(fare,name_Aks, Master. Philip Frank)"
titanic,Transformation-Frequency,0,0.1,907,0.005076142131979711,0.0050761421319796,0.9543147208121827,0.9543147208121827,0.0,"DIV(fare,name_Aks, Master. Philip Frank)"
titanic,Transformation-Frequency,0,0.2,1814,0.01015228426395931,0.0,0.9543147208121827,0.9543147208121827,0.0,LOG(ticket_364516)
titanic,Transformation-Frequency,7,0.01,90,0.005076142131979711,0.0050761421319796,0.9644670050761421,0.9644670050761421,0.0,"DIV(name_Abbott, Mrs. Stanton (Rosa Hunt),name_Abelson, Mr. Samuel)"
titanic,Transformation-Frequency,7,0.02,181,0.005076142131979711,0.0050761421319796,0.9644670050761421,0.9644670050761421,0.0,"DIV(name_Abbott, Mrs. Stanton (Rosa Hunt),name_Abelson, Mr. Samuel)"
titanic,Transformation-Frequency,7,0.05,453,0.005076142131979711,0.0050761421319796,0.9644670050761421,0.9644670050761421,0.0,"DIV(name_Abbott, Mrs. Stanton (Rosa Hunt),name_Abelson, Mr. Samuel)"
titanic,Transformation-Frequency,7,0.1,907,0.005076142131979711,0.0050761421319796,0.9644670050761421,0.9644670050761421,0.0,"DIV(name_Abbott, Mrs. Stanton (Rosa Hunt),name_Abelson, Mr. Samuel)"
titanic,Transformation-Frequency,7,0.2,1814,0.01015228426395931,0.0,0.9644670050761421,0.9644670050761421,0.0,LOG(ticket_364516)
titanic,Transformation-Frequency,13,0.01,90,0.005076142131979711,0.0050761421319796,0.9390862944162437,0.9390862944162437,0.0,"DIV(name_Abrahim, Mrs. Joseph (Sophie Halaut Easu),name_Ahlin, Mrs. Johan (Johanna Persdotter Larsson))"
titanic,Transformation-Frequency,13,0.02,181,0.005076142131979711,0.0050761421319796,0.9390862944162437,0.9390862944162437,0.0,"DIV(name_Abrahim, Mrs. Joseph (Sophie Halaut Easu),name_Ahlin, Mrs. Johan (Johanna Persdotter Larsson))"
titanic,Transformation-Frequency,13,0.05,453,0.005076142131979711,0.0050761421319796,0.9390862944162437,0.9390862944162437,0.0,"DIV(name_Abrahim, Mrs. Joseph (Sophie Halaut Easu),name_Ahlin, Mrs. Johan (Johanna Persdotter Larsson))"
titanic,Transformation-Frequency,13,0.1,907,0.01015228426395931,0.0,0.9390862944162437,0.9390862944162437,0.0,LOG(ticket_364516)
titanic,Transformation-Frequency,13,0.2,1814,0.01015228426395931,0.0,0.9390862944162437,0.9390862944162437,0.0,LOG(ticket_364516)
titanic,Transformation-Frequency,42,0.01,90,0.005076142131979711,0.0050761421319796,0.9593908629441624,0.9593908629441624,0.0,"DIV(fare,name_Abelson, Mr. Samuel)"
titanic,Transformation-Frequency,42,0.02,181,0.005076142131979711,0.0050761421319796,0.9593908629441624,0.9593908629441624,0.0,"DIV(fare,name_Abelson, Mr. Samuel)"
titanic,Transformation-Frequency,42,0.05,453,0.005076142131979711,0.0050761421319796,0.9593908629441624,0.9593908629441624,0.0,"DIV(fare,name_Abelson, Mr. Samuel)"
titanic,Transformation-Frequency,42,0.1,907,0.005076142131979711,0.0050761421319796,0.9593908629441624,0.9593908629441624,0.0,"DIV(fare,name_Abelson, Mr. Samuel)"
titanic,Transformation-Frequency,42,0.2,1814,0.01015228426395931,0.0,0.9593908629441624,0.9593908629441624,0.0,LOG(ticket_364516)
titanic,Transformation-Frequency,99,0.01,90,0.005076142131979711,0.0050761421319796,0.949238578680203,0.949238578680203,0.0,"DIV(name_Abelseth, Mr. Olaus Jorgensen,name_Adahl, Mr. Mauritz Nils Martin)"
titanic,Transformation-Frequency,99,0.02,181,0.005076142131979711,0.0050761421319796,0.949238578680203,0.949238578680203,0.0,"DIV(name_Abelseth, Mr. Olaus Jorgensen,name_Adahl, Mr. Mauritz Nils Martin)"
titanic,Transformation-Frequency,99,0.05,453,0.005076142131979711,0.0050761421319796,0.949238578680203,0.949238578680203,0.0,"DIV(name_Abelseth, Mr. Olaus Jorgensen,name_Adahl, Mr. Mauritz Nils Martin)"
titanic,Transformation-Frequency,99,0.1,907,0.005076142131979711,0.0050761421319796,0.949238578680203,0.949238578680203,0.0,"DIV(name_Abelseth, Mr. Olaus Jorgensen,name_Adahl, Mr. Mauritz Nils Martin)"
titanic,Transformation-Frequency,99,0.2,1814,0.01015228426395931,0.0,0.949238578680203,0.949238578680203,0.0,LOG(ticket_364516)
titanic,Similarity-Prior,0,0.01,90,0.005076142131979711,0.0050761421319796,0.9543147208121827,0.9543147208121827,0.0,"ADD(parch,name_Abelson, Mrs. Samuel (Hannah Wizosky))"
titanic,Similarity-Prior,0,0.02,181,0.005076142131979711,0.0050761421319796,0.9543147208121827,0.9543147208121827,0.0,"ADD(parch,name_Abelson, Mrs. Samuel (Hannah Wizosky))"
titanic,Similarity-Prior,0,0.05,453,0.005076142131979711,0.0050761421319796,0.9543147208121827,0.9543147208121827,0.0,"ADD(parch,name_Abelson, Mrs. Samuel (Hannah Wizosky))"
titanic,Similarity-Prior,0,0.1,907,0.005076142131979711,0.0050761421319796,0.9543147208121827,0.9543147208121827,0.0,"ADD(parch,name_Abelson, Mrs. Samuel (Hannah Wizosky))"
titanic,Similarity-Prior,0,0.2,1814,0.005076142131979711,0.0050761421319796,0.9543147208121827,0.9543147208121827,0.0,"ADD(parch,name_Abelson, Mrs. Samuel (Hannah Wizosky))"
titanic,Similarity-Prior,7,0.01,90,0.005076142131979711,0.0050761421319796,0.9644670050761421,0.9644670050761421,0.0,"ADD(name_Abelson, Mrs. Samuel (Hannah Wizosky),name_Aks, Mrs. Sam (Leah Rosen))"
titanic,Similarity-Prior,7,0.02,181,0.005076142131979711,0.0050761421319796,0.9644670050761421,0.9644670050761421,0.0,"ADD(name_Abelson, Mrs. Samuel (Hannah Wizosky),name_Aks, Mrs. Sam (Leah Rosen))"
titanic,Similarity-Prior,7,0.05,453,0.005076142131979711,0.0050761421319796,0.9644670050761421,0.9644670050761421,0.0,"ADD(name_Abelson, Mrs. Samuel (Hannah Wizosky),name_Aks, Mrs. Sam (Leah Rosen))"
titanic,Similarity-Prior,7,0.1,907,0.005076142131979711,0.0050761421319796,0.9644670050761421,0.9644670050761421,0.0,"ADD(name_Abelson, Mrs. Samuel (Hannah Wizosky),name_Aks, Mrs. Sam (Leah Rosen))"
titanic,Similarity-Prior,7,0.2,1814,0.005076142131979711,0.0050761421319796,0.9644670050761421,0.9644670050761421,0.0,"ADD(name_Abelson, Mrs. Samuel (Hannah Wizosky),name_Aks, Mrs. Sam (Leah Rosen))"
titanic,Similarity-Prior,13,0.01,90,0.005076142131979711,0.0050761421319796,0.9390862944162437,0.9390862944162437,0.0,"ADD(pclass,name_Abelson, Mr. Samuel)"
titanic,Similarity-Prior,13,0.02,181,0.005076142131979711,0.0050761421319796,0.9390862944162437,0.9390862944162437,0.0,"ADD(pclass,name_Abelson, Mr. Samuel)"
titanic,Similarity-Prior,13,0.05,453,0.005076142131979711,0.0050761421319796,0.9390862944162437,0.9390862944162437,0.0,"ADD(pclass,name_Abelson, Mr. Samuel)"
titanic,Similarity-Prior,13,0.1,907,0.005076142131979711,0.0050761421319796,0.9390862944162437,0.9390862944162437,0.0,"ADD(pclass,name_Abelson, Mr. Samuel)"
titanic,Similarity-Prior,13,0.2,1814,0.005076142131979711,0.0050761421319796,0.9390862944162437,0.9390862944162437,0.0,"ADD(pclass,name_Abelson, Mr. Samuel)"
titanic,Similarity-Prior,42,0.01,90,0.005076142131979711,0.0050761421319796,0.9593908629441624,0.9593908629441624,0.0,"ADD(pclass,body)"
titanic,Similarity-Prior,42,0.02,181,0.005076142131979711,0.0050761421319796,0.9593908629441624,0.9593908629441624,0.0,"ADD(pclass,body)"
titanic,Similarity-Prior,42,0.05,453,0.005076142131979711,0.0050761421319796,0.9593908629441624,0.9593908629441624,0.0,"ADD(pclass,body)"
titanic,Similarity-Prior,42,0.1,907,0.005076142131979711,0.0050761421319796,0.9593908629441624,0.9593908629441624,0.0,"ADD(pclass,body)"
titanic,Similarity-Prior,42,0.2,1814,0.005076142131979711,0.0050761421319796,0.9593908629441624,0.9593908629441624,0.0,"ADD(pclass,body)"
titanic,Similarity-Prior,99,0.01,90,0.005076142131979711,0.0050761421319796,0.949238578680203,0.949238578680203,0.0,"ADD(sibsp,name_Aks, Master. Philip Frank)"
titanic,Similarity-Prior,99,0.02,181,0.005076142131979711,0.0050761421319796,0.949238578680203,0.949238578680203,0.0,"ADD(sibsp,name_Aks, Master. Philip Frank)"
titanic,Similarity-Prior,99,0.05,453,0.005076142131979711,0.0050761421319796,0.949238578680203,0.949238578680203,0.0,"ADD(sibsp,name_Aks, Master. Philip Frank)"
titanic,Similarity-Prior,99,0.1,907,0.005076142131979711,0.0050761421319796,0.949238578680203,0.949238578680203,0.0,"ADD(sibsp,name_Aks, Master. Philip Frank)"
titanic,Similarity-Prior,99,0.2,1814,0.005076142131979711,0.0050761421319796,0.949238578680203,0.949238578680203,0.0,"ADD(sibsp,name_Aks, Master. Philip Frank)"
titanic,Adaptive,0,0.01,90,0.005076142131979711,0.0050761421319796,0.9543147208121827,0.9543147208121827,0.0,LOG(ticket_2653)
titanic,Adaptive,0,0.02,181,0.005076142131979711,0.0050761421319796,0.9543147208121827,0.9543147208121827,0.0,LOG(ticket_2653)
titanic,Adaptive,0,0.05,453,0.005076142131979711,0.0050761421319796,0.9543147208121827,0.9543147208121827,0.0,LOG(ticket_2653)
titanic,Adaptive,0,0.1,907,0.005076142131979711,0.0050761421319796,0.9543147208121827,0.9543147208121827,0.0,LOG(ticket_2653)
titanic,Adaptive,0,0.2,1814,0.01015228426395931,0.0,0.9543147208121827,0.9543147208121827,0.0,LOG(ticket_364516)
titanic,Adaptive,7,0.01,90,0.005076142131979711,0.0050761421319796,0.9644670050761421,0.9644670050761421,0.0,SQRT(ticket_250647)
titanic,Adaptive,7,0.02,181,0.005076142131979711,0.0050761421319796,0.9644670050761421,0.9644670050761421,0.0,SQRT(ticket_250647)
titanic,Adaptive,7,0.05,453,0.005076142131979711,0.0050761421319796,0.9644670050761421,0.9644670050761421,0.0,SQRT(ticket_250647)
titanic,Adaptive,7,0.1,907,0.005076142131979711,0.0050761421319796,0.9644670050761421,0.9644670050761421,0.0,SQRT(ticket_250647)
titanic,Adaptive,7,0.2,1814,0.005076142131979711,0.0050761421319796,0.9644670050761421,0.9644670050761421,0.0,SQRT(ticket_250647)
titanic,Adaptive,13,0.01,90,0.005076142131979711,0.0050761421319796,0.9390862944162437,0.9390862944162437,0.0,"LOG(name_Keane, Miss. Nora A)"
titanic,Adaptive,13,0.02,181,0.005076142131979711,0.0050761421319796,0.9390862944162437,0.9390862944162437,0.0,"LOG(name_Keane, Miss. Nora A)"
titanic,Adaptive,13,0.05,453,0.01015228426395931,0.0,0.9390862944162437,0.9390862944162437,0.0,LOG(ticket_364516)
titanic,Adaptive,13,0.1,907,0.01015228426395931,0.0,0.9390862944162437,0.9390862944162437,0.0,LOG(ticket_364516)
titanic,Adaptive,13,0.2,1814,0.01015228426395931,0.0,0.9390862944162437,0.9390862944162437,0.0,LOG(ticket_364516)
titanic,Adaptive,42,0.01,90,0.005076142131979711,0.0050761421319796,0.9593908629441624,0.9593908629441624,0.0,"ABS(home.dest_St Ives, Cornwall / Hancock, MI)"
titanic,Adaptive,42,0.02,181,0.005076142131979711,0.0050761421319796,0.9593908629441624,0.9593908629441624,0.0,"ABS(home.dest_St Ives, Cornwall / Hancock, MI)"
titanic,Adaptive,42,0.05,453,0.005076142131979711,0.0050761421319796,0.9593908629441624,0.9593908629441624,0.0,"ABS(home.dest_St Ives, Cornwall / Hancock, MI)"
titanic,Adaptive,42,0.1,907,0.005076142131979711,0.0050761421319796,0.9593908629441624,0.9593908629441624,0.0,"ABS(home.dest_St Ives, Cornwall / Hancock, MI)"
titanic,Adaptive,42,0.2,1814,0.01015228426395931,0.0,0.9593908629441624,0.9593908629441624,0.0,LOG(ticket_364516)
titanic,Adaptive,99,0.01,90,0.005076142131979711,0.0050761421319796,0.949238578680203,0.949238578680203,0.0,"LOG(name_Devaney, Miss. Margaret Delia)"
titanic,Adaptive,99,0.02,181,0.005076142131979711,0.0050761421319796,0.949238578680203,0.949238578680203,0.0,"LOG(name_Devaney, Miss. Margaret Delia)"
titanic,Adaptive,99,0.05,453,0.005076142131979711,0.0050761421319796,0.949238578680203,0.949238578680203,0.0,"LOG(name_Devaney, Miss. Margaret Delia)"
titanic,Adaptive,99,0.1,907,0.005076142131979711,0.0050761421319796,0.949238578680203,0.949238578680203,0.0,"LOG(name_Devaney, Miss. Margaret Delia)"
titanic,Adaptive,99,0.2,1814,0.01015228426395931,0.0,0.949238578680203,0.949238578680203,0.0,LOG(ticket_364516)
credit_g,Random,0,0.01,10,0.01333333333333342,0.013333333333333308,0.7266666666666667,0.7333333333333333,0.006666666666666599,"MUL(num_dependents,checking_status_>=200)"
credit_g,Random,0,0.02,20,0.01333333333333342,0.013333333333333308,0.7266666666666667,0.7333333333333333,0.006666666666666599,"MUL(num_dependents,checking_status_>=200)"
credit_g,Random,0,0.05,50,0.020000000000000018,0.00666666666666671,0.7266666666666667,0.7333333333333333,0.006666666666666599,"DIV(credit_history_existing paid,purpose_domestic appliance)"
credit_g,Random,0,0.1,100,0.020000000000000018,0.00666666666666671,0.7266666666666667,0.7333333333333333,0.006666666666666599,"DIV(credit_history_existing paid,purpose_domestic appliance)"
credit_g,Random,0,0.2,200,0.026666666666666727,0.0,0.7266666666666667,0.7266666666666667,0.0,"DIV(age,purpose_domestic appliance)"
credit_g,Random,7,0.01,10,0.01333333333333342,0.013333333333333308,0.8333333333333334,0.8266666666666667,-0.00666666666666671,"DIV(checking_status_>=200,checking_status_no checking)"
credit_g,Random,7,0.02,20,0.026666666666666727,0.0,0.8333333333333334,0.84,0.006666666666666599,"MUL(duration,credit_history_all paid)"
credit_g,Random,7,0.05,50,0.026666666666666727,0.0,0.8333333333333334,0.84,0.006666666666666599,"MUL(duration,credit_history_all paid)"
credit_g,Random,7,0.1,100,0.026666666666666727,0.0,0.8333333333333334,0.84,0.006666666666666599,"MUL(duration,credit_history_all paid)"
credit_g,Random,7,0.2,200,0.026666666666666727,0.0,0.8333333333333334,0.84,0.006666666666666599,"MUL(duration,credit_history_all paid)"
credit_g,Random,13,0.01,10,0.00666666666666671,0.020000000000000018,0.7266666666666667,0.7133333333333334,-0.013333333333333308,"DIV(checking_status_<0,credit_history_all paid)"
credit_g,Random,13,0.02,20,0.01333333333333342,0.013333333333333308,0.7266666666666667,0.7266666666666667,0.0,"DIV(credit_history_delayed previously,purpose_education)"
credit_g,Random,13,0.05,50,0.01333333333333342,0.013333333333333308,0.7266666666666667,0.7266666666666667,0.0,"DIV(credit_history_delayed previously,purpose_education)"
credit_g,Random,13,0.1,100,0.01333333333333342,0.013333333333333308,0.7266666666666667,0.7266666666666667,0.0,"DIV(credit_history_delayed previously,purpose_education)"
credit_g,Random,13,0.2,200,0.026666666666666727,0.0,0.7266666666666667,0.72,-0.00666666666666671,"DIV(credit_history_all paid,purpose_domestic appliance)"
credit_g,Random,42,0.01,10,0.00666666666666671,0.020000000000000018,0.8066666666666666,0.8066666666666666,0.0,"MUL(credit_history_all paid,purpose_domestic appliance)"
credit_g,Random,42,0.02,20,0.01333333333333342,0.013333333333333308,0.8066666666666666,0.7933333333333333,-0.013333333333333308,"DIV(checking_status_<0,credit_history_delayed previously)"
credit_g,Random,42,0.05,50,0.01333333333333342,0.013333333333333308,0.8066666666666666,0.7933333333333333,-0.013333333333333308,"DIV(checking_status_<0,credit_history_delayed previously)"
credit_g,Random,42,0.1,100,0.01333333333333342,0.013333333333333308,0.8066666666666666,0.7933333333333333,-0.013333333333333308,"DIV(checking_status_<0,credit_history_delayed previously)"
credit_g,Random,42,0.2,200,0.020000000000000018,0.00666666666666671,0.8066666666666666,0.8066666666666666,0.0,"DIV(credit_history_no credits/all paid,purpose_furniture/equipment)"
credit_g,Random,99,0.01,10,0.00666666666666671,0.020000000000000018,0.7333333333333333,0.7266666666666667,-0.006666666666666599,LOG(credit_history_all paid)
credit_g,Random,99,0.02,20,0.01333333333333342,0.013333333333333308,0.7333333333333333,0.72,-0.013333333333333308,"MUL(existing_credits,checking_status_>=200)"
credit_g,Random,99,0.05,50,0.020000000000000018,0.00666666666666671,0.7333333333333333,0.7333333333333333,0.0,"MUL(age,credit_history_all paid)"
credit_g,Random,99,0.1,100,0.020000000000000018,0.00666666666666671,0.7333333333333333,0.7333333333333333,0.0,"MUL(age,credit_history_all paid)"
credit_g,Random,99,0.2,200,0.020000000000000018,0.00666666666666671,0.7333333333333333,0.7333333333333333,0.0,"MUL(age,credit_history_all paid)"
credit_g,Transformation-Frequency,0,0.01,10,0.00666666666666671,0.020000000000000018,0.7266666666666667,0.72,-0.00666666666666671,LOG(savings_status_<100)
credit_g,Transformation-Frequency,0,0.02,20,0.00666666666666671,0.020000000000000018,0.7266666666666667,0.72,-0.00666666666666671,LOG(savings_status_<100)
credit_g,Transformation-Frequency,0,0.05,50,0.00666666666666671,0.020000000000000018,0.7266666666666667,0.72,-0.00666666666666671,LOG(savings_status_<100)
credit_g,Transformation-Frequency,0,0.1,100,0.00666666666666671,0.020000000000000018,0.7266666666666667,0.72,-0.00666666666666671,LOG(savings_status_<100)
credit_g,Transformation-Frequency,0,0.2,200,0.01333333333333342,0.013333333333333308,0.7266666666666667,0.72,-0.00666666666666671,"ADD(checking_status_0<=X<200,purpose_education)"
credit_g,Transformation-Frequency,7,0.01,10,0.00666666666666671,0.020000000000000018,0.8333333333333334,0.8333333333333334,0.0,LOG(purpose_education)
credit_g,Transformation-Frequency,7,0.02,20,0.00666666666666671,0.020000000000000018,0.8333333333333334,0.8333333333333334,0.0,LOG(purpose_education)
credit_g,Transformation-Frequency,7,0.05,50,0.00666666666666671,0.020000000000000018,0.8333333333333334,0.8333333333333334,0.0,LOG(purpose_education)
credit_g,Transformation-Frequency,7,0.1,100,0.00666666666666671,0.020000000000000018,0.8333333333333334,0.8333333333333334,0.0,LOG(purpose_education)
credit_g,Transformation-Frequency,7,0.2,200,0.01333333333333342,0.013333333333333308,0.8333333333333334,0.8333333333333334,0.0,"ADD(duration,purpose_education)"
credit_g,Transformation-Frequency,13,0.01,10,0.0,0.026666666666666727,0.7266666666666667,0.7266666666666667,0.0,LOG(job_skilled)
credit_g,Transformation-Frequency,13,0.02,20,0.00666666666666671,0.020000000000000018,0.7266666666666667,0.7266666666666667,0.0,LOG(savings_status_<100)
credit_g,Transformation-Frequency,13,0.05,50,0.00666666666666671,0.020000000000000018,0.7266666666666667,0.7266666666666667,0.0,LOG(savings_status_<100)
credit_g,Transformation-Frequency,13,0.1,100,0.00666666666666671,0.020000000000000018,0.7266666666666667,0.7266666666666667,0.0,LOG(savings_status_<100)
credit_g,Transformation-Frequency,13,0.2,200,0.01333333333333342,0.013333333333333308,0.7266666666666667,0.7266666666666667,0.0,"ADD(duration,purpose_education)"
credit_g,Transformation-Frequency,42,0.01,10,0.0,0.026666666666666727,0.8066666666666666,0.8066666666666666,0.0,LOG(checking_status_>=200)
credit_g,Transformation-Frequency,42,0.02,20,0.00666666666666671,0.020000000000000018,0.8066666666666666,0.8066666666666666,0.0,LOG(existing_credits)
credit_g,Transformation-Frequency,42,0.05,50,0.00666666666666671,0.020000000000000018,0.8066666666666666,0.8066666666666666,0.0,LOG(existing_credits)
credit_g,Transformation-Frequency,42,0.1,100,0.00666666666666671,0.020000000000000018,0.8066666666666666,0.8066666666666666,0.0,LOG(existing_credits)
credit_g,Transformation-Frequency,42,0.2,200,0.01333333333333342,0.013333333333333308,0.8066666666666666,0.8066666666666666,0.0,"ADD(checking_status_0<=X<200,purpose_education)"
credit_g,Transformation-Frequency,99,0.01,10,0.00666666666666671,0.020000000000000018,0.7333333333333333,0.7266666666666667,-0.006666666666666599,LOG(credit_history_all paid)
credit_g,Transformation-Frequency,99,0.02,20,0.00666666666666671,0.020000000000000018,0.7333333333333333,0.7266666666666667,-0.006666666666666599,LOG(credit_history_all paid)
credit_g,Transformation-Frequency,99,0.05,50,0.00666666666666671,0.020000000000000018,0.7333333333333333,0.7266666666666667,-0.006666666666666599,LOG(credit_history_all paid)
credit_g,Transformation-Frequency,99,0.1,100,0.01333333333333342,0.013333333333333308,0.7333333333333333,0.7333333333333333,0.0,"ADD(checking_status_0<=X<200,purpose_education)"
credit_g,Transformation-Frequency,99,0.2,200,0.01333333333333342,0.013333333333333308,0.7333333333333333,0.7333333333333333,0.0,"ADD(checking_status_0<=X<200,purpose_education)"
credit_g,Similarity-Prior,0,0.01,10,0.00666666666666671,0.020000000000000018,0.7266666666666667,0.72,-0.00666666666666671,LOG(savings_status_<100)
credit_g,Similarity-Prior,0,0.02,20,0.00666666666666671,0.020000000000000018,0.7266666666666667,0.72,-0.00666666666666671,LOG(savings_status_<100)
credit_g,Similarity-Prior,0,0.05,50,0.00666666666666671,0.020000000000000018,0.7266666666666667,0.72,-0.00666666666666671,LOG(savings_status_<100)
credit_g,Similarity-Prior,0,0.1,100,0.00666666666666671,0.020000000000000018,0.7266666666666667,0.72,-0.00666666666666671,LOG(savings_status_<100)
credit_g,Similarity-Prior,0,0.2,200,0.01333333333333342,0.013333333333333308,0.7266666666666667,0.72,-0.00666666666666671,SQRT(credit_amount)
credit_g,Similarity-Prior,7,0.01,10,0.00666666666666671,0.020000000000000018,0.8333333333333334,0.8333333333333334,0.0,LOG(purpose_education)
credit_g,Similarity-Prior,7,0.02,20,0.00666666666666671,0.020000000000000018,0.8333333333333334,0.8333333333333334,0.0,LOG(purpose_education)
credit_g,Similarity-Prior,7,0.05,50,0.00666666666666671,0.020000000000000018,0.8333333333333334,0.8333333333333334,0.0,LOG(purpose_education)
credit_g,Similarity-Prior,7,0.1,100,0.00666666666666671,0.020000000000000018,0.8333333333333334,0.8333333333333334,0.0,LOG(purpose_education)
credit_g,Similarity-Prior,7,0.2,200,0.01333333333333342,0.013333333333333308,0.8333333333333334,0.84,0.006666666666666599,SQRT(credit_amount)
credit_g,Similarity-Prior,13,0.01,10,0.0,0.026666666666666727,0.7266666666666667,0.7266666666666667,0.0,LOG(job_skilled)
credit_g,Similarity-Prior,13,0.02,20,0.00666666666666671,0.020000000000000018,0.7266666666666667,0.7266666666666667,0.0,LOG(savings_status_<100)
credit_g,Similarity-Prior,13,0.05,50,0.00666666666666671,0.020000000000000018,0.7266666666666667,0.7266666666666667,0.0,LOG(savings_status_<100)
credit_g,Similarity-Prior,13,0.1,100,0.00666666666666671,0.020000000000000018,0.7266666666666667,0.7266666666666667,0.0,LOG(savings_status_<100)
credit_g,Similarity-Prior,13,0.2,200,0.01333333333333342,0.013333333333333308,0.7266666666666667,0.7266666666666667,0.0,SQRT(credit_amount)
credit_g,Similarity-Prior,42,0.01,10,0.0,0.026666666666666727,0.8066666666666666,0.8066666666666666,0.0,LOG(checking_status_>=200)
credit_g,Similarity-Prior,42,0.02,20,0.00666666666666671,0.020000000000000018,0.8066666666666666,0.8066666666666666,0.0,LOG(existing_credits)
credit_g,Similarity-Prior,42,0.05,50,0.00666666666666671,0.020000000000000018,0.8066666666666666,0.8066666666666666,0.0,LOG(existing_credits)
credit_g,Similarity-Prior,42,0.1,100,0.00666666666666671,0.020000000000000018,0.8066666666666666,0.8066666666666666,0.0,LOG(existing_credits)
credit_g,Similarity-Prior,42,0.2,200,0.01333333333333342,0.013333333333333308,0.8066666666666666,0.8133333333333334,0.00666666666666671,SQRT(credit_amount)
credit_g,Similarity-Prior,99,0.01,10,0.00666666666666671,0.020000000000000018,0.7333333333333333,0.7266666666666667,-0.006666666666666599,LOG(credit_history_all paid)
credit_g,Similarity-Prior,99,0.02,20,0.00666666666666671,0.020000000000000018,0.7333333333333333,0.7266666666666667,-0.006666666666666599,LOG(credit_history_all paid)
credit_g,Similarity-Prior,99,0.05,50,0.00666666666666671,0.020000000000000018,0.7333333333333333,0.7266666666666667,-0.006666666666666599,LOG(credit_history_all paid)
credit_g,Similarity-Prior,99,0.1,100,0.00666666666666671,0.020000000000000018,0.7333333333333333,0.7266666666666667,-0.006666666666666599,LOG(credit_history_all paid)
credit_g,Similarity-Prior,99,0.2,200,0.01333333333333342,0.013333333333333308,0.7333333333333333,0.7266666666666667,-0.006666666666666599,SQRT(credit_amount)
credit_g,Adaptive,0,0.01,10,0.020000000000000018,0.00666666666666671,0.7266666666666667,0.7333333333333333,0.006666666666666599,"DIV(credit_history_existing paid,purpose_domestic appliance)"
credit_g,Adaptive,0,0.02,20,0.020000000000000018,0.00666666666666671,0.7266666666666667,0.7333333333333333,0.006666666666666599,"DIV(credit_history_existing paid,purpose_domestic appliance)"
credit_g,Adaptive,0,0.05,50,0.026666666666666727,0.0,0.7266666666666667,0.7266666666666667,0.0,"DIV(credit_history_all paid,purpose_domestic appliance)"
credit_g,Adaptive,0,0.1,100,0.026666666666666727,0.0,0.7266666666666667,0.7266666666666667,0.0,"DIV(credit_history_all paid,purpose_domestic appliance)"
credit_g,Adaptive,0,0.2,200,0.026666666666666727,0.0,0.7266666666666667,0.7266666666666667,0.0,"DIV(credit_history_all paid,purpose_domestic appliance)"
credit_g,Adaptive,7,0.01,10,0.020000000000000018,0.00666666666666671,0.8333333333333334,0.8333333333333334,0.0,"DIV(credit_history_existing paid,purpose_domestic appliance)"
credit_g,Adaptive,7,0.02,20,0.020000000000000018,0.00666666666666671,0.8333333333333334,0.8333333333333334,0.0,"DIV(credit_history_existing paid,purpose_domestic appliance)"
credit_g,Adaptive,7,0.05,50,0.020000000000000018,0.00666666666666671,0.8333333333333334,0.8333333333333334,0.0,"DIV(credit_history_existing paid,purpose_domestic appliance)"
credit_g,Adaptive,7,0.1,100,0.026666666666666727,0.0,0.8333333333333334,0.8333333333333334,0.0,"DIV(credit_history_all paid,purpose_domestic appliance)"
credit_g,Adaptive,7,0.2,200,0.026666666666666727,0.0,0.8333333333333334,0.8333333333333334,0.0,"DIV(credit_history_all paid,purpose_domestic appliance)"
credit_g,Adaptive,13,0.01,10,0.01333333333333342,0.013333333333333308,0.7266666666666667,0.7266666666666667,0.0,"DIV(credit_history_delayed previously,purpose_education)"
credit_g,Adaptive,13,0.02,20,0.020000000000000018,0.00666666666666671,0.7266666666666667,0.72,-0.00666666666666671,"DIV(num_dependents,credit_history_all paid)"
credit_g,Adaptive,13,0.05,50,0.026666666666666727,0.0,0.7266666666666667,0.72,-0.00666666666666671,"DIV(credit_history_all paid,purpose_domestic appliance)"
credit_g,Adaptive,13,0.1,100,0.026666666666666727,0.0,0.7266666666666667,0.72,-0.00666666666666671,"DIV(credit_history_all paid,purpose_domestic appliance)"
credit_g,Adaptive,13,0.2,200,0.026666666666666727,0.0,0.7266666666666667,0.72,-0.00666666666666671,"DIV(credit_history_all paid,purpose_domestic appliance)"
credit_g,Adaptive,42,0.01,10,0.00666666666666671,0.020000000000000018,0.8066666666666666,0.8066666666666666,0.0,"MUL(credit_history_all paid,purpose_domestic appliance)"
credit_g,Adaptive,42,0.02,20,0.01333333333333342,0.013333333333333308,0.8066666666666666,0.8133333333333334,0.00666666666666671,"MUL(duration,checking_status_no checking)"
credit_g,Adaptive,42,0.05,50,0.01333333333333342,0.013333333333333308,0.8066666666666666,0.8133333333333334,0.00666666666666671,"MUL(duration,checking_status_no checking)"
credit_g,Adaptive,42,0.1,100,0.020000000000000018,0.00666666666666671,0.8066666666666666,0.8,-0.006666666666666599,"MUL(existing_credits,credit_history_critical/other existing credit)"
credit_g,Adaptive,42,0.2,200,0.026666666666666727,0.0,0.8066666666666666,0.8,-0.006666666666666599,"MUL(duration,credit_history_all paid)"
credit_g,Adaptive,99,0.01,10,0.00666666666666671,0.020000000000000018,0.7333333333333333,0.7266666666666667,-0.006666666666666599,LOG(credit_history_all paid)
credit_g,Adaptive,99,0.02,20,0.00666666666666671,0.020000000000000018,0.7333333333333333,0.7266666666666667,-0.006666666666666599,LOG(credit_history_all paid)
credit_g,Adaptive,99,0.05,50,0.00666666666666671,0.020000000000000018,0.7333333333333333,0.7266666666666667,-0.006666666666666599,LOG(credit_history_all paid)
credit_g,Adaptive,99,0.1,100,0.020000000000000018,0.00666666666666671,0.7333333333333333,0.7466666666666667,0.01333333333333342,"MUL(existing_credits,credit_history_critical/other existing credit)"
credit_g,Adaptive,99,0.2,200,0.020000000000000018,0.00666666666666671,0.7333333333333333,0.7466666666666667,0.01333333333333342,"MUL(existing_credits,credit_history_critical/other existing credit)"
blood_transfusion,Random,0,0.01,6,0.017699115044247815,0.026548672566371723,0.7079646017699115,0.7345132743362832,0.026548672566371723,"MUL(V1,V3)"
blood_transfusion,Random,0,0.2,8,0.017699115044247815,0.026548672566371723,0.7079646017699115,0.7345132743362832,0.026548672566371723,"MUL(V1,V3)"
blood_transfusion,Random,7,0.01,6,0.008849557522123908,0.03539823008849563,0.7699115044247787,0.7699115044247787,0.0,"DIV(V3,V4)"
blood_transfusion,Random,7,0.2,8,0.017699115044247815,0.026548672566371723,0.7699115044247787,0.7610619469026548,-0.008849557522123908,"MUL(V1,V3)"
blood_transfusion,Random,13,0.01,6,0.017699115044247815,0.026548672566371723,0.7433628318584071,0.7522123893805309,0.008849557522123797,"MUL(V1,V2)"
blood_transfusion,Random,13,0.2,8,0.03539823008849563,0.008849557522123908,0.7433628318584071,0.7699115044247787,0.02654867256637161,"MUL(V2,V4)"
blood_transfusion,Random,42,0.01,6,0.03539823008849563,0.008849557522123908,0.7610619469026548,0.7699115044247787,0.008849557522123908,"MUL(V3,V4)"
blood_transfusion,Random,42,0.2,8,0.03539823008849563,0.008849557522123908,0.7610619469026548,0.7699115044247787,0.008849557522123908,"MUL(V3,V4)"
blood_transfusion,Random,99,0.01,6,0.0,0.04424778761061954,0.7787610619469026,0.7787610619469026,0.0,"SUB(V3,V4)"
blood_transfusion,Random,99,0.2,8,0.04424778761061954,0.0,0.7787610619469026,0.7964601769911505,0.017699115044247815,SQUARE(V4)
blood_transfusion,Transformation-Frequency,0,0.01,6,0.026548672566371723,0.017699115044247815,0.7079646017699115,0.7610619469026548,0.053097345132743334,LOG(V2)
blood_transfusion,Transformation-Frequency,0,0.2,8,0.026548672566371723,0.017699115044247815,0.7079646017699115,0.7610619469026548,0.053097345132743334,LOG(V2)
blood_transfusion,Transformation-Frequency,7,0.01,6,0.026548672566371723,0.017699115044247815,0.7699115044247787,0.7699115044247787,0.0,LOG(V3)
blood_transfusion,Transformation-Frequency,7,0.2,8,0.026548672566371723,0.017699115044247815,0.7699115044247787,0.7699115044247787,0.0,LOG(V3)
blood_transfusion,Transformation-Frequency,13,0.01,6,0.026548672566371723,0.017699115044247815,0.7433628318584071,0.7610619469026548,0.017699115044247704,LOG(V2)
blood_transfusion,Transformation-Frequency,13,0.2,8,0.026548672566371723,0.017699115044247815,0.7433628318584071,0.7610619469026548,0.017699115044247704,LOG(V2)
blood_transfusion,Transformation-Frequency,42,0.01,6,0.026548672566371723,0.017699115044247815,0.7610619469026548,0.7699115044247787,0.008849557522123908,LOG(V3)
blood_transfusion,Transformation-Frequency,42,0.2,8,0.026548672566371723,0.017699115044247815,0.7610619469026548,0.7699115044247787,0.008849557522123908,LOG(V3)
blood_transfusion,Transformation-Frequency,99,0.01,6,0.026548672566371723,0.017699115044247815,0.7787610619469026,0.8141592920353983,0.03539823008849563,LOG(V3)
blood_transfusion,Transformation-Frequency,99,0.2,8,0.026548672566371723,0.017699115044247815,0.7787610619469026,0.8141592920353983,0.03539823008849563,LOG(V3)
blood_transfusion,Similarity-Prior,0,0.01,6,0.0,0.04424778761061954,0.7079646017699115,0.7079646017699115,0.0,"ADD(V2,V3)"
blood_transfusion,Similarity-Prior,0,0.2,8,0.0,0.04424778761061954,0.7079646017699115,0.7079646017699115,0.0,"ADD(V2,V3)"
blood_transfusion,Similarity-Prior,7,0.01,6,0.0,0.04424778761061954,0.7699115044247787,0.7699115044247787,0.0,"ADD(V1,V3)"
blood_transfusion,Similarity-Prior,7,0.2,8,0.0,0.04424778761061954,0.7699115044247787,0.7699115044247787,0.0,"ADD(V1,V3)"
blood_transfusion,Similarity-Prior,13,0.01,6,0.0,0.04424778761061954,0.7433628318584071,0.7433628318584071,0.0,"ADD(V2,V3)"
blood_transfusion,Similarity-Prior,13,0.2,8,0.0,0.04424778761061954,0.7433628318584071,0.7433628318584071,0.0,"ADD(V2,V3)"
blood_transfusion,Similarity-Prior,42,0.01,6,0.0,0.04424778761061954,0.7610619469026548,0.7610619469026548,0.0,"ADD(V3,V4)"
blood_transfusion,Similarity-Prior,42,0.2,8,0.0,0.04424778761061954,0.7610619469026548,0.7610619469026548,0.0,"ADD(V3,V4)"
blood_transfusion,Similarity-Prior,99,0.01,6,0.0,0.04424778761061954,0.7787610619469026,0.7787610619469026,0.0,"ADD(V3,V4)"
blood_transfusion,Similarity-Prior,99,0.2,8,0.0,0.04424778761061954,0.7787610619469026,0.7787610619469026,0.0,"ADD(V3,V4)"
blood_transfusion,Adaptive,0,0.01,6,0.017699115044247815,0.026548672566371723,0.7079646017699115,0.7345132743362832,0.026548672566371723,"MUL(V1,V3)"
blood_transfusion,Adaptive,0,0.2,8,0.017699115044247815,0.026548672566371723,0.7079646017699115,0.7345132743362832,0.026548672566371723,"MUL(V1,V3)"
blood_transfusion,Adaptive,7,0.01,6,0.008849557522123908,0.03539823008849563,0.7699115044247787,0.7699115044247787,0.0,"DIV(V3,V4)"
blood_transfusion,Adaptive,7,0.2,8,0.03539823008849563,0.008849557522123908,0.7699115044247787,0.7610619469026548,-0.008849557522123908,"MUL(V3,V4)"
blood_transfusion,Adaptive,13,0.01,6,0.017699115044247815,0.026548672566371723,0.7433628318584071,0.7522123893805309,0.008849557522123797,"MUL(V1,V2)"
blood_transfusion,Adaptive,13,0.2,8,0.017699115044247815,0.026548672566371723,0.7433628318584071,0.7522123893805309,0.008849557522123797,"MUL(V1,V2)"
blood_transfusion,Adaptive,42,0.01,6,0.03539823008849563,0.008849557522123908,0.7610619469026548,0.7699115044247787,0.008849557522123908,"MUL(V3,V4)"
blood_transfusion,Adaptive,42,0.2,8,0.03539823008849563,0.008849557522123908,0.7610619469026548,0.7699115044247787,0.008849557522123908,"MUL(V3,V4)"
blood_transfusion,Adaptive,99,0.01,6,0.0,0.04424778761061954,0.7787610619469026,0.7787610619469026,0.0,"SUB(V3,V4)"
blood_transfusion,Adaptive,99,0.2,8,0.04424778761061954,0.0,0.7787610619469026,0.7964601769911505,0.017699115044247815,SQUARE(V4)
vehicle,Random,0,0.01,6,0.007874015748031482,0.03149606299212604,0.7401574803149606,0.7322834645669292,-0.007874015748031482,"SUB(MAX.LENGTH_RECTANGULARITY,SCALED_VARIANCE_MINOR)"
vehicle,Random,0,0.02,13,0.023622047244094557,0.015748031496062964,0.7401574803149606,0.7559055118110236,0.015748031496062964,"MUL(MAX.LENGTH_ASPECT_RATIO,KURTOSIS_ABOUT_MINOR)"
vehicle,Random,0,0.05,34,0.023622047244094557,0.015748031496062964,0.7401574803149606,0.7559055118110236,0.015748031496062964,"MUL(MAX.LENGTH_ASPECT_RATIO,KURTOSIS_ABOUT_MINOR)"
vehicle,Random,0,0.1,68,0.023622047244094557,0.015748031496062964,0.7401574803149606,0.7559055118110236,0.015748031496062964,"MUL(MAX.LENGTH_ASPECT_RATIO,KURTOSIS_ABOUT_MINOR)"
vehicle,Random,0,0.2,136,0.03149606299212604,0.007874015748031482,0.7401574803149606,0.7480314960629921,0.007874015748031482,"MUL(MAX.LENGTH_ASPECT_RATIO,ELONGATEDNESS)"
vehicle,Random,7,0.01,6,0.023622047244094557,0.015748031496062964,0.8188976377952756,0.8188976377952756,0.0,"DIV(SCALED_VARIANCE_MAJOR,SCALED_VARIANCE_MINOR)"
vehicle,Random,7,0.02,13,0.023622047244094557,0.015748031496062964,0.8188976377952756,0.8188976377952756,0.0,"DIV(SCALED_VARIANCE_MAJOR,SCALED_VARIANCE_MINOR)"
vehicle,Random,7,0.05,34,0.023622047244094557,0.015748031496062964,0.8188976377952756,0.8188976377952756,0.0,"DIV(SCALED_VARIANCE_MAJOR,SCALED_VARIANCE_MINOR)"
vehicle,Random,7,0.1,68,0.023622047244094557,0.015748031496062964,0.8188976377952756,0.8188976377952756,0.0,"DIV(SCALED_VARIANCE_MAJOR,SCALED_VARIANCE_MINOR)"
vehicle,Random,7,0.2,136,0.023622047244094557,0.015748031496062964,0.8188976377952756,0.8188976377952756,0.0,"DIV(SCALED_VARIANCE_MAJOR,SCALED_VARIANCE_MINOR)"
vehicle,Random,13,0.01,6,0.007874015748031482,0.03149606299212604,0.7952755905511811,0.7952755905511811,0.0,"DIV(SCALED_VARIANCE_MAJOR,KURTOSIS_ABOUT_MINOR)"
vehicle,Random,13,0.02,13,0.007874015748031482,0.03149606299212604,0.7952755905511811,0.7952755905511811,0.0,"DIV(SCALED_VARIANCE_MAJOR,KURTOSIS_ABOUT_MINOR)"
vehicle,Random,13,0.05,34,0.015748031496062964,0.023622047244094557,0.7952755905511811,0.7952755905511811,0.0,"ADD(MAX.LENGTH_ASPECT_RATIO,MAX.LENGTH_RECTANGULARITY)"
vehicle,Random,13,0.1,68,0.015748031496062964,0.023622047244094557,0.7952755905511811,0.7952755905511811,0.0,"ADD(MAX.LENGTH_ASPECT_RATIO,MAX.LENGTH_RECTANGULARITY)"
vehicle,Random,13,0.2,136,0.03149606299212604,0.007874015748031482,0.7952755905511811,0.8267716535433071,0.03149606299212593,"MUL(CIRCULARITY,MAX.LENGTH_ASPECT_RATIO)"
vehicle,Random,42,0.01,6,0.007874015748031482,0.03149606299212604,0.7795275590551181,0.7795275590551181,0.0,"DIV(SCATTER_RATIO,PR.AXIS_RECTANGULARITY)"
vehicle,Random,42,0.02,13,0.015748031496062964,0.023622047244094557,0.7795275590551181,0.7952755905511811,0.015748031496063075,"MUL(MAX.LENGTH_ASPECT_RATIO,HOLLOWS_RATIO)"
vehicle,Random,42,0.05,34,0.023622047244094557,0.015748031496062964,0.7795275590551181,0.7795275590551181,0.0,ABS(KURTOSIS_ABOUT_MAJOR)
vehicle,Random,42,0.1,68,0.03149606299212604,0.007874015748031482,0.7795275590551181,0.7952755905511811,0.015748031496063075,"MUL(COMPACTNESS,MAX.LENGTH_ASPECT_RATIO)"
vehicle,Random,42,0.2,136,0.03149606299212604,0.007874015748031482,0.7795275590551181,0.7952755905511811,0.015748031496063075,"MUL(COMPACTNESS,MAX.LENGTH_ASPECT_RATIO)"
vehicle,Random,99,0.01,6,0.007874015748031482,0.03149606299212604,0.7874015748031497,0.7874015748031497,0.0,"ADD(CIRCULARITY,KURTOSIS_ABOUT_MINOR)"
vehicle,Random,99,0.02,13,0.015748031496062964,0.023622047244094557,0.7874015748031497,0.7874015748031497,0.0,"ADD(CIRCULARITY,SKEWNESS_ABOUT_MAJOR)"
vehicle,Random,99,0.05,34,0.015748031496062964,0.023622047244094557,0.7874015748031497,0.7874015748031497,0.0,"ADD(CIRCULARITY,SKEWNESS_ABOUT_MAJOR)"
vehicle,Random,99,0.1,68,0.03149606299212604,0.007874015748031482,0.7874015748031497,0.7874015748031497,0.0,"MUL(MAX.LENGTH_ASPECT_RATIO,SCALED_RADIUS_OF_GYRATION)"
vehicle,Random,99,0.2,136,0.03149606299212604,0.007874015748031482,0.7874015748031497,0.7874015748031497,0.0,"MUL(MAX.LENGTH_ASPECT_RATIO,SCALED_RADIUS_OF_GYRATION)"
vehicle,Transformation-Frequency,0,0.01,6,0.015748031496062964,0.023622047244094557,0.7401574803149606,0.7559055118110236,0.015748031496062964,LOG(COMPACTNESS)
vehicle,Transformation-Frequency,0,0.02,13,0.015748031496062964,0.023622047244094557,0.7401574803149606,0.7559055118110236,0.015748031496062964,LOG(COMPACTNESS)
vehicle,Transformation-Frequency,0,0.05,34,0.023622047244094557,0.015748031496062964,0.7401574803149606,0.7322834645669292,-0.007874015748031482,"DIV(MAX.LENGTH_ASPECT_RATIO,HOLLOWS_RATIO)"
vehicle,Transformation-Frequency,0,0.1,68,0.023622047244094557,0.015748031496062964,0.7401574803149606,0.7322834645669292,-0.007874015748031482,"DIV(MAX.LENGTH_ASPECT_RATIO,HOLLOWS_RATIO)"
vehicle,Transformation-Frequency,0,0.2,136,0.023622047244094557,0.015748031496062964,0.7401574803149606,0.7322834645669292,-0.007874015748031482,"DIV(MAX.LENGTH_ASPECT_RATIO,HOLLOWS_RATIO)"
vehicle,Transformation-Frequency,7,0.01,6,0.007874015748031482,0.03149606299212604,0.8188976377952756,0.8110236220472441,-0.007874015748031482,LOG(HOLLOWS_RATIO)
vehicle,Transformation-Frequency,7,0.02,13,0.015748031496062964,0.023622047244094557,0.8188976377952756,0.8188976377952756,0.0,LOG(SKEWNESS_ABOUT_MINOR)
vehicle,Transformation-Frequency,7,0.05,34,0.023622047244094557,0.015748031496062964,0.8188976377952756,0.8188976377952756,0.0,"DIV(SCALED_VARIANCE_MAJOR,SCALED_VARIANCE_MINOR)"
vehicle,Transformation-Frequency,7,0.1,68,0.023622047244094557,0.015748031496062964,0.8188976377952756,0.8188976377952756,0.0,"DIV(SCALED_VARIANCE_MAJOR,SCALED_VARIANCE_MINOR)"
vehicle,Transformation-Frequency,7,0.2,136,0.023622047244094557,0.015748031496062964,0.8188976377952756,0.8188976377952756,0.0,"DIV(SCALED_VARIANCE_MAJOR,SCALED_VARIANCE_MINOR)"
vehicle,Transformation-Frequency,13,0.01,6,0.015748031496062964,0.023622047244094557,0.7952755905511811,0.8188976377952756,0.023622047244094446,LOG(RADIUS_RATIO)
vehicle,Transformation-Frequency,13,0.02,13,0.015748031496062964,0.023622047244094557,0.7952755905511811,0.8188976377952756,0.023622047244094446,LOG(RADIUS_RATIO)
vehicle,Transformation-Frequency,13,0.05,34,0.015748031496062964,0.023622047244094557,0.7952755905511811,0.8188976377952756,0.023622047244094446,LOG(RADIUS_RATIO)
vehicle,Transformation-Frequency,13,0.1,68,0.023622047244094557,0.015748031496062964,0.7952755905511811,0.7716535433070866,-0.023622047244094557,"DIV(MAX.LENGTH_ASPECT_RATIO,HOLLOWS_RATIO)"
vehicle,Transformation-Frequency,13,0.2,136,0.023622047244094557,0.015748031496062964,0.7952755905511811,0.7716535433070866,-0.023622047244094557,"DIV(MAX.LENGTH_ASPECT_RATIO,HOLLOWS_RATIO)"
vehicle,Transformation-Frequency,42,0.01,6,0.015748031496062964,0.023622047244094557,0.7795275590551181,0.7874015748031497,0.007874015748031593,LOG(CIRCULARITY)
vehicle,Transformation-Frequency,42,0.02,13,0.015748031496062964,0.023622047244094557,0.7795275590551181,0.7874015748031497,0.007874015748031593,LOG(CIRCULARITY)
vehicle,Transformation-Frequency,42,0.05,34,0.015748031496062964,0.023622047244094557,0.7795275590551181,0.7874015748031497,0.007874015748031593,LOG(CIRCULARITY)
vehicle,Transformation-Frequency,42,0.1,68,0.023622047244094557,0.015748031496062964,0.7795275590551181,0.7795275590551181,0.0,"DIV(SCALED_VARIANCE_MAJOR,SCALED_VARIANCE_MINOR)"
vehicle,Transformation-Frequency,42,0.2,136,0.023622047244094557,0.015748031496062964,0.7795275590551181,0.7795275590551181,0.0,"DIV(SCALED_VARIANCE_MAJOR,SCALED_VARIANCE_MINOR)"
vehicle,Transformation-Frequency,99,0.01,6,0.015748031496062964,0.023622047244094557,0.7874015748031497,0.7874015748031497,0.0,LOG(SKEWNESS_ABOUT_MINOR)
vehicle,Transformation-Frequency,99,0.02,13,0.015748031496062964,0.023622047244094557,0.7874015748031497,0.7874015748031497,0.0,LOG(SKEWNESS_ABOUT_MINOR)
vehicle,Transformation-Frequency,99,0.05,34,0.015748031496062964,0.023622047244094557,0.7874015748031497,0.7874015748031497,0.0,LOG(SKEWNESS_ABOUT_MINOR)
vehicle,Transformation-Frequency,99,0.1,68,0.023622047244094557,0.015748031496062964,0.7874015748031497,0.7874015748031497,0.0,"DIV(MAX.LENGTH_ASPECT_RATIO,HOLLOWS_RATIO)"
vehicle,Transformation-Frequency,99,0.2,136,0.023622047244094557,0.015748031496062964,0.7874015748031497,0.7874015748031497,0.0,"DIV(MAX.LENGTH_ASPECT_RATIO,HOLLOWS_RATIO)"
vehicle,Similarity-Prior,0,0.01,6,0.015748031496062964,0.023622047244094557,0.7401574803149606,0.7559055118110236,0.015748031496062964,LOG(COMPACTNESS)
vehicle,Similarity-Prior,0,0.02,13,0.015748031496062964,0.023622047244094557,0.7401574803149606,0.7559055118110236,0.015748031496062964,LOG(COMPACTNESS)
vehicle,Similarity-Prior,0,0.05,34,0.023622047244094557,0.015748031496062964,0.7401574803149606,0.7480314960629921,0.007874015748031482,SQUARE(KURTOSIS_ABOUT_MINOR)
vehicle,Similarity-Prior,0,0.1,68,0.023622047244094557,0.015748031496062964,0.7401574803149606,0.7480314960629921,0.007874015748031482,SQUARE(KURTOSIS_ABOUT_MINOR)
vehicle,Similarity-Prior,0,0.2,136,0.023622047244094557,0.015748031496062964,0.7401574803149606,0.7480314960629921,0.007874015748031482,SQUARE(KURTOSIS_ABOUT_MINOR)
vehicle,Similarity-Prior,7,0.01,6,0.007874015748031482,0.03149606299212604,0.8188976377952756,0.8110236220472441,-0.007874015748031482,LOG(HOLLOWS_RATIO)
vehicle,Similarity-Prior,7,0.02,13,0.015748031496062964,0.023622047244094557,0.8188976377952756,0.8188976377952756,0.0,LOG(SKEWNESS_ABOUT_MINOR)
vehicle,Similarity-Prior,7,0.05,34,0.015748031496062964,0.023622047244094557,0.8188976377952756,0.8188976377952756,0.0,LOG(SKEWNESS_ABOUT_MINOR)
vehicle,Similarity-Prior,7,0.1,68,0.023622047244094557,0.015748031496062964,0.8188976377952756,0.7952755905511811,-0.023622047244094446,SQUARE(KURTOSIS_ABOUT_MINOR)
vehicle,Similarity-Prior,7,0.2,136,0.023622047244094557,0.015748031496062964,0.8188976377952756,0.7952755905511811,-0.023622047244094446,SQUARE(KURTOSIS_ABOUT_MINOR)
vehicle,Similarity-Prior,13,0.01,6,0.015748031496062964,0.023622047244094557,0.7952755905511811,0.8188976377952756,0.023622047244094446,LOG(RADIUS_RATIO)
vehicle,Similarity-Prior,13,0.02,13,0.015748031496062964,0.023622047244094557,0.7952755905511811,0.8188976377952756,0.023622047244094446,LOG(RADIUS_RATIO)
vehicle,Similarity-Prior,13,0.05,34,0.023622047244094557,0.015748031496062964,0.7952755905511811,0.8267716535433071,0.03149606299212593,SQUARE(KURTOSIS_ABOUT_MINOR)
vehicle,Similarity-Prior,13,0.1,68,0.023622047244094557,0.015748031496062964,0.7952755905511811,0.8267716535433071,0.03149606299212593,SQUARE(KURTOSIS_ABOUT_MINOR)
vehicle,Similarity-Prior,13,0.2,136,0.023622047244094557,0.015748031496062964,0.7952755905511811,0.8267716535433071,0.03149606299212593,SQUARE(KURTOSIS_ABOUT_MINOR)
vehicle,Similarity-Prior,42,0.01,6,0.015748031496062964,0.023622047244094557,0.7795275590551181,0.7874015748031497,0.007874015748031593,LOG(CIRCULARITY)
vehicle,Similarity-Prior,42,0.02,13,0.015748031496062964,0.023622047244094557,0.7795275590551181,0.7874015748031497,0.007874015748031593,LOG(CIRCULARITY)
vehicle,Similarity-Prior,42,0.05,34,0.023622047244094557,0.015748031496062964,0.7795275590551181,0.7952755905511811,0.015748031496063075,SQUARE(KURTOSIS_ABOUT_MINOR)
vehicle,Similarity-Prior,42,0.1,68,0.023622047244094557,0.015748031496062964,0.7795275590551181,0.7952755905511811,0.015748031496063075,SQUARE(KURTOSIS_ABOUT_MINOR)
vehicle,Similarity-Prior,42,0.2,136,0.023622047244094557,0.015748031496062964,0.7795275590551181,0.7952755905511811,0.015748031496063075,SQUARE(KURTOSIS_ABOUT_MINOR)
vehicle,Similarity-Prior,99,0.01,6,0.015748031496062964,0.023622047244094557,0.7874015748031497,0.7874015748031497,0.0,LOG(SKEWNESS_ABOUT_MINOR)
vehicle,Similarity-Prior,99,0.02,13,0.015748031496062964,0.023622047244094557,0.7874015748031497,0.7874015748031497,0.0,LOG(SKEWNESS_ABOUT_MINOR)
vehicle,Similarity-Prior,99,0.05,34,0.023622047244094557,0.015748031496062964,0.7874015748031497,0.7952755905511811,0.007874015748031482,SQUARE(KURTOSIS_ABOUT_MINOR)
vehicle,Similarity-Prior,99,0.1,68,0.023622047244094557,0.015748031496062964,0.7874015748031497,0.7952755905511811,0.007874015748031482,SQUARE(KURTOSIS_ABOUT_MINOR)
vehicle,Similarity-Prior,99,0.2,136,0.023622047244094557,0.015748031496062964,0.7874015748031497,0.7952755905511811,0.007874015748031482,SQUARE(KURTOSIS_ABOUT_MINOR)
vehicle,Adaptive,0,0.01,6,0.007874015748031482,0.03149606299212604,0.7401574803149606,0.7322834645669292,-0.007874015748031482,"SUB(MAX.LENGTH_RECTANGULARITY,SCALED_VARIANCE_MINOR)"
vehicle,Adaptive,0,0.02,13,0.023622047244094557,0.015748031496062964,0.7401574803149606,0.7322834645669292,-0.007874015748031482,"DIV(SCALED_VARIANCE_MAJOR,SCALED_VARIANCE_MINOR)"
vehicle,Adaptive,0,0.05,34,0.023622047244094557,0.015748031496062964,0.7401574803149606,0.7322834645669292,-0.007874015748031482,"DIV(SCALED_VARIANCE_MAJOR,SCALED_VARIANCE_MINOR)"
vehicle,Adaptive,0,0.1,68,0.03149606299212604,0.007874015748031482,0.7401574803149606,0.7401574803149606,0.0,"MUL(MAX.LENGTH_ASPECT_RATIO,SCALED_RADIUS_OF_GYRATION)"
vehicle,Adaptive,0,0.2,136,0.03937007874015752,0.0,0.7401574803149606,0.7716535433070866,0.03149606299212593,"MUL(MAX.LENGTH_ASPECT_RATIO,MAX.LENGTH_RECTANGULARITY)"
vehicle,Adaptive,7,0.01,6,0.023622047244094557,0.015748031496062964,0.8188976377952756,0.8188976377952756,0.0,"DIV(SCALED_VARIANCE_MAJOR,SCALED_VARIANCE_MINOR)"
vehicle,Adaptive,7,0.02,13,0.023622047244094557,0.015748031496062964,0.8188976377952756,0.8188976377952756,0.0,"DIV(SCALED_VARIANCE_MAJOR,SCALED_VARIANCE_MINOR)"
vehicle,Adaptive,7,0.05,34,0.023622047244094557,0.015748031496062964,0.8188976377952756,0.8188976377952756,0.0,"DIV(SCALED_VARIANCE_MAJOR,SCALED_VARIANCE_MINOR)"
vehicle,Adaptive,7,0.1,68,0.03937007874015752,0.0,0.8188976377952756,0.8267716535433071,0.007874015748031482,"MUL(MAX.LENGTH_ASPECT_RATIO,MAX.LENGTH_RECTANGULARITY)"
vehicle,Adaptive,7,0.2,136,0.03937007874015752,0.0,0.8188976377952756,0.8267716535433071,0.007874015748031482,"MUL(MAX.LENGTH_ASPECT_RATIO,MAX.LENGTH_RECTANGULARITY)"
vehicle,Adaptive,13,0.01,6,0.007874015748031482,0.03149606299212604,0.7952755905511811,0.7952755905511811,0.0,"DIV(SCALED_VARIANCE_MAJOR,KURTOSIS_ABOUT_MINOR)"
vehicle,Adaptive,13,0.02,13,0.007874015748031482,0.03149606299212604,0.7952755905511811,0.7952755905511811,0.0,"DIV(SCALED_VARIANCE_MAJOR,KURTOSIS_ABOUT_MINOR)"
vehicle,Adaptive,13,0.05,34,0.023622047244094557,0.015748031496062964,0.7952755905511811,0.8188976377952756,0.023622047244094446,"MUL(KURTOSIS_ABOUT_MAJOR,KURTOSIS_ABOUT_MINOR)"
vehicle,Adaptive,13,0.1,68,0.03937007874015752,0.0,0.7952755905511811,0.8267716535433071,0.03149606299212593,"MUL(MAX.LENGTH_ASPECT_RATIO,MAX.LENGTH_RECTANGULARITY)"
vehicle,Adaptive,13,0.2,136,0.03937007874015752,0.0,0.7952755905511811,0.8267716535433071,0.03149606299212593,"MUL(MAX.LENGTH_ASPECT_RATIO,MAX.LENGTH_RECTANGULARITY)"
vehicle,Adaptive,42,0.01,6,0.007874015748031482,0.03149606299212604,0.7795275590551181,0.7795275590551181,0.0,"DIV(SCATTER_RATIO,PR.AXIS_RECTANGULARITY)"
vehicle,Adaptive,42,0.02,13,0.015748031496062964,0.023622047244094557,0.7795275590551181,0.7795275590551181,0.0,"ADD(ELONGATEDNESS,SKEWNESS_ABOUT_MAJOR)"
vehicle,Adaptive,42,0.05,34,0.03937007874015752,0.0,0.7795275590551181,0.7952755905511811,0.015748031496063075,"MUL(MAX.LENGTH_ASPECT_RATIO,MAX.LENGTH_RECTANGULARITY)"
vehicle,Adaptive,42,0.1,68,0.03937007874015752,0.0,0.7795275590551181,0.7952755905511811,0.015748031496063075,"MUL(MAX.LENGTH_ASPECT_RATIO,MAX.LENGTH_RECTANGULARITY)"
vehicle,Adaptive,42,0.2,136,0.03937007874015752,0.0,0.7795275590551181,0.7952755905511811,0.015748031496063075,"MUL(MAX.LENGTH_ASPECT_RATIO,MAX.LENGTH_RECTANGULARITY)"
vehicle,Adaptive,99,0.01,6,0.007874015748031482,0.03149606299212604,0.7874015748031497,0.7874015748031497,0.0,"ADD(CIRCULARITY,KURTOSIS_ABOUT_MINOR)"
vehicle,Adaptive,99,0.02,13,0.007874015748031482,0.03149606299212604,0.7874015748031497,0.7874015748031497,0.0,"ADD(CIRCULARITY,KURTOSIS_ABOUT_MINOR)"
vehicle,Adaptive,99,0.05,34,0.015748031496062964,0.023622047244094557,0.7874015748031497,0.7874015748031497,0.0,"SUB(SCATTER_RATIO,KURTOSIS_ABOUT_MINOR)"
vehicle,Adaptive,99,0.1,68,0.023622047244094557,0.015748031496062964,0.7874015748031497,0.7952755905511811,0.007874015748031482,"MUL(KURTOSIS_ABOUT_MAJOR,KURTOSIS_ABOUT_MINOR)"
vehicle,Adaptive,99,0.2,136,0.03937007874015752,0.0,0.7874015748031497,0.8110236220472441,0.023622047244094446,"MUL(MAX.LENGTH_ASPECT_RATIO,MAX.LENGTH_RECTANGULARITY)"
spambase,Random,0,0.01,9,0.0014492753623188692,0.010144927536231862,0.9117221418234442,0.9131693198263386,0.0014471780028944004,"MUL(word_freq_internet,word_freq_you)"
spambase,Random,0,0.02,19,0.004347826086956497,0.007246376811594235,0.9117221418234442,0.9117221418234442,0.0,"DIV(word_freq_all,word_freq_our)"
spambase,Random,0,0.05,49,0.004347826086956497,0.007246376811594235,0.9117221418234442,0.9117221418234442,0.0,"DIV(word_freq_all,word_freq_our)"
spambase,Random,0,0.1,98,0.005797101449275366,0.005797101449275366,0.9117221418234442,0.9117221418234442,0.0,LOG(capital_run_length_longest)
spambase,Random,0,0.2,197,0.005797101449275366,0.005797101449275366,0.9117221418234442,0.9117221418234442,0.0,LOG(capital_run_length_longest)
spambase,Random,7,0.01,9,-1.1102230246251565e-16,0.011594202898550843,0.9073806078147613,0.9073806078147613,0.0,"DIV(word_freq_all,word_freq_email)"
spambase,Random,7,0.02,19,0.0028985507246375164,0.008695652173913215,0.9073806078147613,0.9030390738060782,-0.00434153400868309,LOG(capital_run_length_total)
spambase,Random,7,0.05,49,0.007246376811594346,0.004347826086956386,0.9073806078147613,0.9073806078147613,0.0,"MUL(word_freq_address,word_freq_email)"
spambase,Random,7,0.1,98,0.007246376811594346,0.004347826086956386,0.9073806078147613,0.9073806078147613,0.0,"MUL(word_freq_address,word_freq_email)"
spambase,Random,7,0.2,197,0.007246376811594346,0.004347826086956386,0.9073806078147613,0.9073806078147613,0.0,"MUL(word_freq_address,word_freq_email)"
spambase,Random,13,0.01,9,0.0014492753623188692,0.010144927536231862,0.918958031837916,0.9247467438494935,0.00578871201157749,SQRT(word_freq_business)
spambase,Random,13,0.02,19,0.007246376811594346,0.004347826086956386,0.918958031837916,0.918958031837916,0.0,"MUL(word_freq_address,word_freq_email)"
spambase,Random,13,0.05,49,0.008695652173913104,0.0028985507246376274,0.918958031837916,0.9319826338639653,0.01302460202604927,LOG(word_freq_our)
spambase,Random,13,0.1,98,0.008695652173913104,0.0028985507246376274,0.918958031837916,0.9319826338639653,0.01302460202604927,LOG(word_freq_our)
spambase,Random,13,0.2,197,0.008695652173913104,0.0028985507246376274,0.918958031837916,0.9319826338639653,0.01302460202604927,LOG(word_freq_our)
spambase,Random,42,0.01,9,0.008695652173913104,0.0028985507246376274,0.9160636758321273,0.9218523878437048,0.00578871201157749,ABS(word_freq_your)
spambase,Random,42,0.02,19,0.008695652173913104,0.0028985507246376274,0.9160636758321273,0.9218523878437048,0.00578871201157749,ABS(word_freq_your)
spambase,Random,42,0.05,49,0.008695652173913104,0.0028985507246376274,0.9160636758321273,0.9218523878437048,0.00578871201157749,ABS(word_freq_your)
spambase,Random,42,0.1,98,0.011594202898550732,0.0,0.9160636758321273,0.914616497829233,-0.0014471780028942893,ABS(capital_run_length_longest)
spambase,Random,42,0.2,197,0.011594202898550732,0.0,0.9160636758321273,0.914616497829233,-0.0014471780028942893,ABS(capital_run_length_longest)
spambase,Random,99,0.01,9,-1.1102230246251565e-16,0.011594202898550843,0.9421128798842258,0.9421128798842258,0.0,"ADD(word_freq_our,word_freq_over)"
spambase,Random,99,0.02,19,0.0014492753623188692,0.010144927536231862,0.9421128798842258,0.9421128798842258,0.0,"MUL(word_freq_order,word_freq_email)"
spambase,Random,99,0.05,49,0.0028985507246375164,0.008695652173913215,0.9421128798842258,0.9421128798842258,0.0,LOG(word_freq_edu)
spambase,Random,99,0.1,98,0.0028985507246375164,0.008695652173913215,0.9421128798842258,0.9421128798842258,0.0,LOG(word_freq_edu)
spambase,Random,99,0.2,197,0.008695652173913104,0.0028985507246376274,0.9421128798842258,0.9464544138929089,0.00434153400868309,LOG(word_freq_our)
spambase,Transformation-Frequency,0,0.01,9,0.005797101449275366,0.005797101449275366,0.9117221418234442,0.9117221418234442,0.0,LOG(capital_run_length_longest)
spambase,Transformation-Frequency,0,0.02,19,0.005797101449275366,0.005797101449275366,0.9117221418234442,0.9117221418234442,0.0,LOG(capital_run_length_longest)
spambase,Transformation-Frequency,0,0.05,49,0.008695652173913104,0.0028985507246376274,0.9117221418234442,0.9218523878437048,0.01013024602026058,LOG(word_freq_free)
spambase,Transformation-Frequency,0,0.1,98,0.008695652173913104,0.0028985507246376274,0.9117221418234442,0.9218523878437048,0.01013024602026058,LOG(word_freq_free)
spambase,Transformation-Frequency,0,0.2,197,0.008695652173913104,0.0028985507246376274,0.9117221418234442,0.9218523878437048,0.01013024602026058,LOG(word_freq_free)
spambase,Transformation-Frequency,7,0.01,9,0.0028985507246375164,0.008695652173913215,0.9073806078147613,0.9030390738060782,-0.00434153400868309,LOG(capital_run_length_total)
spambase,Transformation-Frequency,7,0.02,19,0.0028985507246375164,0.008695652173913215,0.9073806078147613,0.9030390738060782,-0.00434153400868309,LOG(capital_run_length_total)
spambase,Transformation-Frequency,7,0.05,49,0.008695652173913104,0.0028985507246376274,0.9073806078147613,0.9044862518089725,-0.0028943560057888007,LOG(word_freq_free)
spambase,Transformation-Frequency,7,0.1,98,0.008695652173913104,0.0028985507246376274,0.9073806078147613,0.9044862518089725,-0.0028943560057888007,LOG(word_freq_free)
spambase,Transformation-Frequency,7,0.2,197,0.008695652173913104,0.0028985507246376274,0.9073806078147613,0.9044862518089725,-0.0028943560057888007,LOG(word_freq_free)
spambase,Transformation-Frequency,13,0.01,9,0.008695652173913104,0.0028985507246376274,0.918958031837916,0.9319826338639653,0.01302460202604927,LOG(word_freq_our)
spambase,Transformation-Frequency,13,0.02,19,0.008695652173913104,0.0028985507246376274,0.918958031837916,0.9319826338639653,0.01302460202604927,LOG(word_freq_our)
spambase,Transformation-Frequency,13,0.05,49,0.008695652173913104,0.0028985507246376274,0.918958031837916,0.9319826338639653,0.01302460202604927,LOG(word_freq_our)
spambase,Transformation-Frequency,13,0.1,98,0.008695652173913104,0.0028985507246376274,0.918958031837916,0.9319826338639653,0.01302460202604927,LOG(word_freq_our)
spambase,Transformation-Frequency,13,0.2,197,0.008695652173913104,0.0028985507246376274,0.918958031837916,0.9319826338639653,0.01302460202604927,LOG(word_freq_our)
spambase,Transformation-Frequency,42,0.01,9,0.004347826086956497,0.007246376811594235,0.9160636758321273,0.918958031837916,0.0028943560057886897,LOG(word_freq_george)
spambase,Transformation-Frequency,42,0.02,19,0.004347826086956497,0.007246376811594235,0.9160636758321273,0.918958031837916,0.0028943560057886897,LOG(word_freq_george)
spambase,Transformation-Frequency,42,0.05,49,0.008695652173913104,0.0028985507246376274,0.9160636758321273,0.9117221418234442,-0.00434153400868309,LOG(word_freq_free)
spambase,Transformation-Frequency,42,0.1,98,0.008695652173913104,0.0028985507246376274,0.9160636758321273,0.9117221418234442,-0.00434153400868309,LOG(word_freq_free)
spambase,Transformation-Frequency,42,0.2,197,0.008695652173913104,0.0028985507246376274,0.9160636758321273,0.9117221418234442,-0.00434153400868309,LOG(word_freq_free)
spambase,Transformation-Frequency,99,0.01,9,0.008695652173913104,0.0028985507246376274,0.9421128798842258,0.9464544138929089,0.00434153400868309,LOG(word_freq_our)
spambase,Transformation-Frequency,99,0.02,19,0.008695652173913104,0.0028985507246376274,0.9421128798842258,0.9464544138929089,0.00434153400868309,LOG(word_freq_our)
spambase,Transformation-Frequency,99,0.05,49,0.008695652173913104,0.0028985507246376274,0.9421128798842258,0.9464544138929089,0.00434153400868309,LOG(word_freq_our)
spambase,Transformation-Frequency,99,0.1,98,0.008695652173913104,0.0028985507246376274,0.9421128798842258,0.9464544138929089,0.00434153400868309,LOG(word_freq_our)
spambase,Transformation-Frequency,99,0.2,197,0.008695652173913104,0.0028985507246376274,0.9421128798842258,0.9464544138929089,0.00434153400868309,LOG(word_freq_our)
spambase,Similarity-Prior,0,0.01,9,0.005797101449275366,0.005797101449275366,0.9117221418234442,0.9117221418234442,0.0,LOG(capital_run_length_longest)
spambase,Similarity-Prior,0,0.02,19,0.005797101449275366,0.005797101449275366,0.9117221418234442,0.9117221418234442,0.0,LOG(capital_run_length_longest)
spambase,Similarity-Prior,0,0.05,49,0.008695652173913104,0.0028985507246376274,0.9117221418234442,0.9218523878437048,0.01013024602026058,LOG(word_freq_free)
spambase,Similarity-Prior,0,0.1,98,0.010144927536231974,0.0014492753623187582,0.9117221418234442,0.9160636758321273,0.00434153400868309,SQUARE(word_freq_our)
spambase,Similarity-Prior,0,0.2,197,0.011594202898550732,0.0,0.9117221418234442,0.9247467438494935,0.01302460202604927,SQRT(char_freq_%21)
spambase,Similarity-Prior,7,0.01,9,0.0028985507246375164,0.008695652173913215,0.9073806078147613,0.9030390738060782,-0.00434153400868309,LOG(capital_run_length_total)
spambase,Similarity-Prior,7,0.02,19,0.0028985507246375164,0.008695652173913215,0.9073806078147613,0.9030390738060782,-0.00434153400868309,LOG(capital_run_length_total)
spambase,Similarity-Prior,7,0.05,49,0.008695652173913104,0.0028985507246376274,0.9073806078147613,0.9044862518089725,-0.0028943560057888007,LOG(word_freq_free)
spambase,Similarity-Prior,7,0.1,98,0.008695652173913104,0.0028985507246376274,0.9073806078147613,0.9044862518089725,-0.0028943560057888007,LOG(word_freq_free)
spambase,Similarity-Prior,7,0.2,197,0.011594202898550732,0.0,0.9073806078147613,0.91027496382055,0.0028943560057886897,SQRT(char_freq_%21)
spambase,Similarity-Prior,13,0.01,9,0.008695652173913104,0.0028985507246376274,0.918958031837916,0.9319826338639653,0.01302460202604927,LOG(word_freq_our)
spambase,Similarity-Prior,13,0.02,19,0.008695652173913104,0.0028985507246376274,0.918958031837916,0.9319826338639653,0.01302460202604927,LOG(word_freq_our)
spambase,Similarity-Prior,13,0.05,49,0.008695652173913104,0.0028985507246376274,0.918958031837916,0.9319826338639653,0.01302460202604927,LOG(word_freq_our)
spambase,Similarity-Prior,13,0.1,98,0.010144927536231974,0.0014492753623187582,0.918958031837916,0.9232995658465991,0.00434153400868309,SQUARE(word_freq_our)
spambase,Similarity-Prior,13,0.2,197,0.011594202898550732,0.0,0.918958031837916,0.934876989869754,0.01591895803183796,SQRT(char_freq_%21)
spambase,Similarity-Prior,42,0.01,9,0.004347826086956497,0.007246376811594235,0.9160636758321273,0.918958031837916,0.0028943560057886897,LOG(word_freq_george)
spambase,Similarity-Prior,42,0.02,19,0.004347826086956497,0.007246376811594235,0.9160636758321273,0.918958031837916,0.0028943560057886897,LOG(word_freq_george)
spambase,Similarity-Prior,42,0.05,49,0.008695652173913104,0.0028985507246376274,0.9160636758321273,0.9117221418234442,-0.00434153400868309,LOG(word_freq_free)
spambase,Similarity-Prior,42,0.1,98,0.010144927536231974,0.0014492753623187582,0.9160636758321273,0.9261939218523878,0.01013024602026047,SQUARE(word_freq_our)
spambase,Similarity-Prior,42,0.2,197,0.011594202898550732,0.0,0.9160636758321273,0.9261939218523878,0.01013024602026047,SQRT(char_freq_%21)
spambase,Similarity-Prior,99,0.01,9,0.008695652173913104,0.0028985507246376274,0.9421128798842258,0.9464544138929089,0.00434153400868309,LOG(word_freq_our)
spambase,Similarity-Prior,99,0.02,19,0.008695652173913104,0.0028985507246376274,0.9421128798842258,0.9464544138929089,0.00434153400868309,LOG(word_freq_our)
spambase,Similarity-Prior,99,0.05,49,0.008695652173913104,0.0028985507246376274,0.9421128798842258,0.9464544138929089,0.00434153400868309,LOG(word_freq_our)
spambase,Similarity-Prior,99,0.1,98,0.008695652173913104,0.0028985507246376274,0.9421128798842258,0.9464544138929089,0.00434153400868309,LOG(word_freq_our)
spambase,Similarity-Prior,99,0.2,197,0.011594202898550732,0.0,0.9421128798842258,0.9479015918958031,0.005788712011577379,SQRT(char_freq_%21)
spambase,Adaptive,0,0.01,9,0.0014492753623188692,0.010144927536231862,0.9117221418234442,0.9131693198263386,0.0014471780028944004,"MUL(word_freq_internet,word_freq_you)"
spambase,Adaptive,0,0.02,19,0.0014492753623188692,0.010144927536231862,0.9117221418234442,0.9131693198263386,0.0014471780028944004,"MUL(word_freq_internet,word_freq_you)"
spambase,Adaptive,0,0.05,49,0.004347826086956497,0.007246376811594235,0.9117221418234442,0.91027496382055,-0.0014471780028942893,"MUL(word_freq_free,word_freq_you)"
spambase,Adaptive,0,0.1,98,0.011594202898550732,0.0,0.9117221418234442,0.9247467438494935,0.01302460202604927,SQRT(char_freq_%21)
spambase,Adaptive,0,0.2,197,0.011594202898550732,0.0,0.9117221418234442,0.9247467438494935,0.01302460202604927,SQRT(char_freq_%21)
spambase,Adaptive,7,0.01,9,-1.1102230246251565e-16,0.011594202898550843,0.9073806078147613,0.9073806078147613,0.0,"DIV(word_freq_all,word_freq_email)"
spambase,Adaptive,7,0.02,19,-1.1102230246251565e-16,0.011594202898550843,0.9073806078147613,0.9073806078147613,0.0,"DIV(word_freq_all,word_freq_email)"
spambase,Adaptive,7,0.05,49,0.0014492753623188692,0.010144927536231862,0.9073806078147613,0.9044862518089725,-0.0028943560057888007,ABS(char_freq_%28)
spambase,Adaptive,7,0.1,98,0.0014492753623188692,0.010144927536231862,0.9073806078147613,0.9044862518089725,-0.0028943560057888007,ABS(char_freq_%28)
spambase,Adaptive,7,0.2,197,0.0028985507246375164,0.008695652173913215,0.9073806078147613,0.9044862518089725,-0.0028943560057888007,"MUL(word_freq_all,word_freq_free)"
spambase,Adaptive,13,0.01,9,0.0014492753623188692,0.010144927536231862,0.918958031837916,0.9247467438494935,0.00578871201157749,SQRT(word_freq_business)
spambase,Adaptive,13,0.02,19,0.007246376811594346,0.004347826086956386,0.918958031837916,0.918958031837916,0.0,"MUL(word_freq_address,word_freq_email)"
spambase,Adaptive,13,0.05,49,0.007246376811594346,0.004347826086956386,0.918958031837916,0.918958031837916,0.0,"MUL(word_freq_address,word_freq_email)"
spambase,Adaptive,13,0.1,98,0.007246376811594346,0.004347826086956386,0.918958031837916,0.918958031837916,0.0,"MUL(word_freq_address,word_freq_email)"
spambase,Adaptive,13,0.2,197,0.011594202898550732,0.0,0.918958031837916,0.9232995658465991,0.00434153400868309,ABS(capital_run_length_longest)
spambase,Adaptive,42,0.01,9,0.008695652173913104,0.0028985507246376274,0.9160636758321273,0.9218523878437048,0.00578871201157749,ABS(word_freq_your)
spambase,Adaptive,42,0.02,19,0.011594202898550732,0.0,0.9160636758321273,0.914616497829233,-0.0014471780028942893,ABS(capital_run_length_longest)
spambase,Adaptive,42,0.05,49,0.011594202898550732,0.0,0.9160636758321273,0.914616497829233,-0.0014471780028942893,ABS(capital_run_length_longest)
spambase,Adaptive,42,0.1,98,0.011594202898550732,0.0,0.9160636758321273,0.914616497829233,-0.0014471780028942893,ABS(capital_run_length_longest)
spambase,Adaptive,42,0.2,197,0.011594202898550732,0.0,0.9160636758321273,0.914616497829233,-0.0014471780028942893,ABS(capital_run_length_longest)
spambase,Adaptive,99,0.01,9,-1.1102230246251565e-16,0.011594202898550843,0.9421128798842258,0.9421128798842258,0.0,"ADD(word_freq_our,word_freq_over)"
spambase,Adaptive,99,0.02,19,-1.1102230246251565e-16,0.011594202898550843,0.9421128798842258,0.9421128798842258,0.0,"ADD(word_freq_our,word_freq_over)"
spambase,Adaptive,99,0.05,49,0.004347826086956497,0.007246376811594235,0.9421128798842258,0.9392185238784371,-0.0028943560057886897,"MUL(word_freq_free,word_freq_you)"
spambase,Adaptive,99,0.1,98,0.007246376811594346,0.004347826086956386,0.9421128798842258,0.9421128798842258,0.0,"MUL(word_freq_address,word_freq_email)"
spambase,Adaptive,99,0.2,197,0.011594202898550732,0.0,0.9421128798842258,0.9479015918958031,0.005788712011577379,SQRT(char_freq_%21)
